density_200,density_400,density_600,density_800,grad_200,grad_400,grad_600,grad_800,dipole
13720.820816163134,13131.85333487996,11043.89287759443,9720.272776999273,250.35687844784007,119.95550843308312,53.93892092999826,35.411940532512354,0.5784683968512235
12101.953907987981,8953.544179330307,8524.460967455045,8604.771260322146,196.88645201415858,35.40681283966221,50.112603455944864,46.55250011219363,0.0083291903999763
12059.56592784712,8048.818274975835,7495.092303439484,7846.6684294260485,200.54534804113266,62.33182487872514,56.65108775052947,49.916711306965766,0.003765440558153
12079.837950143727,7479.385440794193,5671.408318242288,5474.565400993601,199.38539260421103,37.147359069390205,12.300670550156728,24.999359475805864,0.0573366733411
12058.881918681935,7463.309554514126,5529.733624960585,5147.816193151434,200.46314830203045,38.40352172609919,18.35982906901644,25.28525763296518,0.0140576964341433
14594.802323454853,13743.985440391049,11243.190739859496,9711.247873083536,129.6932667206073,86.03748860341976,43.74175009397433,32.49760446168542,0.0420429452535654
14583.097653628844,13747.607830060126,11557.730938242576,10511.196685358573,130.15031943225986,85.42517564803269,30.841017919499247,15.060155681376374,0.1993301927945656
10447.944916781084,8970.977388011683,9360.268759686212,10202.451322399364,180.84810982404016,89.52163703324298,47.48997718652517,30.92513644403211,0.0537894169420832
10627.55518325667,10268.475322256092,9549.196492721529,8800.49094778136,200.04825307654625,136.7122912497839,73.45237128346103,44.434678757626244,0.1793861688164947
10611.446549308374,10339.223560070099,10435.477791117777,10631.48342199723,200.36969333312507,132.35080593778048,48.9024626885627,5.710089920657078,0.041058171335403
11556.903348297714,10729.931159020887,10503.36729461406,10906.806565932528,127.36659550612553,18.191075445710077,16.792823973363227,16.175634509162563,0.2220687181880588
7393.446314801473,5286.658453706612,6914.019771506771,8644.065291006125,80.1077384519677,51.97205520678835,71.49984897729622,63.967880522069954,0.0446425770135257
8649.48493005825,8465.056994147122,9754.953982392462,11012.589868068942,118.86610981810784,74.06228540964005,33.099232492733,11.894009398904334,0.2582024972793815
8226.127838606497,8185.617735994415,9327.950250613949,10426.628418596623,93.29570509044689,101.38949844275928,82.19692371005101,57.42093615691583,0.0156498151385452
7389.141299057953,4720.124922235328,6107.641397724496,8591.755884932298,80.43188662773777,17.639997529966124,23.521642248188297,25.071188661199763,0.0918939895062628
10372.933390970837,8297.229837766197,9150.005478589961,10545.670141284856,174.46966089355752,71.61969968290563,25.22692321450646,4.056833919132031,0.4239473046263582
11316.855172334072,13728.424879098318,14302.487306804973,13925.633481811848,163.19677015728,93.38105394413094,49.9369650999092,33.09360471676655,0.0454328584210796
7387.8560726124915,4464.150907701694,5426.706599716902,7343.24668905308,80.5109822225546,24.778016689845664,54.7052919407127,60.78966622377381,0.0287063070485297
10656.994729856244,10235.764679833881,10031.559949031014,10645.416192833864,148.20371520282944,47.31065403797691,26.095469333948472,5.348324023374353,0.4197357183813375
8268.12335033413,8424.084587810177,8961.357813903922,9861.9310843865,92.42563626998813,101.29447031267532,58.36353714995111,29.163771439314754,0.0579164411234866
9033.770054765359,11003.514383638996,12026.236157088442,12585.829233068815,99.75551670926768,116.44056079219804,82.66743072701009,47.61834928003468,0.1293440827545937
13175.559535683193,15704.92085328019,15285.512602236196,14623.097300138823,95.23041593925828,71.67911738819375,24.95362715215933,12.296101311834803,0.0619217587695564
11879.008635413931,13192.908646357182,13669.734903890763,13655.37982591759,255.735695961572,132.49819032385474,66.39421201617054,40.86302706713682,0.0774067170067758
7387.1745184655565,4143.19352011291,3901.4914469924383,4896.61137588901,80.5742739990955,12.741641177086258,19.808855745731368,25.453198583636453,0.0844618984369492
9526.643858040521,10567.179986722736,10382.010035146923,10758.971411835157,64.85379365863346,39.61208465596905,18.93749000064698,6.895254300155338,0.0009096459055114
14117.070073200974,14569.072380425672,14426.677239995188,14200.664158663336,264.15063758555505,120.65920305581834,56.054656799702705,27.308197913216205,0.2108352220628842
15815.155298699996,14786.939920280938,14351.829385703675,14060.947544034128,199.02307846680773,91.01283141756659,47.589006998980196,28.719483892499827,0.425881067275991
10354.865649992094,7238.390481936321,6266.45354114602,7045.93706630148,174.38548871323349,40.30590446829491,16.17115534396193,6.502237562710424,0.0740381288603715
8594.644206266888,8179.734735173347,9392.392652822413,10796.659567519097,111.22773048955837,57.08705929957817,22.048788654719907,4.303711511341123,0.0274931928346702
10354.865649992094,7219.430995255222,6388.278974433094,7083.689702062582,174.3854887132334,40.99392132164682,10.48567296028364,2.6855034871166095,0.0059912930139959
7487.721494250698,6949.129704881847,8657.694410901982,10061.009603224918,76.66090831143256,54.29446795525663,65.14452435450161,53.4115641042549,0.041019987365335
7387.1745184655565,4281.179414544212,4492.920544511903,5448.255129342026,80.5742739990955,12.945279836070899,23.31095330139513,26.05766824982705,0.0503905569199507
7502.575426687748,7016.174745203702,8917.735175243897,11092.807510986328,76.22903394142145,60.72867738159095,54.30526508552923,40.38888472781864,0.0879098644352503
7463.298451984934,5532.810326479444,6728.775451300628,8506.902645658036,78.13419033028076,29.48389377651997,26.08460779858304,27.132529559340924,0.0813348449030612
13420.709211547508,13174.997093533577,14144.750885231257,15035.630946110374,208.90157871758643,103.76852943296356,67.41895361339796,45.83935690456533,0.0861544081212708
12970.24211273266,12682.391316428648,13356.937161077247,14289.195256012332,222.74046219079153,97.91202288192125,71.25574158254986,51.20104209750097,0.0543351185957746
7580.527547379921,5569.062301993021,5560.6013834812475,7333.648092831924,76.71350952971557,44.77379733720094,25.432755945377398,10.109928630451169,0.1485233954442891
7409.482007461492,5488.852466442909,7194.013888289937,9877.576368780705,79.3690899814148,28.329586560465156,37.88377026341808,40.34436542413073,0.0345083275334339
8802.713700894388,10966.05265231344,14169.574196326506,16106.128879123806,122.48978102450657,122.44766406522324,94.34550290760878,61.3846931033532,0.0
15236.28079840548,16473.93834304237,16525.524833236217,16573.975711131545,164.36498886720898,47.49006855678737,51.824387752911825,41.95078682073571,0.106764009908422
7577.169181137498,5790.67784653746,6298.853222617424,7706.289132326933,77.04540360256453,36.99136120095105,14.464430415198743,11.37264904454885,0.0137760157900353
7392.701475818079,5339.6233108008755,6730.978374645733,8360.746892616527,80.12817657483393,35.068807173678096,40.67853402910317,38.991290002866975,0.0339515110711559
17147.02550386442,16479.274951017793,16656.27480474099,16792.917495926733,130.6573407761867,69.36162373815792,61.86158958694446,46.30560282177037,0.373417639347363
8606.527688340811,8515.87644767824,10962.943033032474,13930.918262759422,110.94816995975677,61.56848252672634,50.22747748573609,50.14147592953735,0.0226013200838996
9961.195695286282,11338.025884068347,13440.681951507455,15961.081179673043,69.91456687057315,54.70862526241659,55.47278378361551,48.907355834061384,0.0649263736576153
10529.276935822762,13547.450674549982,16013.281290011268,17706.51062630522,80.05573494895319,51.294306743287116,47.344596802916215,29.89968453015359,0.3174259978863115
14084.333513330557,15201.794697053208,15960.032640044776,16604.481723424225,248.6104495436718,115.15106203168872,82.15061835217207,54.61902228822953,0.2918195576145913
7391.481989227323,4845.04689258383,5970.454648835358,7466.5681652801195,80.24881279229255,13.17572566268711,17.962568110766007,25.613061205292997,0.024736048344764
7391.387157038281,4515.722951730618,4040.000019280071,4502.031270583226,80.2606010643946,24.18959218721854,27.064389150731262,32.768427151643834,0.0089384374793117
9884.164253429331,14294.502083410634,16553.133672956876,17961.948065165867,58.592568005983374,91.62231701973246,52.45647301620469,23.315974456428446,0.0374630245584343
7394.283284851429,5230.789421387811,5992.999831960338,7053.935352200598,80.02460926019583,48.2166820453122,54.40635016074756,51.550316682023215,0.0630192739843438
12086.714719833031,8751.878467957546,9463.710931661493,11248.095805779425,198.71595105253695,26.825766222167033,10.05695310754054,33.49266421941319,0.0229186849693694
8217.613599873072,9099.481410361414,12691.677608394757,15928.287581155782,94.94931360991238,102.51607682437718,76.60527869368764,52.07227333510292,0.1237748270292734
12061.546049798517,8488.885750418944,9484.366782691437,11531.40147008669,200.37878391836944,41.31330852642534,10.697643412776232,33.09127763503376,0.2296194498755927
10390.493945578672,8517.583311839138,8862.664119863106,9978.574057658847,176.25412678284187,80.70720592951619,43.54085289507242,26.720217332272803,0.1085284591888843
8779.99323431559,9026.886426377889,11632.281737706817,15176.516895954877,121.6033997054998,78.32440679516903,32.71946671416305,27.31162047398412,0.1371202952048964
9768.211113842955,10071.532941066402,12756.141726068932,16358.441991901953,130.5830339790081,61.10279560625925,17.999024920246782,19.424577759062977,0.0017038794197236
11120.255134453282,10151.818416912845,9915.453585643934,10674.21053718456,125.67851336582768,21.636025486435113,22.658868428859236,19.883189835210512,0.053168616223232
8156.131390503701,7601.8720446032385,8999.87595485131,10297.997969589267,93.21600901471585,79.71273226184125,46.40404534159982,31.99895248559814,0.0220724640624125
8958.227337863626,10602.891726431519,13282.977364302338,16398.448355381657,109.79074426399431,35.58874535114638,14.883340317163055,15.582537694335713,0.1745904847379878
9347.107643728337,10023.58392116896,12665.1635640904,16128.485210192644,138.83182368501082,52.28147131359539,26.320451292556037,22.233071701763357,0.0716537711517908
8888.839378901579,9058.618106253427,11424.970108868609,14699.642963074837,126.38982953810923,73.26272801379311,35.92310376982313,30.548560551053303,0.0540541967270559
7487.95833391606,7308.823978127979,9607.136273882603,11382.361986835069,76.62333843858208,25.97637710507519,22.782833693671144,14.024101901751365,0.0098669096194735
8151.3786954795305,7225.899244686886,8447.290760593525,9873.103322614077,91.05623005867949,72.09869181569101,47.87266389064961,44.35646186677571,0.0344847687411101
7605.1444563564,8128.076650813949,11885.106636445338,14958.068846991586,75.17516451681027,38.39990047897124,32.62143312552842,29.709011110768692,0.1805990186999867
9330.904119263014,10118.141349694097,12917.237280731772,15818.786798592235,139.56640870596942,44.59628157833438,23.87457235777127,21.794192406853295,0.0503757983306988
7721.59044004407,8099.91992117169,9485.75173927637,11249.79230598743,71.4782631288645,68.47032134037163,47.24491728131126,25.46505392396653,0.1323965939683734
7583.643730361302,6741.764690857872,8453.177076389624,10797.128801690833,74.3593677450596,15.551173490619163,7.7753042788011815,11.984809508625638,0.0708964355434111
8914.913916920179,9321.408839377442,10049.43049662301,11414.07490506394,64.05312767412744,22.275762363279775,11.03888375274233,31.958080448932982,0.0068754930743843
8157.068181869947,7729.573393670519,9629.698671210359,11904.131386595058,90.30355927182696,55.172388769735555,32.52076981786335,38.99041177566713,0.0650219503671752
15239.236603426982,12407.881610532631,11540.196096108724,12377.33078151823,302.2160265107818,35.90200294253518,11.294670006073684,19.192122375144034,0.0200793879690954
7529.9248215859425,7009.25896814636,9314.399544805983,10964.131896323928,76.17942531291934,18.3639220981586,11.699075062788273,20.250248210086184,0.1426360956538981
8702.059128647072,7903.906574492005,8050.36496384047,8802.369947182451,102.04269227801451,14.332731240399053,33.0197234122768,42.443342401827444,0.090740943015209
8571.661231194052,6593.367282098083,6056.547144836769,6558.360204637754,112.82429588968024,59.6141805526134,47.88118212546789,48.16954756863955,0.0182612163759984
15067.442578412476,12238.325822210449,12820.704932681061,14209.594104215676,319.09104967430363,58.9343038077623,30.171864514483183,45.22690860169689,0.1184815736367084
15049.564139404702,11337.488171117071,10939.024092902144,12165.864879320437,319.61902163356956,88.0972563104093,39.357429808862946,32.48990723723968,0.3832405460355815
16749.961860634863,12030.680121147743,11031.55899200495,11890.240509628564,264.920070746913,63.76656915952567,35.42245792476008,29.597898289476028,0.40687108849107
7603.086858813378,7154.039606530313,7846.716673910283,8210.097212041472,75.1652379092363,25.816784828958596,37.083073985318904,40.85958885020481,0.0688327068076952
16828.76770060317,12592.596776912967,11978.669108647351,12978.81930356232,258.89447435660975,50.908122365778944,45.62458463898526,55.1403987519404,0.3420347622561347
15135.33667181129,12388.561573219147,12023.114196340472,13108.42334843309,314.1895735084503,63.034504089419215,43.85475103870394,53.75954473798334,0.2318335298847278
7560.374801350076,7235.95373013898,8506.491460565696,9877.471846526376,74.9244434101322,43.6905370605143,11.70165527555058,24.535747964021493,0.0173278522156909
7578.813763080235,5504.799656107842,5126.500245403603,5316.116401318767,76.88324696845969,46.38100898653011,42.22916605696629,40.382112256802934,0.0
7585.277150115525,6935.399706017204,7379.676969584958,8361.78219453107,76.31223799480148,95.2359424138776,74.4467254281936,67.54332785605324,0.0234766753800745
7387.1745184655565,4213.84329078882,4636.133764792798,6276.127424254302,80.5742739990955,13.582320889096517,35.597061598601364,46.00024112468828,0.0550787062151066
8658.389349039422,7612.114682695487,7139.233353614344,7534.0208288576,112.20368170900801,67.54639457351067,37.33561409561457,38.280459930262644,0.0309792804252122
8647.375792738076,7590.785704056936,7037.814148717898,7261.766709351401,112.78441922426565,70.13835593743153,44.25263465279955,42.132010975633975,0.009338995086129
7585.255250101169,6713.993572369478,8151.082541291804,9259.660627131143,76.47377658343933,89.4267478912777,86.76741564393126,72.16309861503343,0.0398705260218661
7655.704210167863,7517.11051911751,9445.516845082124,11104.93489291999,75.93154579279708,84.28645030335008,68.20632389922356,56.65267660737085,0.0742773520269295
11994.049815454602,13385.926511942245,13016.01204133559,12682.850378688798,211.16209993715566,120.21610568988703,72.92036674147668,54.76156483412373,0.0
10477.952150153184,9374.723008996141,9896.884067067525,10498.225930757404,182.1980000027062,114.12209581673292,83.97191234451044,64.60036816762391,0.0
11391.405791445397,12414.193151952522,12600.346760459748,12990.885543907854,176.08128640645933,52.911686937891275,42.87887921769678,45.34145887419451,0.3007660735664727
15312.324707971513,14678.480562431107,14268.628026233715,13901.73337374312,160.35656361401124,79.26213699239334,41.783222039291225,34.26682741580335,0.0464539451343702
11301.688681833548,12234.694758529069,12403.189064635553,12517.917540117176,146.54322259984596,100.2212096868977,64.14277626955844,48.38356792327228,0.0
11289.583122151531,11846.958200394074,12739.944086710117,13748.630417336944,187.55180477210104,74.82367369353246,29.77835230759706,26.932495723940654,0.1504403412902798
8902.8909066497,9182.2130823699,10888.528657937532,12848.457853084186,97.8860758767343,64.69256536460841,36.35368764144492,25.710692770244556,0.0363336635525495
14159.975141407409,14925.829844351201,14638.524826146757,14451.702640600326,173.97845239668328,47.74839000514569,14.8328956742646,10.304492410414381,0.0968364975092357
7387.1745184655565,3975.269185211514,3204.532503982083,3867.682931466682,80.5742739990955,10.987302131859057,17.400147262940234,35.17689538431766,0.0
9730.081638086729,12387.38872141787,13504.14050677186,14490.96609476113,82.11559060530179,34.37594244457496,8.869622971298023,18.454136085063382,0.3131790111164017
8385.665218815939,10669.813574328557,12463.499200221528,13808.55390811487,80.68673573834045,41.01188473429796,35.52640937391831,14.985592220327566,0.0349312314296764
8419.826919068219,10147.5710899773,12461.352819669937,13844.709873332378,84.64550424661115,83.19446664671096,55.95141707121012,44.26027553423792,0.3295269832556172
8219.153504762302,8216.370185588677,10391.493655129369,12939.983066337078,93.53432083664731,61.46109723825489,26.381284535800376,10.328371768850236,0.0110900795732595
8771.745011810608,10098.62160861011,12200.809486821587,13869.650659074818,124.08610589769185,134.48335047726513,78.09903749847511,29.37448599202046,0.0134256121523137
7408.775146083843,5488.725273629579,7097.951763213338,9140.283866091031,79.44240383863402,31.85892804626234,39.52352261319469,48.07198989748808,0.0
8913.547524533791,10615.401001011147,13058.522657093883,14923.909120575388,97.29191255926658,72.10390442878848,32.505708885570925,5.579864136527904,0.394247878152096
9046.795371022587,11169.841387080469,12371.120637078435,13324.861409430405,115.34568949750901,103.66294855634263,65.66425706413085,49.521045384123944,0.2104225706201337
7483.116956385171,6040.371351038912,6666.115278842606,7899.835254205768,77.06681059754384,46.06128122909703,53.47320750000903,57.71270555613006,0.0757882729964313
7510.563424479391,6231.733200000763,8835.38972743953,12017.35499558402,77.2865227803283,40.418953377563675,25.555949139770117,9.844906586156844,0.0192463130586168
12738.05769647937,13136.33044680353,13234.04099940488,13851.433989527024,72.40353095696413,37.46749916229355,38.72986426348069,34.80316053839073,0.1206258512822378
8864.027951120614,11205.449771634107,13398.74879333111,14730.185761363888,126.69439590154624,98.88537977234277,35.37825887299207,11.578637111877601,0.0958396049883499
8146.385075767635,7019.083807513973,8174.153406749998,10949.36611075841,90.9461198440821,35.770936338905884,6.547130749766011,20.011009216338877,0.000420540737757
10629.087207701628,10993.499628640682,11736.492073939058,12801.22174786112,178.38950901583905,94.02199663228083,62.592191677738704,44.244201822288986,0.0271916531764478
7654.86792246195,7325.659789966709,9594.979524385524,11706.761246508153,73.33329290749067,36.0442468251543,53.10571829015992,57.777083876262814,0.2007113246828289
8159.248764307842,7030.068872753389,7704.930712065572,10226.989489755026,90.40544143105535,49.70425244087836,17.148049501339415,13.946096590739486,0.0
7705.405453620432,8287.997204878837,10512.896078109658,13092.347552374616,70.50681240623037,48.43620257936576,47.017341171497264,33.70851848195038,0.0273122684859086
7797.311321505068,9644.6543824482,12721.340419313428,14951.747399637545,67.5651557952118,33.22426596276084,36.25187317145561,37.76656205147735,0.0660016739447051
7514.018494165579,6874.0328641224505,9543.638369366055,11892.822999612843,77.1235185315149,63.45328610211769,43.72186816383097,29.412874220069522,0.345701098701402
8153.390617713001,7738.018895542895,9878.262226180876,12378.837981147755,90.20337558456197,10.672960776568095,32.93973798194533,26.859076787153214,0.059195918565621
7426.6786140791055,6167.3022957975,7655.8217478000315,9574.065729898763,78.55431671210172,13.316221058643482,7.195905529745815,7.161990600296352,0.0068104937468266
7578.813763080234,5929.743611417087,7108.729113716296,9752.213963585551,76.88324696845966,38.308265753607365,10.369324227521508,13.784501170962189,0.0169170136042169
8138.975306272991,6850.480575835253,8280.886643106513,11091.708235570684,91.53308189485668,48.68122326770969,28.471126566797658,21.246699052923205,0.2863628015642789
7623.073243024983,8394.834269452715,11266.767674306475,14270.848960677575,72.89769596059433,74.1732911093163,61.80568694046429,50.19047495321439,0.0376333806056494
7598.010928093468,6471.290221843783,7268.789081067226,9182.036699963975,75.84267157056831,36.69465567743106,14.606694592785724,7.03683333846039,0.0169875096939826
8463.374990211394,11646.035303038507,15472.076582879463,17599.15865885028,73.36399969919398,34.48161352432759,47.366380875927625,34.79007495567078,0.0438033354207721
8279.175710509608,10431.182466257907,14202.744276120131,16042.703548624258,81.77809416313679,93.27752190061382,93.20946922928266,71.70101360528088,0.0460533443709974
12156.9228208878,8650.34000780894,7391.351639078923,7699.967645780481,206.20205210379996,72.90159897486203,45.83443662778522,43.28940859878403,0.0651328565803669
12818.084693956007,9693.779373459769,8262.677586371035,8631.921917134428,155.62994477929405,30.058960386560628,28.290220115528278,35.73093674115082,0.0158990562007008
8234.494852520083,9036.897067098012,11466.041827829336,13238.435043026722,87.93609039002823,119.25376181839867,117.6594391929177,95.52712182698356,0.040882037155027
8212.732821240892,7808.60441829046,8526.696480495126,9958.687655795073,97.36891117461408,69.81621285277309,15.71900019781694,12.233442381209203,0.0284578023038879
8392.81710668159,11132.421516474295,15107.956835977957,17799.268262228426,80.93760780404669,108.55071928509109,85.58247786955162,49.85395189720964,0.0014031109562119
8585.01123413023,7200.079750077903,8298.224479542605,10719.10733417408,111.86821811699775,28.2294618204886,11.683424714166238,7.607837224089839,0.007144833569232
7389.909066750959,4758.569107866366,6834.703989569689,10227.207262111207,80.35458143428403,20.93040429446757,26.131205416113346,24.681158791613,0.1043768054663943
18282.427553169902,17608.809560469865,18494.970501573305,19424.695715068287,317.68279704218577,102.68607718696433,38.127198122747345,9.729854195662636,0.9954471179322344
20939.609015230235,18988.218690873346,18755.549230863988,19111.461300309442,165.48009118534176,33.75975839948761,25.875585468903086,28.96457227430044,0.627022569953111
18715.53595371861,17943.95665429209,17810.73266720127,18063.09981496841,200.55426397943853,93.59069262342449,65.31027613760966,56.791263337526935,0.9573866448412214
13522.172438525808,14777.987638293502,15750.895202219659,16359.772032131488,296.7269060463044,159.85145587177922,103.0167080670783,79.87886581546923,0.9048272021438992
8573.725084982476,7199.026067717859,8450.461064778865,10839.592157752872,112.57592357778944,34.71283748665189,29.49196891858514,20.92041624402814,0.0494123217311894
7387.1745184655565,4430.746191535955,5637.519006534677,8645.093075033077,80.5742739990955,8.879220436216103,10.327370180274418,8.507573093712695,0.043931972725793
15880.488200909967,15954.50582377913,17775.75115484233,19094.433795611483,370.59291897504283,142.52751357515055,47.500839105702184,19.9616936159314,0.1348993379863628
7389.88655927252,5091.109198419468,7197.695393776426,10044.552926693601,80.36146044681428,26.10865492948012,30.928095914159815,14.645216427904744,0.0269677368276656
7400.9894872279065,7042.119318824277,10603.433317383042,12892.979622007599,79.47257749698299,64.70942913238994,68.36628838033343,42.438924212707235,0.1713777347971523
8166.011245797056,7250.623770942856,8754.059219471414,11600.01844052357,92.50444972377781,80.06914455220155,65.031668423381,56.5866304549873,0.0412145038786181
13281.725516802706,11594.195061915569,12402.306614913994,13543.70393051415,279.83976919435514,83.58587559462727,45.514049976678876,30.400961219690075,0.4936695151577802
11139.653785950253,10911.896795588762,12237.574962141442,14214.371418596826,129.04174380180314,51.74875599604852,56.460387956092106,57.05451298491461,0.0106292143528469
7416.193928425323,6964.263149488809,10553.412938500918,13219.566409057432,78.86289977294997,70.53803866093737,94.05200129711939,84.14280790443547,0.193592285234016
8344.813590552558,8634.919860136502,8775.389416474667,9410.340511234253,96.09615519051833,110.69536982217713,71.93256270821263,54.1984683094786,0.034741058807271
12395.161068776017,11158.085384692988,11190.47984828362,11670.282903636426,207.86793627840387,77.26454777612513,29.05126188937227,14.55057544599933,0.0579132653243817
16772.63177594829,12726.27970362143,12677.038289196511,13641.458655757431,138.93241491752514,52.675738817380186,52.41552935661735,35.26567650219226,0.424497803615958
11242.110843586133,12008.260263832155,13262.264589645723,14756.628642660382,121.45544251844791,32.51621530973475,36.8292062501274,49.38080480976215,0.0029937481738356
12906.7399284252,11815.311366807156,11603.476918074155,11943.738958724603,176.9444263152654,52.171655496795964,14.456967223400444,9.501847126710945,0.2224752561055989
13323.257824577566,11903.74478932046,12278.719083983384,13448.134679739978,276.5672183302683,97.14660516072972,68.5191548285259,42.316129099692766,0.741915407807932
9083.730042791381,10124.667945043278,10527.79847936646,10982.582746960807,114.45231781025791,101.00226620971894,51.623193289064176,40.41011624185012,0.0121066401722427
12494.07058290568,13207.11954424438,14205.905928144171,14812.676687263775,211.18914351764423,47.3708680762535,25.08751859550731,10.43584050358428,0.4296772933422723
14020.865898056396,13664.651510071102,13919.509598431974,14560.35818058491,115.60936635838308,21.498935921671446,29.96678129049456,20.0284802167558,0.1697439500011592
9447.898783093491,10340.205764463011,11198.875304974477,12811.173744373295,150.91465491812892,123.08415271981953,77.32859403812274,47.47163395740001,0.189338960359617
11244.494796454643,11563.870568696075,12116.453128676134,13443.538755983642,146.51494120602933,50.30480334069484,51.06532044026254,47.2191422242605,0.1909403164376892
7549.251571761828,7864.715873657769,10467.169355389173,12605.498800238483,75.15804325723094,44.55024084588212,58.23649469526707,57.364733742637966,0.0080094087684811
7408.317052780005,5777.612296646159,8190.765589271374,10566.95839857718,79.50564182602952,51.95506551471504,56.09548557096192,34.50612223556317,0.004055523122927
10479.976355027498,9465.84935564186,10158.657301119425,11851.837242431631,182.1887134150266,106.56184080762904,71.39555899330836,48.38760819697464,0.0410385810928796
9082.925948720916,10580.63220157921,11978.24101505732,13612.815731734616,137.2447697931864,96.67415160177309,43.91180350765573,25.84183744352805,0.4855715485022604
7406.371683478791,5091.834451213777,6115.123273203848,8090.027240944471,79.63974208310853,30.03692441618033,39.42570242318983,45.91720744549362,0.0
12233.670548812428,10093.724936379524,10178.135157085111,10569.895311992019,206.46551678974177,70.87334279329897,24.17210142901734,31.421152055849937,0.7519838523113752
7387.176920968034,4263.678420329305,4866.587876104984,7246.1278622105465,80.57390890953994,12.949643839350768,16.990913432324746,15.201026435613594,0.0111172939518208
12936.071471583971,11001.025420555921,9961.410499468433,9952.235110205049,151.27578770163365,26.51017733216255,28.158066524820843,36.02056298747281,0.2600050955477836
7583.294573145882,7181.224876116864,8803.840352193385,9899.711692583365,76.36977828581067,76.83192829855102,44.01617477380928,32.230494826399465,0.3376405815336242
8155.999842726232,8258.802491110739,10859.135955449425,12864.04546593282,90.16664921069516,38.12431147457245,13.384093192998629,8.877393711752134,0.1196340515516418
8149.099928669084,6723.692935671879,7453.135558892559,9527.160986573883,90.95477045974839,56.04518095105293,45.229981189413756,46.47230770737359,0.045446519870013
8972.540317361672,9841.43266621098,11179.46661279162,12633.453663260916,62.96788278656849,37.02867119071023,24.230294510417753,13.456959323549302,0.1122816098348812
7391.843717373925,5096.05564747632,6757.626811397836,9422.87797875376,80.21540463972123,23.414688958316486,32.11705434810409,18.662566448159335,0.0189455205910837
8216.361797092499,7612.4891203343805,7424.8102712468735,7538.241394663241,97.31627253177486,96.01464303218839,62.94582563717028,50.47234990772184,0.0037872972438298
8895.488919183063,9334.993116109701,10397.832235501817,11742.65156583027,98.43988544074044,65.11060221367696,40.45994889769052,24.435334834208888,0.0808000711173707
7464.940943356563,5774.987547861059,6678.588002184908,7703.336793749912,77.96259703515783,35.78970064280206,34.677284483216454,36.662074115120014,0.0611293921509609
8138.221959469945,6793.510546834554,7658.3280402725895,9277.22428550947,91.73804729693651,54.44000326046138,52.33636115044336,51.362340163985074,0.0179831118497542
8356.21005484193,9686.307071366195,10894.204025080864,11628.557792465825,83.18276398567312,29.200746943594464,29.08221664198122,27.661901763834813,0.0685451732401711
8782.711893219586,9322.319713527353,9548.694417224315,10110.004246672612,122.83458524781476,88.11374638878348,32.48100862969314,12.877482075515072,0.016949577326122
13341.069935778602,11264.62237731358,10322.002301592607,10286.429982363348,130.87153230675105,39.992085046955,10.731171021785789,10.120793567947777,0.0334646834132124
12198.75464590023,10101.222824794004,10017.668727914175,10104.375786049452,212.1967863937526,72.59926080537512,21.730200180753453,15.681183908185353,0.0114789732895065
7387.1745184655565,4051.279142363798,3697.352760163009,4596.1584350379335,80.5742739990955,11.227466061566533,24.361187880826794,33.68590941820384,0.0221473493086038
7462.8890800095805,5331.978319612162,5494.481676605819,6046.632187378655,78.1779942065963,43.72946092741466,46.16828855625529,44.348744960121124,0.0708948343418203
8601.707731394255,7384.935741976495,7641.179391384178,8313.743131099049,112.65294111939647,71.2513812180218,59.2555900187901,55.101573023717286,0.1285510974817735
8691.385170183417,7911.639765094479,7895.957369739011,8555.239123156674,109.78099341522781,69.0467762226028,58.06493423328878,52.837775201088654,0.047447278957352
7558.313378625365,7103.925494461142,7522.897721383149,7957.350719347441,75.72234305079547,94.88611955544384,67.55382253717463,48.94741992444696,0.088876113178684
8149.170628021662,6846.273912909716,7229.280706673089,8088.769346896127,90.95759354856337,67.12096506368121,66.14293322967056,63.49676202952138,0.0514750746424374
8215.306830214018,7948.499648929189,9064.729412640996,10023.046604909527,86.19626710399535,54.86799997647517,62.82438723603103,59.35825952345984,0.0566311508506327
7387.244292603219,4203.292256923667,4396.356401757817,5918.672340502048,80.56633828236092,14.85084015368583,34.61808216893625,43.59637766079706,0.0411935380189587
10546.57559395935,8972.478621729892,9333.415504822618,10419.915174124464,192.6366468275508,93.86783165008575,79.758582457155,74.00693403070073,0.0111276813612923
13323.320253815808,11024.157368737413,11209.677921197213,12133.51351202326,93.91756150126844,37.22255283569728,66.6664903645287,66.24478630923872,0.2007254354204826
10625.358346810704,10664.45733604843,12116.189190874748,13237.917948946062,184.91928850808767,49.34244938761128,56.47411389588375,55.494292527867664,0.0537747805816345
8668.43767534788,9353.86330964966,11481.357251834006,12631.953106478653,117.69192438684283,78.39901157217605,63.430643995767724,53.015806315597914,0.0443026142580836
7740.256230122108,9354.147300299821,11875.824956487782,13074.169836509056,71.13297752255468,20.475574761638725,35.60438206451224,35.101139591551664,0.0
8159.248764307843,7137.782305363493,7978.9739038604675,9741.516822411915,90.00534162126638,42.74086736099609,47.09496139552604,49.5527482205788,0.0380440892535068
7661.969808817143,8193.714646879425,11060.246601338426,12778.508125894765,75.44911496651285,88.88430036802053,77.11025723049259,63.525638101633525,0.0236767100438227
7394.109791967738,5158.439426610316,6310.769641894483,7826.922860955611,80.04230994389191,41.47991794416578,66.5255153207193,67.96557625095461,0.1425460660179257
10430.65181639555,8560.16757915354,9171.560959634611,11162.951461335568,176.41762923662714,66.75693046716476,45.26283410559094,36.74146797253759,0.0303583472032987
8144.979425891125,6765.48210730172,7530.384097491785,9549.97160501873,91.07302165708232,40.1250186028731,34.98623329117536,41.22526882362508,0.0130725528696107
11576.103601922312,11695.20303600389,13129.125216122433,14061.152551081295,126.72463541547334,33.033654650356205,31.317112180268154,30.93100170781921,0.0437417554348842
10544.793565325333,8972.62721942362,9958.910394736617,12203.72020676673,171.46516363145042,61.3149182572776,45.295214026580375,32.080355462359805,0.1323208175365774
8680.586461025656,9167.352633897226,11194.225570473365,13202.204504683072,110.16983168366015,45.93809771868389,31.018455286402503,27.4848027521657,0.2040999761301931
8727.876765914485,10005.561755160157,12630.627940388787,14494.381020837696,107.62517062096099,18.05364834377135,30.894917805043494,24.622063898294606,0.0121845424436376
13531.909357276363,13072.352224066977,14479.902598249048,15600.96468492368,212.37441613934106,42.38853720637264,11.73009984084625,14.369388526697803,0.0306826389593082
10518.494616532227,11387.743044040864,13390.396048265698,14622.157113635316,173.11110034622732,47.96994051308262,15.74447447589367,6.040365083507502,0.0516446437094377
11631.810380779327,12145.032908300038,14046.514934123368,15519.982026023177,234.77351527550246,75.77870427809532,35.697150085723614,21.3701672229007,0.1536788022545803
11681.685281531203,12693.295311955591,14063.878051546131,15117.311484101087,234.81461719892312,59.360628885154604,21.88532502687767,21.763918782100824,0.0146737767936879
8355.22065628778,9213.362273985867,10525.543924268697,11505.251831633512,81.10109729060925,49.117188966765255,60.77426007629853,56.39394901556214,0.0155482881503928
7396.171404749179,5724.59211087742,8323.008837081788,11348.613312223328,79.88975548063512,37.31797853057583,44.99410319060445,37.11949098264187,0.0464287100422939
8664.828513132914,8997.203148829478,10603.42478920923,11320.858134656186,117.92172406514055,55.03303983623056,51.038516741144306,52.85703565755514,0.0034682280638054
8145.74719358413,6765.104162760528,7391.8817152005,8619.46773911673,91.42410526083678,70.23888941706126,66.99531648869103,63.51236131455626,0.0151501010820295
7539.624793538232,6888.222981331058,9307.27077450085,12554.131718130646,76.27666317246927,67.38049986916366,50.23382578343553,29.621600113924266,0.0089243469212228
7723.1617196725765,8930.464807404922,11539.678931257009,13201.015144475914,71.28776048157985,65.02556239734955,37.23124008128921,26.922235458770828,0.0096342561065448
7583.290960094096,7287.9087932646835,10205.472868439925,13249.076021692466,75.36451168318847,76.97641629961873,56.43204063306482,27.141731058003323,0.0010361493744633
7543.15587796402,7289.592753007314,9822.284950898611,12493.35732225848,76.15917856747261,96.5981362590826,80.62563699682349,52.17171037292758,0.0759951222745328
11552.692400978085,9950.022700581152,9674.383762451398,10222.986686654056,128.5372183529163,33.321011472858835,50.70139841414282,53.97773408254324,0.1212747859747629
7583.809096750107,6897.338177020106,9794.724789646978,12839.468566674943,76.56755680388534,54.279571286459024,31.75011808592335,18.196860042678,0.0444599262015454
10417.30845042066,8293.594880380031,7690.927641168599,8255.705328078115,181.65509632704257,82.77459419836384,62.17601545089699,57.19842532043697,0.0499935656313679
8291.494660872833,8937.73272636476,10378.182202162383,12454.346941239119,91.75777512727713,93.46373409668968,51.45220374516477,22.755767224145064,0.0521647465472874
12396.611726505696,11541.294877436378,12579.534205846729,13899.881053121058,174.8716611687172,27.911901856490356,20.526646053363834,16.27565154173212,0.0671547302620807
12163.762205805522,10986.575690809726,12620.889176415885,14136.25571809941,194.7250690311936,40.240274962765895,17.7436627784942,12.316668746641792,0.078903899484479
7852.608413228711,9356.981813657132,11914.519840769593,13999.650258617321,68.22286949661675,12.247564296586674,17.308952897965696,12.998891181339447,0.0088916162342213
8425.397700078349,10059.910648025874,11237.885381621782,12846.787988757362,89.33411605791704,65.96848705786726,42.737923117379054,24.953539064456802,0.1392212019401017
7391.479534209076,4679.19483675865,5557.747103548527,7688.637770293287,80.24918868112086,28.036897762715373,46.7200149678783,54.139613579688024,0.0150133975600123
8586.618527583008,7556.077768459784,9396.359880951277,11959.898947122389,111.65085292741949,35.99760592611052,21.919428873014215,24.335329780242382,0.0195630905561151
8574.395779479453,7500.907609020111,9552.567310835375,12503.52455301217,112.56772245426264,46.862797825635596,25.0491963536492,12.944620781158955,0.0243475950851205
7483.289930606005,6133.869040517278,7971.966891924283,11369.225114934039,77.23846156715663,62.696134417165744,32.44303151517187,6.950514639152392,0.0081175113995514
10565.010058280672,9804.619095458467,10868.642331155595,13081.94200997367,156.6229920975131,14.831220484837289,23.441227092016348,17.489527332954736,0.0431491808503357
10464.885721694443,9101.126224609698,10128.511870248245,12672.447854604543,165.7519770781086,46.6785451091775,25.65478295984526,15.173421479223478,0.0236127074341994
7389.184127571455,5350.943195327246,8559.540261434648,12172.223233021245,80.42767892798926,33.039557469020245,46.99077877188423,29.14547555152287,0.0085120731608325
12910.055940133027,11187.444720030457,10822.345200006908,11755.98025996241,161.04210987313024,52.9860902513772,43.88571752707469,31.465693433245633,0.4870748179418017
12894.208627475386,11015.831832971517,10435.078611092136,11226.967030276091,161.75192664346318,55.38135377136297,48.20784939010886,35.392300657540446,0.1955128225970022
11676.103309947564,12078.570812198233,13144.13778653562,14976.820767609555,248.34192392809456,110.68792423687465,47.58096479667831,29.993832413971607,0.0188706378066476
7509.633287924079,6556.6883689634715,9676.46588463173,12914.243048265422,77.47016925525385,38.059155196653414,7.45480451624393,6.0661294661370855,0.0466191527689239
8341.79966220032,9404.243712501739,11208.739847861414,12860.117999763075,90.1441978492428,69.84311836383654,29.29988694026956,17.960935500023457,0.0971420314942027
8212.037932240133,7865.456076272063,8909.688619684459,10019.450533722724,97.46443835854008,86.62427347342985,59.99380781739077,44.73638135450075,0.4281497674188855
14098.403748377068,13499.893327215254,13934.97436939749,15585.523099475005,255.55795289887988,85.29806952697237,30.94004906865761,24.460122926526164,0.070395652343914
7413.660639441111,6646.206073644557,10236.46396708287,12927.62535570236,79.06996781256098,55.646847150390535,64.336143279883,56.61448049787768,0.0537096313901865
16295.828904027374,14580.354978407559,14527.98464929387,16141.145637691701,138.24712861788592,36.44434819802967,8.560223957367604,15.345086173237592,0.0968581412291216
13049.106135970716,12910.095825756816,14350.066434547763,16380.263062525355,258.84180417502114,102.39483405507235,20.605330681947212,4.619722864701761,0.101098395009874
7785.6215047680835,9949.127008016098,13032.599533259869,15354.045908542595,69.10431126450307,62.11002621168268,46.63122615898596,31.094133323894614,0.0225393804459295
7581.2239333763055,6246.159969596342,8145.551440128111,11344.269004468986,76.6691435664189,47.561660295514734,26.892175197450896,14.306852542275454,0.0427749851066894
8260.788401274069,8473.920200855397,10591.671798022258,12977.697487119603,85.10285858386443,39.29731394740009,33.3510903086891,16.408183800032678,0.1068377447207099
8145.085201543364,7545.599558366497,9716.910821150917,12781.2488062687,91.57708531764594,72.026773648891,54.21956851217524,35.81339147178174,0.0209127556927493
8148.405301652619,7702.985844579508,10198.124164229192,13383.497344642314,90.71171923339146,29.083816248068977,19.90159901586691,10.863436052573885,0.0047993651604716
7511.270266148976,5966.046278257612,6437.309713111631,7240.977095657233,77.23329940459878,44.31827930656451,39.08135980743418,41.67265184111182,0.0317335182297639
10120.807265436297,11852.99656525616,11615.843907579285,11705.462247891779,197.90923340688934,132.8095649501678,71.47506596970814,58.678451529913005,0.0104216353401835
8528.537285256638,10319.607405501103,12478.692200851385,14718.474673132334,69.84244838830143,26.194644008951087,37.33043112228467,29.18985387482917,0.0821137211435843
8791.89209449611,8822.463659651534,9775.968999034032,12548.40612921205,100.77945734875583,49.214384244330525,30.49066415597852,23.060978473771485,0.1056659448114608
9334.262127474483,9599.536158277937,10841.694497375804,13533.262395850377,93.83072340040502,29.56650461295658,11.4363907850026,20.40956508670835,0.050138830631391
7391.269025468302,5444.9998039352,7590.0179057199575,10016.873132588154,80.22854412079394,25.186368509199927,38.813213977445876,32.09691882144429,0.0084901634244957
11981.950668830526,13342.840566104236,13282.795669672361,13777.324097325985,258.99801854111877,117.37030345433944,15.192385116196899,33.97753359451048,0.016000188713608
14213.515818619759,13634.007120657043,11891.534324935035,11257.422102194749,269.75363697096515,117.981143311969,64.20109300479027,57.09204014526136,0.4377565154082796
16534.85397836052,15018.420531186259,12834.83782783651,12370.704091387504,145.3509522613886,47.8460949814415,37.20953609202808,47.90531773042651,0.0429048950203102
10552.84873889504,10273.519693409215,12622.556713006994,15346.982725589647,156.53793027198603,25.636561404197483,29.583602229247937,13.719638598201163,0.0197823606143613
8158.113002945547,8200.97210931699,11369.064751641978,14959.972634925367,92.54474806521883,44.50301961038984,20.967815709107448,34.662494269539614,0.0009654152128846
7507.5739435318255,5658.518942596889,5838.5344238234175,6821.162617668395,77.56921348710024,46.16829133048842,30.005870799876085,29.821691711087613,0.0763330084914231
10360.251451510332,8780.252966246244,11305.696804674493,14726.941007145993,174.2563580992456,62.2720031196929,42.7793608307454,24.874701005818718,0.1945618669126486
7583.418300945762,6972.440163052092,9982.401939051098,13517.040488836938,76.49069880167536,54.274514804161385,42.70935882005184,26.835731709029186,0.0751988120825922
8446.577556724791,9279.643865428856,9871.086526644527,10937.02547597535,113.42017231971973,136.19811907644416,78.26079883546288,58.59842573365485,0.0198989657769156
7601.134307316093,7673.973722334851,11336.013800834773,14893.766382455646,75.56002740900333,30.708350214446195,5.074072873713652,10.710225116677679,0.0081197412311611
15466.020986918178,18944.8525182093,19689.377294798618,20343.541064213492,379.3941424255281,235.92888125109283,118.0234695543461,59.682538478927995,0.3837923567404955
8585.01123413023,7377.030869692475,9257.73687403204,12444.838728970792,111.86821811699775,37.08070461167647,36.314907105693344,41.08542487500544,7.20681552099182e-05
8956.260070127433,12655.689522173658,16618.53996090532,19491.63948043264,137.89476753276907,219.41736051381062,134.45884199263944,64.48222745107499,0.0596740836216603
17813.55679189863,22429.256108528883,21678.333648272015,21531.63071334705,307.5333528048121,190.37380123849357,93.02602873662428,41.783306488195706,0.9231694381243938
20163.67343603736,21767.482170953088,21024.920440286263,20846.26157741318,384.6003048672832,220.05623768260594,117.80690423582121,61.38502181181333,0.4055382098638713
9364.844468797206,10798.485672943209,13222.32537665088,15974.192722247179,159.7249206281039,76.91901752322275,37.62539641494435,20.810310484618217,0.1527204558212722
13268.770184913692,11106.187665599813,12324.086947371503,15518.637060402758,206.76552924455706,86.51870629934908,54.12582132852467,23.267393415799816,0.0793324715577549
23866.233186056495,26233.67277395675,23647.00659810775,22289.945123003006,150.71439555345134,48.97742180192752,34.42704757806758,20.001124005569288,0.278846429300591
22233.270666605356,24037.628829113546,22553.205888530007,21596.928491892137,256.7979013274638,167.1715588188013,86.2038561455298,46.917096912965754,0.7395007537641537
7583.211019742118,6336.444780156838,7292.611123690535,8620.929198476942,76.56404295169953,64.1322318458186,38.01472663991705,27.26819823885174,0.0102767975973243
8653.121817034222,8459.454607367485,9978.505635648522,12125.190794770037,105.26067639861286,29.51557483335234,49.37901369711708,51.58082699231773,0.1812034152095717
12931.3498830806,11891.214033103353,13176.075496524316,15942.83528503175,213.04217248569978,64.84054952355449,47.1290281979567,14.960863105599197,0.0575381138272611
18326.723372882632,23284.307600907618,22795.333065264458,22144.467730233693,214.28212290829674,177.60137463169,75.46953412722473,26.95218395161607,0.1914305613159125
12287.91594709768,18378.612877997297,20230.41621703106,20295.51178540087,297.38780962136667,229.5022974416194,121.58672315880365,67.13141058687694,0.3782244204830453
16243.99349732593,20138.48315809772,21407.848169343386,21382.823686325803,229.42273779090496,199.48978084220994,100.47357733767467,49.127803328352556,0.7191238755259588
10558.74442556948,8891.657377529396,7939.480839535131,7622.735995552619,156.79909576652167,20.944266032193944,27.54090401001365,31.21232471483613,0.0227541646291557
12262.159083048151,17673.178651121925,19788.284535241703,20038.91860695908,187.04141535964234,165.12160041151478,112.98354758788194,72.75461224145029,0.8274055445476403
7484.208788014312,6948.154386309943,10406.896334656245,13355.095504216368,76.88501656327827,31.428342449716833,77.58719567572354,76.45764728485617,0.0582090185866613
10343.534295625583,7649.534999095848,6798.560702235588,6530.416905986484,175.15575706300407,67.80853208147167,46.816278223879145,38.41529901883347,0.0126541895782576
11194.088002553706,11288.002420112167,11560.357466265403,12174.728850480571,150.3646632876319,35.060031660828535,51.053324523764516,59.33410095845924,0.0609316567929939
12842.248575078074,11923.764703582387,13917.353148331758,15280.1486955367,154.90565664938373,21.083867551975864,31.760594496108386,40.77651924265696,0.1580214768444296
12280.630976077793,12137.928114885386,14191.028025063564,15504.292444295068,193.120972086332,18.938051074666394,33.9623879832165,39.00605353914411,0.0877542929559421
8832.87698529463,10967.827376243918,13184.82979069139,15091.370544679357,97.7990753480846,58.357903524731675,48.0449877560912,38.758120637696415,0.0081212219769742
7464.260952082868,5997.505981419969,7329.060314020181,9008.945884102737,78.04335521831321,34.66049099224498,40.05935139211823,47.383702110150544,0.075592827685043
10480.429714633676,9186.406197222113,9319.77881014788,9915.845642399572,181.99305927103612,98.7410439924425,76.64956545960878,68.61573761079424,0.0561923132886229
9088.628287214484,11051.563584657508,12123.159552521814,13043.29009160357,73.4766107678375,63.680480260098065,59.21451067873417,61.08616486181407,0.0067333486614116
8235.545844214259,9707.936912340714,13022.001849130436,15075.374723790523,91.50025363835903,132.1411195497941,131.40112526359547,104.51126950556865,0.1850069269774964
8668.61875302826,9011.46180129096,10653.079231087777,12454.153066225115,108.76836494703787,73.51872398569863,71.96215758887101,66.90393321225316,0.036942000249368
7488.642019551051,7197.034976203752,10097.147088659465,12982.254120850544,76.80427049278946,74.84752538802248,95.96462149819591,94.98390704470123,0.1390698617042853
7467.552121687987,6114.559924328445,7681.102261818733,10253.28388322166,77.81678549423663,43.42178593250828,56.10094184659333,71.11815133592091,0.101051015759084
7539.976458287669,6378.135738122835,6845.8238848272495,8199.323350867613,75.95165232687063,65.68323231779137,54.885923545503175,60.43235754187972,0.0668599739375837
7387.87090446194,4375.631891292161,4334.934696188891,4873.684261266252,80.50896259325445,20.143145376417586,35.860711350613414,38.6760422680518,0.3227837169901735
7389.911521769206,4711.0013683217985,5452.360357094689,6565.7509340527085,80.35420741165413,30.28386599490751,49.94345259085651,46.07737205007853,0.0715975242108305
12935.41744284759,11748.070024902361,11633.040765068637,12239.189284544482,258.484450366038,144.74986204765673,99.41043233499506,80.67567420974969,0.5810119258366163
7657.342022643252,7160.072878563267,9437.373931337288,11778.823893688525,74.85633220475408,54.911166539165905,63.25418844680055,73.06760876218206,0.0421866495704761
15989.106666424052,14623.822504150627,13706.480246986719,13941.427693125925,126.5712451128801,98.2242117198475,80.95972656150852,71.41706414896699,0.3769892757444893
7406.544657699624,4768.139433552532,4277.0446759093,4642.501987562579,79.6190814011181,30.59269363265059,29.363635661657387,35.021909726987815,0.0130345442863943
14844.47019751782,15935.851395693035,15776.051124228527,16089.585743260977,117.54633241298104,49.06638356067974,45.947173078398,54.00402864770582,0.2595657941392086
7653.846911106863,7527.344561197952,10188.128696381526,12746.238540579612,75.2062530063817,41.763908610548434,46.38810942305109,59.47726544319965,0.0299455487858689
9214.908844133422,12581.031700802845,13883.156659553999,14885.306311976383,138.84427755023756,133.56750743133165,77.4508475080363,59.15552784008985,0.4593733967295337
11451.381927074342,14512.60492788156,16559.08340424443,17544.28768480792,150.9254599643443,72.82164476857372,21.96701008517293,33.99904694464359,1.070529517398348
7406.635391270614,5066.831935070491,6180.658067558357,8108.148636168041,79.60715219912363,21.774223697310244,20.83476965435765,43.34225728657667,0.0667384601804148
8149.048389270622,7157.153293772376,7900.706958994157,8507.829719583566,91.129807192374,63.93308663475946,48.0324382864585,35.239773967367746,0.0506476200278922
7488.08582755183,7113.334551349217,8658.471619947566,9691.030675281376,76.83534259846759,49.896278996281715,35.91695846846248,19.498899511696873,0.0260595554118136
8972.20071952398,9608.346600327457,9672.077460123719,9914.144448778552,65.11197288251817,20.74521564327318,19.6407170477747,15.649062675026858,0.0128204571512603
7389.838649582135,4842.858089624545,6610.662174584607,9681.113355471936,80.36363559738874,11.48442891085882,5.853010065798365,18.19960371003539,0.0087674138695505
11218.910561870141,13133.01315238618,16459.953672960182,18471.597254329004,130.85851264257047,24.185834462504744,15.269684696364449,5.101806127389318,0.0460793240895929
7512.269427123712,7305.9132764713895,11433.262591000026,14964.24685210729,77.24266674259273,86.02275097615461,76.31625085805616,54.31914634791959,0.0394284593622949
11756.415050185587,13472.78767914721,16075.937554011274,18255.3240852943,116.17393640469916,36.617624863854424,18.34856758331111,14.242703856852266,0.3003154976962286
10603.179388419618,13110.6324856457,14893.990618442836,17122.245732762953,120.41648977851256,69.01880786622937,43.62849447164556,34.49397452699425,0.2735880260917833
8161.868233070068,7949.341366383166,8853.557830158217,9872.525540205721,91.39619174550919,60.82691643652621,33.099491897061654,13.264045346385622,0.0
8891.499505488513,9575.4303598293,12225.987944759478,15040.01058372307,126.80980920861532,104.55339708322371,55.39449817282794,42.3227822442098,0.171918534029488
9711.00446970584,12180.024331190722,13959.92542632756,16399.410160707223,127.95039363469824,84.39502381341563,48.403772791794815,36.440143666854674,0.0725149648500204
7662.556979266978,8565.778161191403,12347.729494426907,15585.71731832498,72.76656515001098,43.81180230175985,42.02160094554347,36.72632597506694,0.0120839040469301
13277.033679070311,10555.050426684005,9898.493896266411,10758.2637611331,279.8835179205092,62.44778557624078,14.096587714846311,35.97041935848242,0.0919346705127002
16751.614552717056,11217.395285076005,9390.318870791,9835.6364139365,140.13134645920923,28.609357806703997,30.75327887388974,40.54698461928711,0.0504411462631858
13243.368631410429,9961.464792848356,8388.185238494016,8766.44141347247,280.8008063669596,88.44375835837047,50.15256151667734,45.796946510396694,0.2214058301188303
8337.062060209477,7944.707667928756,7575.463870991469,7702.8455551320585,92.32127795453987,87.0534011766001,56.59582970892535,44.6919086191969,0.0689886010295859
7391.387157038279,4728.580328887538,6176.341395036653,9134.866346980172,80.26060106439465,20.614273463077218,6.243825916977151,7.03487820408261,0.3388458832173575
7464.259389209627,5327.599927898736,6475.7454970080635,9365.439102559563,78.02707689693104,38.56350867699799,26.41936741635059,18.348188880312353,0.093132668496897
7582.431023576829,8694.280115201638,11866.994573919024,14595.071928505282,73.20118680414677,62.756441341147074,13.83098436363219,26.03612631963263,0.0918222844631721
7678.596188376814,7985.911680489399,9396.635232432853,11385.346044451186,72.33480586503917,50.74059840248604,44.664663965420225,35.89805697206035,0.1387284962107639
8280.600190376703,8292.847144917787,8198.814380000345,8243.390612629013,91.44173837082266,88.70632130165646,56.26653507737899,47.26466415358806,0.0
8891.984588962063,9387.554108454822,9491.77514670658,10245.959678826051,97.59684305010062,72.72916244815447,35.56876450425195,31.036691537907743,0.0603185794744249
7389.211073195616,5043.649653936283,7364.485293225664,10520.50375596082,80.42397779648783,24.57507050714122,36.66731408622726,35.45988385473163,0.0
12293.438565436307,10460.877547349106,10729.213963031762,12110.512998319364,187.2043052435859,68.81858773180203,47.14282764913657,33.06104568971155,0.1578718685120459
12275.487124163996,10952.857794261163,11265.434613958445,12606.698697619806,186.36154761028305,49.44687178950739,35.71258615258282,28.9053053158188,0.560160222152949
7532.984305513402,7396.264734917682,9899.330390461992,12590.648592853022,76.39298712106958,80.29255114305512,50.489582020375856,31.600896586539665,0.0494305101496452
8712.88530835305,8984.522444806993,10138.89068292724,11454.458116146032,102.80891133118192,44.03280028405308,6.618866696381205,25.966725600484153,0.0744611795458055
12918.163076106845,11525.158716668067,11850.69882039498,13158.639527217194,257.35513072952256,112.7386182928551,38.288939405654325,20.710053860580967,0.5208334109470132
15801.1099433908,13394.060527111182,12266.075275728752,12954.75910027247,160.45221643130765,82.09201074242463,32.96920596829596,23.025873522113713,0.1663014083928101
7550.29338802443,7769.229534442539,10325.970753154781,12676.073340883664,74.96662166558777,16.501587079746727,20.889537771141732,31.19127837566412,0.0001046924385139
15976.688502347146,14309.797492058675,12521.210998258357,12914.795060546634,149.8301674169081,37.11589635563422,20.5756430343509,22.196724116665006,0.0720283428779044
13642.877408378003,12947.068341297321,11680.006126860972,12313.4761255671,226.30505997363335,94.20426826926814,48.49199774421844,29.408072217727938,0.5051507022195616
7389.141299057954,4676.559365595903,5831.518102508455,8821.778707992931,80.43188662773777,15.15108073805553,12.287248420256605,8.77956863866276,0.0
8227.767180227218,7881.963377074252,8245.273387652407,9087.843317414412,97.2191993543927,105.5716294434799,65.68250194876688,41.50686571668679,0.0
7464.955775206012,6023.055161022807,8354.497426431799,11305.243931950406,77.9659946276229,39.97949360741686,17.890527217102356,11.259112573559506,0.119429848214507
7427.778377442918,6704.930662318954,10479.44089322308,14100.312118365815,78.54262318221508,36.1852740742816,17.5079570399026,9.919056730820763,0.1387186002971914
8328.186815549507,8314.141060181018,9576.480470368917,11865.507664135086,104.89514739752187,110.86453708985916,55.16135811314023,26.120504700993624,0.0344140390951868
13584.754229854876,12011.689798859159,10658.555995951867,10174.979610294704,204.34416626413454,67.61490806278799,49.59745843914523,41.34655673928386,0.0584327624768621
8166.4438189700795,7840.675913747856,10126.619016786102,12448.566771015941,90.38979785031958,80.89044681646259,76.75396117012507,64.28811005167935,0.2383653057358456
7465.870944516571,6027.774386860915,7767.188199648901,10633.711831037333,77.93099317137406,36.934314103851285,26.85925577050497,25.11903508642856,0.0
15106.592627496018,12448.389755481836,11264.3769933179,10664.198986124793,158.54226299253216,52.35858738991897,39.69973277514211,37.40616656026608,0.1653163909124479
8286.96692595395,10179.081269116803,12975.297396245236,15078.165157965695,82.89363658376404,41.7867809217533,44.010405425045754,34.68781362422607,0.0514191393635722
7731.276052548886,8038.571726445308,10021.918390026975,12592.227699853931,70.06705631569173,16.992701118001694,29.642112091670732,29.562930048857197,0.0747002158924289
11191.972323026639,11764.263222646716,11837.54980349172,11560.934046441713,224.36522933613534,57.9154728600534,11.331839533787187,21.202926948803174,0.1754058064921786
12102.344416442784,9236.904644191278,10495.5398242462,13208.351672839086,200.76510471787378,85.90154292983053,66.91091137994587,44.30007337977336,0.0896453544762234
7409.598372056088,5885.317968809743,8683.893040618459,11501.979660915391,79.3625385842192,45.517838255409664,39.17001492263811,18.905907100594046,0.0
12260.499898368062,10485.3428773902,11769.166974821352,14191.109398305134,186.0512575673708,58.13031849877567,54.73733271093415,38.95220966203759,0.0631741852277686
7854.077557824611,9635.246032724453,12462.217889687387,14593.830224249581,67.5802098155012,54.493021237206904,36.37299091032133,26.8690728594088,0.0709375304434399
13905.488977010016,15504.635734281097,16276.380814332746,17261.214029606082,235.7150058078255,85.48538910958881,44.29753578584638,22.094770771539302,0.0826170746526609
7543.15587796402,7153.025308541897,8513.56988599575,9629.924957372168,75.38555833089869,76.63423046554401,69.41788825082922,52.89039438287814,0.0506014881381727
14794.384079822135,15976.100964532252,16481.369824255453,16733.126578870313,232.89044890425134,110.48173297320524,64.2751365274176,49.75554926644608,0.0
15214.624655865913,16266.910119976708,16780.3034815176,17670.459231600653,161.32798610288975,77.52761144922356,42.60223389338417,14.044731088926975,0.1563850659779972
9328.374252546755,10414.060424734822,13374.970296702397,16431.08759042663,163.1655177917166,137.66586139107022,80.7138463462451,36.71133675933712,0.0177933943143784
12118.998564322294,9523.646186814263,10765.618450901185,13778.292261393317,198.25544193649736,72.04867584500471,45.74217080878011,16.570615164602483,0.050444957150306
12141.364504300192,9997.906807921276,11303.390998955736,13997.904497891628,195.8600423458195,65.03690146544653,46.80870550113345,20.75989404014203,0.0553172754426768
10770.897345522799,11820.481975541481,13813.008620288589,15766.705093039875,151.56447401674797,35.03344450523722,6.706197065977678,9.202721233459897,0.131247235316016
7483.798510532107,6634.617668880245,9101.36711657398,11576.109773855713,77.00876684458474,48.378809927404994,27.514527083514427,23.492845182945235,0.0
16056.24096442162,16672.22419108859,16994.360391700182,17044.37395028525,137.89275890009978,53.36424971276314,45.30711313500375,42.825992474876976,0.0
7507.788112812201,8307.56969129598,12298.70209238718,15281.01568730662,75.8959723221333,54.753217360616695,25.341278460360833,14.325061441417873,0.0
10615.732395993156,11173.98316099908,13457.412915137886,15682.02742004514,159.30462236852875,38.44752189724589,20.727635781821547,10.675599609558073,0.1168164473135621
10360.34544510697,8608.354785100631,10356.838106127001,13184.235371393335,174.79696457431493,62.5527863732805,36.50387645760112,22.82698655102524,0.010567747658686
12445.316498819528,14684.740006633423,15517.27401747103,15695.695445647045,169.13509666922502,101.36072290906317,80.39236232281712,64.90195223281464,0.0520164411783109
7587.305141348068,7389.312473125203,10368.484677738797,13772.746272365126,74.07829239765658,18.848762678654513,4.890203427506139,7.014856554854529,0.0262581688153957
10494.917419501255,9690.95398800736,11093.548793613618,13708.800486746655,163.84041389684617,20.22305605872488,26.999550598208653,16.66280146086184,0.0457682272082319
7412.884731177576,6319.987948879534,9665.250261605672,13644.877779218481,79.15552059015738,58.616517118549986,32.49840631461986,11.105299796850748,0.0178267436042239
10492.189343110918,11398.223761934018,13125.266207910072,14825.716877104718,164.25838344929812,35.02294312841433,21.92628367379778,15.786939328872768,0.1129359831352196
7675.155797669944,8285.81362736587,11256.72496555237,14298.18349409152,72.70959037604361,50.25785477229524,37.20137474980864,25.661170292612397,0.13912857819572
13439.840384350899,13795.12983550566,14425.871776671065,14645.374252207546,134.0192749053501,67.11046414524321,74.92392049993668,67.48450077513246,0.0
10604.410643467361,11245.51362995385,12851.615188117721,14669.417752640042,155.5715978633765,37.034511722626185,29.543629557565023,23.90639631524505,0.2705505692515482
7589.980934011572,8146.700094104417,11724.321738368264,14755.773769678604,74.87501329715532,62.59397243901935,33.44389114157746,27.334512382695383,0.0321348049577779
13017.569548161971,12841.5401970407,13212.14525475813,13598.65770411709,162.4413579398691,83.2796475894433,81.05143551000349,72.11393227379835,0.0
7435.909624624167,7383.581520122458,10598.86909092943,13478.345540672175,77.8550877534257,24.1647191772334,30.304830163689918,39.60352991759014,0.1138670077490239
12126.032019674753,10813.597905165967,13003.47392882146,14608.537505116776,197.4808236849374,35.54083436669771,18.79287875081253,4.483030641125983,0.1504179331468184
8237.286863915955,9289.881808138485,12141.64860510049,14054.804013202964,94.62081824318795,81.1550895608456,55.03756361263777,53.124680704200884,0.0247396777611137
12163.042572943976,11220.499569648638,13288.751523205781,14545.291431077056,193.94911092750237,25.12511091620039,15.808461601039136,8.894113454997015,0.1188407775855204
10366.047435424918,8879.670443115658,10142.532470357637,11537.21215525246,175.18325724308775,91.87916497626139,74.34062304161615,58.70515522447099,0.0721786790099822
8967.805359720725,9797.402382185519,10697.153427580672,11746.652935302833,104.56681949344451,108.57697439424749,83.6881245641503,73.51291153239163,0.0742302515664285
7588.614239907969,7483.888822799114,9586.161425624232,11885.227584335089,74.01411235244589,43.90120571407808,48.695607778305295,47.717321745167624,0.0493158085818504
10529.654084579832,10938.499717729706,12082.253441585754,12702.132036954567,162.79104527413824,32.879579737117666,52.445949118495896,46.80362662990196,0.0322033506675211
10375.172580592407,8379.75639853357,8964.496737816045,10920.246369873392,174.12342838947916,49.85232646617879,16.66127236289945,39.22546333693722,0.1323056758746683
8158.8144847976655,7143.197739126252,7828.35752331498,9740.993648865302,90.90133503154989,55.51496750751849,42.81768569474238,50.53648244918234,0.0549965604595286
7601.952798274895,6948.423496307538,9216.685776083961,11658.07689107938,75.65762382855097,68.82566985691147,63.37064716231515,52.07995330777232,0.0041894326284666
10376.437501264454,8438.453037209068,8631.145102046725,9949.85763620471,174.02359690940187,47.75497773978371,33.844971733499506,48.82531815713592,0.134302089468187
8147.22528387145,6754.652087250778,7108.229181026637,8678.297561158988,91.20511945108947,60.19550481504378,47.892294013467456,54.65556231924654,0.1546710756703037
7462.8890800095805,5285.169659896686,6017.359898077646,7890.033641239354,78.1779942065963,41.71264889408126,48.220783338964594,55.06564823219417,0.1037675287401526
7656.930668134805,7668.99833344414,9478.945271279264,10696.446683353739,73.19250624570674,59.51267902053987,73.76100492357833,62.4850821764326,0.0057555028349807
8219.546922403657,8118.417547345682,8933.041047606204,9391.59428883577,88.03316758734256,78.24372369385785,74.87610434398046,63.49378187234532,0.0728865117666017
7425.568848492025,5638.905777776824,6213.03988836417,7371.620035576711,78.74866503496285,55.62716771037372,46.605590456822256,49.35575961273263,0.0722867245803042
8221.403251315276,8079.524848102445,9101.241470216126,9626.349557820004,85.83927573751573,67.46801380756668,73.17558830102713,62.7747939527112,0.1368674017686854
8582.408396544302,6659.709021483514,6242.027308455515,6559.3337864702,112.27604384675239,59.921963409994184,49.08330654345724,47.601884772623066,0.0509711111042502
7407.5745781412625,5435.849122251098,6828.460270389995,8508.577092914751,79.51500407503767,47.98823835117035,59.84257742950752,58.572054089714236,0.0329373524930446
8703.686615726567,7782.152050577131,7422.73086440461,7912.204783489496,122.90770781001932,91.01131476929757,61.358721947725776,53.46190060966581,0.054388068652842
8591.989061713846,7552.153892307064,7574.466116842406,8014.294216505681,111.02987291553698,45.36518905342396,45.52551479408187,47.759568409632536,0.0529541035937306
8140.292805861333,6840.492878874567,8494.172133172666,10841.464715932894,91.61221328207081,55.59538324015065,39.47429542672559,47.40288352246339,0.0039996794940108
13267.04729780168,10548.33354054815,9755.519991295576,10127.770687683316,135.5974246245504,25.610248597385798,35.62851546218323,41.33575315704858,0.0029334674977617
8164.872976900743,7955.445937074541,9853.094362175396,12083.634871932703,89.85386635725044,17.87101249261599,25.693810380897173,39.353216739850055,0.0088226516417598
12256.041448504036,10346.187926527431,10273.815741527405,10874.857454598636,204.0019445393915,35.59312835067678,26.688052396116174,34.86551021154603,0.2658053750143756
7406.632988768134,4765.217159878621,4330.406230828335,5110.640856288325,79.6075205268641,30.34783673937572,25.380376531697348,23.803160738770902,0.0420637745294288
7408.580640648973,5395.402009766029,5835.644219675411,6090.5525064924195,79.47456431108131,57.32163293311025,60.3658787995795,49.05197625607817,0.0316080752561684
12118.737291840655,9571.141150697658,10502.23608470904,11748.64522126698,198.78096225329818,35.55821338403229,22.931974436289504,33.275913339009215,0.1189472323668999
12252.982038532633,9873.460815452776,10889.384682471937,12345.863545700735,186.812641328091,22.53904125210687,14.152838399801032,28.62899873087521,0.0867058818991311
15086.44602227542,12204.059994454676,10743.129954801225,10024.150041693036,319.6021536078512,81.15289309501804,43.67792567167986,37.53707923886435,0.3685394116362224
7617.9645712665415,7949.6999670557025,10976.964041624833,13941.255225167415,75.0884887838522,37.50191184308703,6.992390542838419,19.037172479138828,0.0978074452528036
10433.595853846333,9190.991040806826,10573.057066795238,12385.59725032993,166.7677772397451,27.682723038710996,26.63903414041694,31.471522384945775,0.3827698328033858
7406.544657699624,4799.442374200794,4880.411406135151,6256.97694968722,79.6190814011181,29.379675952871985,20.815250063503377,19.235500576016808,0.0148372234695055
15803.509211797009,13159.234104200792,11673.110476936148,11050.944475387156,276.9411151941452,48.8704678370087,26.933622914372798,27.243162707405027,0.080696135762168
16924.197799123638,12984.428219617563,11372.600108564118,10688.13247018311,262.40525274565596,60.23407363588307,32.3537089940538,31.032219415524118,0.0407335295750691
7412.221545516431,6815.66750361491,11052.02195385487,14781.627243692188,79.15598008921468,17.007998456947508,22.50553246349515,22.06416525347321,0.0649200118794076
10361.146546634489,8860.991408539105,10902.49640928606,13164.888040543236,173.72371176778915,27.89558710272729,17.69998530108226,30.196439606287175,0.0
8561.636087481924,10895.753820070566,11910.469707883138,11899.475388441007,89.60113670089659,46.92476917463236,11.451458534893161,7.798387418332206,0.0026018843935787
8140.383479918479,7108.993113018772,9061.015350235335,11407.308603362539,91.53356466268538,28.982128869351687,35.611704004824226,52.48756368881378,0.1224858841296596
7431.244784161303,7278.37263247656,11795.528128709575,15819.215048433527,78.22098836158999,24.814709008493757,31.816483898010052,22.96988539990752,0.2200731668481685
8143.085852185322,6404.919312721014,6755.690136063104,8429.269234370175,91.3081036711555,56.651753419264274,56.7689395519152,63.20205313007679,0.1993776251171994
12118.930319987963,9226.795670055939,9343.126582450235,10233.956740765974,201.38376031617125,80.68865323406688,60.924769793343934,41.87836010993692,0.1472728680632219
12327.680198949902,10488.443142491655,10608.049184709123,11135.460329607076,182.3472419962684,23.455581832853913,39.74554123788742,29.792686015615047,0.1657394461380671
9359.810186178007,10802.659965591374,12803.882083600227,14647.826187971152,140.91876922555616,73.8737029167776,39.291928579727966,42.90718423781577,0.1316364749233743
7392.744197262119,5422.274093713243,7127.832356958559,9316.317948810974,80.13562617384298,49.515264569286096,68.80333545934728,63.18372312065243,0.020680393090566
11874.592205677758,12793.34299582285,14230.067054719875,16218.350171407448,118.46709770844673,28.539445351031187,18.782532151734266,29.40209962724998,0.1297031268887743
12221.56703897319,10610.309309529535,12448.740877489627,14608.140673447746,197.12248261744648,73.43313435543564,54.01173661643295,53.677171807835336,0.6425288571593283
8904.863393499629,11506.547954248661,14587.166734433951,17154.17170367704,104.66185732817448,43.74049496012041,18.43908690348435,15.328981655233497,0.1034035844080649
10635.44511066387,11973.941894268084,14396.14347116207,16710.2274822443,172.07647499835912,44.01190040303509,21.632655296340335,25.591698868508473,0.3389880781643304
9441.153640987746,10461.932127295897,11756.349775021154,13721.704268618563,143.95513554785515,105.86759616385515,70.03898973080878,58.81730837565922,0.0144672622830748
7559.861433693239,7630.61796121545,9334.753309959558,10691.60547149595,74.31142426440991,41.54707047694039,28.063848708380988,16.30649915343471,0.0139819653115345
12219.754028863788,11119.028272566728,12672.842825576257,14693.87343929142,195.76846104643994,72.66566864049881,59.0644221937725,56.394882946224605,0.3647033728816558
7462.9621818646365,5693.79993298724,7363.644972147313,9396.553389832035,78.16906969891154,37.27452213546379,37.104104443989804,31.16559891641673,0.116260054947737
8707.597152439103,10984.129356522759,14549.165716267438,17242.391161932625,111.45913452418344,67.17152593048812,15.989040043932699,8.20716016183875,0.0912666322558282
7407.22621184656,5366.430499149021,6869.194744269662,8923.421790177814,79.55437986930079,14.37637941267712,10.42582295187154,16.695416250453196,0.0393697899134479
12086.71375530523,9562.177797627108,12090.307981395861,14802.421395189058,199.24068528228776,62.576038346817946,62.286425775049096,61.45711484306356,0.2406009279683072
12084.34712331437,10284.576167924775,13302.69153954923,16109.374003752102,198.3550294686028,18.802822364804175,34.4794947008636,43.17978749252929,0.0409070812960046
7578.88204022227,6380.351251425726,9816.223396724467,14081.828576713278,76.87581551939071,48.76951651573071,58.065682950971514,54.58750142502726,0.007147994851209
7584.648381058169,6737.7337850525555,7478.915760016789,8159.972022175174,75.19310721114495,64.41975593132373,51.81779631820542,41.980464580343984,0.0117551006249592
8159.075790087009,7078.089282324684,7110.360453781497,8300.02438157236,89.6809439190065,30.599993243263345,12.626803414446428,8.22102500058957,0.0463308787469832
7487.856251638866,6872.8037142712,8629.049171401562,9902.85338137922,76.84291837892152,56.31687191765312,25.50001838994005,3.262459694398674,0.0243193276476264
7695.932491817381,9282.833123117905,13362.550261752078,16827.54191321012,70.94111459572552,47.829365910747434,49.82060148916049,36.11098420473756,0.2181198126393423
7529.951195429391,6704.139874796381,7779.558728056961,8941.331004175327,76.1822201810904,40.255195735530556,41.77298915243032,36.50315249403407,0.0515337017268739
8262.736584288094,7567.598817792819,7733.3258704055515,8807.643181132298,82.70165262793118,22.25060657530722,12.573492311563827,19.08892450606076,0.1008671339421965
7666.8171877710865,8205.079680814591,8743.340283305022,8790.533880644241,71.35190133556283,47.64910935885475,38.929687148561904,34.0708887393777,0.0475924595782676
9002.373670814077,12326.475459051771,15723.631006530983,17801.62902408627,73.07551700409209,42.811111402088855,18.91324611300228,23.67033745223145,0.4581112738082039
13351.814593594834,11769.661330824008,12439.456193172204,14016.1201252772,210.68553434088534,95.81935477500762,81.08540792090332,73.85784960753737,0.3664838401837541
13576.856342527642,13233.976076226974,14180.06548517616,15695.594072675409,171.50549817288032,35.09110981982324,57.67385774344409,59.83865725220768,0.2957369723766115
8491.701039017282,12084.459785273335,15708.116346386854,18038.749798877416,71.18148167750762,10.915962490075557,15.447726615624571,13.030940469957557,0.0274285194740368
12222.259190785067,11136.278895446678,13389.493372582183,15682.405686036613,194.64147929773168,56.22800372264222,50.26224401321725,45.217255891649074,0.8165084492847771
12085.177161205032,8847.80976511912,9434.655375767577,10837.327764870004,199.05363425093404,40.601593515172866,29.726567425366387,19.687419586660194,0.0746513918275368
12080.989113735424,9179.878461586564,9846.725331683436,10991.083875823018,198.55323127731555,18.768711679172483,21.75806551410881,19.388109540299,0.0537708976020091
7487.930498084929,6645.639017989364,8056.781194911733,9505.343598552501,76.83954096897597,62.158029091494136,32.83356153610958,8.258627211923182,0.062916904017138
12162.612615646189,11344.016894149418,13531.402055077397,15641.227371696996,198.03763953723592,33.56815959495765,41.26712217822595,43.09951767651858,0.3695620957261305
7416.232393386893,6546.569851911367,9082.559703944238,11674.222297046406,78.86700854134551,35.08344717613175,28.564199168300583,25.887724951242244,0.0648235347033596
7582.613018998947,6560.0028098349085,7067.302292215495,7918.472277218306,75.41472762912828,66.61869779550496,49.99599251702337,37.970541026954706,0.0013679464995145
9331.539909676128,10159.385029251565,11787.81272810939,13746.108672529563,161.68671971203253,100.81968846103535,73.32161806876074,67.94799988598909,0.8324924989273716
7492.923941151237,8680.537926956142,13627.385304323323,16873.819770208396,76.3164316387154,56.1556077955253,44.35218407220093,26.034843649459123,0.3032347844840881
7502.471468171479,7160.661902223575,9142.814616093958,11742.979291304111,76.11183047732878,67.76627057698109,67.36457823712247,54.8156600817808,0.2611710132169019
10492.828454369896,9272.476253157074,9765.302796012718,11142.021511519582,180.72973265646652,58.754739038728346,30.424072331646705,19.12856103308073,0.0069643072536119
8259.343661276274,7784.360635276978,9115.030303953277,11309.072666881737,99.25498622561695,85.5810381446635,36.23311208211535,11.274752944147066,0.0699740673031716
7485.865230013604,7105.804462940541,10584.888880592913,13906.101953585267,76.81770846636097,48.26296245284456,51.158815704513394,51.28350500972641,0.4931998700309146
11097.502715062381,9633.267588859233,9712.51602693946,11175.545699560833,158.495945080252,52.87433101256657,23.050951756019863,16.94334290826523,0.2046606025445782
15051.834097413786,11166.422872811207,9871.546349988632,10872.137574974446,154.57149333544285,55.38159339658036,32.40255727573994,20.692827260092077,0.7485958928630859
12814.047354930268,10185.524746534078,9536.18719741009,10619.507063541789,250.3718295484528,88.73065366803341,34.91918392080078,19.94696068821267,0.1255684456886203
7416.106073606312,6926.923354691718,10706.590989577504,13977.326475354117,78.86723275027822,24.278347019258312,33.88540712696496,38.58131837965528,0.02883082293018
11187.788647569336,10521.42392655632,10328.212633504592,11469.420225881573,225.52864521568128,79.39204991520836,20.312055493776267,15.648954625270655,0.2636998697789687
7389.897153395015,4758.87163473675,6080.145301020931,8450.32084108233,80.35621671598601,27.025490950098284,54.62207782666919,65.07920338558769,0.0970598313299999
7389.978840888622,4677.879607447115,5306.868326234536,6865.741150932093,80.34667363332868,26.982997211537004,31.344805956490653,35.810710165419174,0.1399355323789017
13299.202098125512,11895.585541667562,13024.054340429577,14583.764482970546,203.5912670655627,59.97308015583914,18.57005051373877,9.826798264653517,0.4056517671482072
12839.083734073876,11632.72846126276,12680.360511371995,14252.78479013648,223.07644993918723,73.29912675559882,30.4948402749587,24.52922298934366,0.2676713456622327
12081.96858407856,8613.670406550942,9935.695246464182,11773.204556826633,199.47724512287476,37.98382206140078,7.122327536647646,12.220945116606483,0.4336282763044096
7471.815242999802,6904.0948299576585,9228.974564566244,11141.08933238914,77.58264436643599,59.34897047931855,35.47418323089469,20.225500781684698,0.0778023347773856
12079.194917352286,8932.93693778991,9937.301981734556,11528.311830316014,198.67592624041586,19.32360225107877,6.574676863802247,15.728843346232294,0.593245117918174
10524.251273595533,12184.259480975614,13035.28125261976,13794.9066044218,97.23766716244526,45.579132934243304,23.956628242672696,28.307377482908866,0.0418897845298159
7411.941362275353,6225.03741982836,8253.083688488783,10066.247714374766,79.21722731166587,72.22550852912411,72.2745871558561,60.48097528780004,0.0894877639752518
10489.488837176417,8964.007201553351,9522.607397474432,10243.497132555916,181.23143629116655,76.50904085703978,55.6013793222227,54.66267046994125,0.3252391115068233
7408.262441049366,5660.315223241212,6936.517096332234,8181.87390770919,79.45161278152328,50.41227591835957,54.168264858974545,43.92334436086902,0.1898159838903291
7410.278870820136,5805.273670790718,7847.595725625024,10077.081775944236,79.36227787654828,47.820666966153546,43.82437776964562,35.949518260690795,0.1654635113029383
7392.378030986993,5435.983928334097,7171.020104308495,8685.350336391251,80.16080158018337,19.81848160532675,6.828158391104891,17.026936755558868,0.0213173873195887
7396.773923084316,5510.720054286621,6102.747459614851,6541.764918544119,79.83037230884648,32.31125425685411,35.471325013419545,34.27406863683138,0.0198285857395062
11102.429804397923,10242.681104363799,10358.802257257255,10726.940413281487,157.72016919790917,19.605130090727684,41.89511118981129,50.303393846970835,0.1998322012862361
8583.452870738374,8681.461862584641,10797.325941371095,11890.76976274875,113.3958326727163,94.7957417327781,67.4092177678538,51.86633668613265,0.0341386585113234
8259.341258773797,7558.884154752548,7408.1677446037,7755.236505892464,99.25515707438511,89.83938638386454,64.7630789904862,57.7210244971865,0.1349132052759871
12099.035115156965,8466.455049476874,7792.845961497429,7861.357030326401,197.3504936651142,19.05102095818926,33.37988365393818,38.93101961874865,0.5747974697529173
7387.1745184655565,4190.368082251773,4053.665436970993,4968.345365072322,80.5742739990955,14.5769202593526,33.716311173149016,43.26263918536792,0.0599305395441896
12059.557404758842,7854.915102209796,6827.090099889895,6885.584602936507,200.54519395305138,53.64405870026863,44.88357525449122,42.490752872377946,1.2185011195614086
7387.856072612492,4523.208490322569,4882.398684836298,5993.285161082546,80.5109822225546,22.45976235747643,34.63115279293334,37.18515090280856,0.028149955661834
7389.918840080115,4821.449874501919,5162.8290800338555,5520.591745310276,80.35431824641708,29.387317450584916,39.09632892800956,35.7152008353946,0.0966589093701492
10368.888167611443,7859.485260355637,8752.705850396826,10120.307711409705,173.79514439536945,51.63793762772367,62.47198691320905,58.65515752236865,0.0069336817721955
10341.667043247458,8016.676907144932,9638.382345101238,11243.750306777212,174.8713662122078,32.096975484870285,42.74036160736724,46.266051859386685,0.0010811301120245
7585.271217440796,6874.095023280043,8294.576508116683,9822.563418559546,76.12881640755396,85.38700447249867,73.00244187671322,58.58231334177901,0.0481356450755468
7463.922246390184,5223.481887104039,5207.191977846878,5932.236247781623,78.06203252068885,43.002089723830785,48.60260652211067,51.28387072282725,0.0540779202529486
7387.245217818135,4400.478864332658,4739.927264409189,5756.603690694324,80.56618382761611,20.20905827352722,40.28316626360331,44.70599050140031,0.0089351770665999
15080.432287309139,11651.471510936912,10792.763651579367,10967.714413003294,320.881259883768,106.98810037862611,67.42359922718781,49.85207922111881,0.0593301457033431
16829.320539030534,12772.685523934795,11797.22729140802,11720.794708530584,265.745752294176,69.7538214689413,49.96916661285447,42.62205928445684,0.1438435734850391
15773.272679519378,13423.80860988237,12435.144167156855,12355.859574776194,264.7661914140755,28.45908525544476,27.004749776831968,28.15463185007786,0.102975654599221
12367.231075805568,11181.16493600558,11552.523812900914,12546.081123448135,187.10573564223122,36.57783271427054,11.509556910851774,5.796262361006733,0.0233318964314743
12391.329025819736,11318.999608440969,11631.059635673106,12548.660266751376,184.78684847722784,27.44331172636039,9.032050743042678,10.514782730865885,0.1938691169790329
7561.463942461023,7784.7037786033125,9202.718937580918,9682.286070398352,74.14307513228559,56.528789873477166,60.23231540369223,51.178811269892016,0.0654612489697103
7388.620735750912,4857.649403670187,6034.775157960194,8404.500525392945,80.4378911932104,12.63936916662939,21.336339654248015,32.506434145386336,0.0563976732647171
8990.369628193106,10516.764388658366,11583.175577244061,12545.424399796782,64.99947291109682,68.64272139174152,46.49878696883924,21.746120768459537,0.1158159420679855
8319.507011565767,9905.767061262666,11798.379428779132,12431.571124099746,86.9249182980385,80.93371257233132,34.32519525629659,20.463282678924106,0.0944362575753097
7466.2525436454725,5614.627360633598,5871.506128740923,6482.561761916523,77.89948198266652,56.84499305948659,55.570310433413255,51.526227282193716,0.0991748448098546
7598.2722333828115,6849.7227366223715,9059.068464051123,11515.84186263679,76.38587740629852,73.83550313188445,53.948272826979306,33.437072405431664,0.1426736347876609
7675.776964985564,8420.499622276031,10997.542014058086,12568.47052961114,73.00907238115259,53.95051796637958,33.84075194240659,17.622633329033007,0.0541582772381377
8779.40117727059,9041.309993781002,9498.964043241502,10157.567102481846,104.2729370440796,40.58200330812626,33.788419925781604,41.420086152479875,0.0088764600709198
7526.958914615342,6881.6578387404825,9030.309603159632,11013.620294485381,76.85434512442899,53.44221440661389,35.92523222848009,36.679245319938296,0.0563909047122753
7390.575094490165,5171.649592964599,7392.345417397318,10302.75297423344,80.29330051530731,9.054626272700979,14.271383854324146,14.061706450304612,0.0092381550956146
8136.928157420434,6862.71322709391,8411.383195945908,10899.878638436247,91.87376906265935,72.3659835167816,63.74131205910491,39.256155505555455,0.0708363911117783
11898.452609610244,12685.975781970985,12142.429687185138,11818.096122014442,175.99091025048156,30.335741293949773,24.34564487040695,30.753311630166063,0.0632866551735876
15056.130530040564,11969.807644322465,10780.422346890391,10418.713736356944,154.79807169320696,66.36699923395305,57.31723995738023,48.1054267694411,0.1898169281172656
8597.787810966825,8643.046567043335,10157.112659018881,11304.368043779074,112.62355803264225,50.166492474106136,35.244156439152086,43.08237173317695,0.0186038281926107
12808.635557636815,10163.704851904065,9346.917702512501,9385.149090114597,250.48846701929497,105.85331628784233,72.50747954132021,54.90285670454669,0.2515579785497639
8589.385452230701,7769.4988085348095,9582.679417600222,12479.591164716107,112.41627013308367,60.070303160689264,44.010598431179865,37.015475881685404,0.0536007915753016
8923.055112919641,10572.047429262106,13027.864771238423,15046.982229096115,98.22378596126754,83.26822571727203,40.421552964531195,31.25475367924514,0.0195693118648566
8978.670473345128,10386.562132378012,12034.09671884111,13541.464857355339,70.13329309333558,69.79117287093568,60.78748746385936,55.37791591457898,0.1463983256114034
9769.568646211306,9889.959201594398,11546.522517661493,13985.855450411149,70.38860151803307,22.038343532683296,37.40463071934775,39.091557969688026,0.1120419495261139
8582.335189657706,6585.147993088145,6310.805810895414,7820.383399412551,112.27050708877269,57.604288515745814,30.374195266189517,11.065769846868298,0.0148907202369494
10169.006723826296,12855.283097048947,14733.297474038214,16517.46836749703,92.23962977800623,16.275837891833937,20.937920652173514,22.428770863152725,0.205733357024435
9352.223480392979,11044.959836019616,14180.655733541185,16720.496345846925,139.8937630218998,67.90649008538406,36.27923813362031,23.49436123767079,0.1587457562572256
8143.083344651305,6699.47134459727,7784.023075817573,10126.398420331023,91.30362159795453,56.914571230480064,41.67535632942901,31.775768960195514,0.0263424914738567
8144.379942192881,7569.970383328552,9621.852141596093,11571.016068708645,91.71253977520419,88.75523813369115,87.6995566010341,75.67151086946677,0.0349169710372966
8586.267882838629,9224.758604867742,12345.06826624576,14909.971609587716,112.24774823805167,35.75633692256054,28.536870286884128,36.3756242546195,0.1395033819752403
8648.406504100432,7694.112232424478,7498.500264692581,8310.823903242006,105.93426799898342,22.134013252291464,29.41381693378458,23.2549074533963,0.1015072584105551
8987.636133526146,11674.803494642483,14973.67513195777,17130.20658270376,116.73576208553483,41.560875638237704,10.64477794186569,12.895773513752662,0.1347956224799846
8142.4189303999965,7183.07099950827,8724.535101184054,11083.821506622811,91.31859253724382,46.382681296828515,35.85386292500712,34.65274463127379,0.0171893652590319
7467.062214637066,6120.315495181594,7717.904134258943,9437.612694295987,77.80913825044223,37.769999140094534,20.886157882611354,7.297572573928953,0.0317654597737522
7487.997496483322,7091.733299752328,8581.547028246412,9619.680050314468,76.61422780776496,27.812598227684266,22.42377067047119,16.37104487761739,0.0754570375590967
12118.73483682241,9794.343434731762,11684.056175080505,13931.383338230995,198.231587351389,49.9531749826742,59.355176145815065,58.51252558488718,0.1879012894389332
12141.280976254624,10292.432576595063,12620.492976458101,14988.179466881196,195.7820678532294,35.62430016351079,48.66756015420643,48.30867689271062,0.1246507628943217
8710.521215195175,9676.088375453359,13090.491469800112,15835.658729714649,108.13166437990878,19.573660863838665,22.274859055799073,27.257587647526464,0.1311548481793949
8595.402114207016,8411.016571885895,11367.87552069548,14308.716117590984,112.88916140703411,64.00684599242818,48.863602374544335,43.55310767523966,0.0881667204676645
7483.043936308543,6423.806438316373,7756.385664332477,9505.356447414268,77.16691196637136,48.71629527090492,36.56331642782131,17.82477114481479,0.0043359781807715
7409.2672926290825,5325.764235680282,5837.734151527794,6573.586534750932,79.40610496251472,49.61538523131783,57.772683696174234,51.11073811094953,0.1044999325283748
7408.511438292021,5403.031460352682,6671.80947077275,8923.142474380875,79.48214261140146,42.26995452860793,49.31309081080954,57.458482911248055,0.0133095283862133
8799.278801763632,10305.884871690585,12202.700693784254,14012.033604344097,106.10941092281918,35.46114506865423,17.95915629716777,29.56308710033803,0.0441034203167427
7409.972605961615,5913.040976433826,7971.136526754641,10273.920331254092,79.3292071949913,28.39791724143826,22.59621303044497,17.960467397725978,0.018468015067059
7619.426856269144,7464.7114268431715,8823.839101899774,9757.851780804378,74.69077500522728,58.739403313056,55.23814018503485,42.14708780559534,0.0038018176517331
11556.929139579568,10499.105952965703,11004.101792366086,12551.757124330179,128.97496820415626,58.36853729785966,35.72306047448505,30.080886016700042,0.0023714369481826
7468.116802496899,6173.126434757427,7601.292025559984,9807.091274086813,77.83122664571447,73.53014755447514,66.57646533199198,45.204552139051614,0.0408561817289138
7408.69534556093,5759.007621039652,8139.200896094159,10860.21302599943,79.45365564558307,34.860536253814146,30.80992706818729,25.828038127965975,0.0438527096683279
8378.068713353128,9890.828187897778,10881.012992531043,10879.706638282765,78.96091818935197,44.0212891001058,29.791588624501134,30.730179782513638,0.1612851420047013
10494.1234974647,9683.415577729418,10198.616355742324,11624.685012523867,176.84689558795455,74.14742487338007,39.651106497829595,30.16998978583255,0.0590100617391128
7428.839268811817,6697.283225273508,9189.756999370482,11275.579129804368,78.41215896754055,40.1456193137369,39.15786245104257,29.69398051641981,0.0571436243084138
11193.33800050928,10634.864099558972,10256.289106858268,10373.237340048492,120.95631022870937,37.73828368207342,44.83972211898816,40.55678283276767,0.1233443329207296
7406.805962988968,4989.718241785061,5395.048326203537,6511.18004145415,79.58685984487367,27.130813020052024,26.175727536869864,31.429994696273216,0.0336799848306581
8181.7405097704495,8342.400087612772,10628.540822907555,12824.345074573132,91.5562851829977,73.33071888034328,37.681774326718845,19.535430089790744,0.0823103388837704
7490.225671024823,7489.999315509633,9992.152773990289,11781.17687492323,76.75815452579032,67.04368983106204,34.363197725474464,11.468238114328589,0.0430285485980584
10365.003692462591,8460.346596709043,8370.582581090128,8950.029116869533,177.44342189999713,90.47040401985457,65.7845471125987,52.66175914574878,0.1394764655380965
7409.469129577748,5764.92828723358,7512.253715405327,10248.49405334465,79.37922158941691,56.242715267596374,64.2210512525436,47.98695533726867,0.0249791106480079
7389.919765295031,4972.3908435162775,6696.207412079403,8939.100420911242,80.35411344854849,8.705465939976742,17.31423518635152,25.188435252556253,0.0272644412450887
11129.347231057785,11005.629731454716,11985.01817478876,13726.863738252905,128.94496971942,34.90654358478623,17.724100606064994,13.477675444518935,0.084592079236441
7409.1635207652,5446.178186008801,6033.8803379431765,7055.618531878385,79.40964400176547,23.992073081523266,16.109540823602536,20.489759359761244,0.0384857799770404
11128.050462618325,10920.56943963818,12072.012301187737,14101.113786970593,129.07362830142876,39.54429750455983,10.74003775502523,15.200433321192557,0.0460582868986047
8165.906463394781,7256.898339346834,8008.636731751471,9536.10827992878,91.14642861544398,69.06056061123732,27.747266082318152,6.614676864057686,0.0188661885449822
8181.670735632786,8318.642237105536,11057.684820683482,14076.079354212918,91.56770535525577,69.4665576511799,35.36193851839468,36.25737775819825,0.0426187331324703
7465.905893964069,6077.249656720689,8221.10027806028,11231.736292644779,77.91888773621093,19.067259116258963,6.577759353454736,17.033679875177953,0.0091673285887071
7466.535684197788,6174.53046691099,8847.527869045975,12546.291499818348,77.84700737891208,33.11119366483667,26.685291566635055,25.04879757195864,0.0194434430909991
7387.244292603219,4357.239289347924,4355.995833343595,4725.823129060068,80.56633828236092,11.035974097660047,16.123376455404337,19.308390379468612,0.1849165063381272
8405.659859639612,8793.005141182502,8937.102981374881,10112.65474392993,76.16904161080497,27.648115217402413,11.397767389860807,19.208490482346548,0.0075150988749221
7483.289930606005,6159.880347591622,6851.312807552436,7909.807571245076,77.23846156715663,67.73082981816154,52.68389568634736,40.40730833771245,0.0208948590860978
10370.077817856505,7732.473560837518,7806.235021300482,9003.784261637067,173.6127613305622,31.548334113485602,22.893381479388704,33.81049470412987,0.0001729895981962
7582.592344640215,7148.204864424981,9725.84408179546,11874.178517768385,76.52258419649259,14.271974256556899,29.338887248162234,41.4628076126837,0.0583651665157066
10342.286609305464,7503.9188647983365,7074.559681949282,7832.546077832885,174.80224557396915,47.56790175584024,39.848424508608986,42.10453910032457,0.002279617041223
17067.037343577642,17854.394273878697,17769.39290936075,17948.96509407239,329.02907559019184,151.31583016173332,57.579722004507104,13.333728583834398,0.3785359041271025
17854.557090380367,17549.815805162358,17530.964488967096,17907.561089151342,328.6467287833274,160.45951025742227,60.24370973895931,14.138457497404875,0.2317210209810096
12088.74526238193,15520.625944939213,16563.751158999676,16687.478851929143,114.53781170818387,118.52812826419739,65.533270819545,42.81154067709928,0.179665700198863
19621.797954629583,19888.24084492133,18272.87406779739,17789.94334104967,191.19394931823027,69.06977019855715,33.81775219790788,22.42804249101834,0.6396447969242739
7387.1745184655565,4139.492876964968,3382.2450373292636,3201.1442315648196,80.5742739990955,13.24457180982818,16.541861875558197,17.257763003931636,0.0270958049311815
11253.471707287166,12827.454379581493,14302.65463501435,14833.680943645564,134.8223918772,96.78031161811202,85.82726596497201,65.46366763002807,0.2829294201345981
14041.151457249734,18746.93742045657,17908.71675212309,17113.51711522896,287.34497855727074,127.80436194955463,57.653714798874546,45.63525195944392,0.4160348892612548
11437.09538293118,13631.822256952822,14758.689973089597,15562.985170912096,211.6060619863165,156.45266267686293,87.4709433718717,58.92785579504376,0.2218352952461584
8150.58993231235,7144.539828719774,8916.6957499901,11317.659991216975,90.54997248982733,27.116034012160767,26.045626997457255,45.863377728936435,0.0022574669908915
8165.135246717883,7708.315772342029,9246.184146453354,10803.625598953022,92.57322127683042,97.69617540959848,94.04411864734146,80.22834186898727,0.0649552920358451
11948.609168382203,13999.271187979522,14695.087627628975,15046.587464907747,208.19741231793265,178.22679293746842,107.47943819354502,73.19956603179834,0.2136499678356537
8257.604097412392,7529.845233671839,7807.021644445689,9086.157355850066,83.03202409676908,26.037393901498074,31.636692888348037,45.11467713250637,0.0305949255201833
7507.580011601858,5942.136113564045,6618.436805779307,7303.003250492197,77.56059878883445,45.367713732391884,46.381779383574155,45.85315104376819,0.027291651248563
