density200,grad200,density400,grad400,density600,grad600,density800,grad800,seeds,cx,cy
8656.933029799984,112.21882545560884,7597.341243790794,70.00796776178731,7041.79775443433,44.19752025641556,7265.1717553230255,42.114888349432626,3,100,1700
8656.933029799984,112.21882545560905,7611.521379238218,67.57984898257003,7140.335793817857,37.31678815400778,7536.277454599298,38.26842594443899,3,100,2100
7391.419335517941,80.10774429573544,4215.056702249054,13.497683746288734,4638.139568468651,35.61309545961378,6278.532302884213,46.010266837151676,3,100,3300
7590.690017957961,75.73990344500339,6942.516611012008,95.25534966940607,7384.879493346098,74.44879525356365,8365.924465505526,67.54857463828412,3,300,5300
7582.769375980072,76.4609202352104,5505.440376953872,46.367691253793154,5126.985999641094,42.22902042431933,5316.481194583512,40.38219347260727,3,500,7900
7563.280454795872,74.6160038519902,7232.874520101251,43.7581833993418,8506.088442521788,11.744979083331256,9879.146879970325,24.519404499849507,3,700,1900
15163.875887687895,313.5801622299857,12394.230986371793,62.78068023076456,12026.789738484944,43.78951612048425,13111.85867305702,53.73758324827534,3,900,5300
16835.058735209725,258.860067552365,12592.364870293977,51.01171929323274,11980.569626183398,45.608462107580756,12981.644707480727,55.12411767306054,3,900,5500
7607.054821260145,74.73905004312624,7155.822889793662,25.69820138048862,7847.978743896837,37.05754548513642,8210.676568431414,40.85255669736235,3,900,7500
16778.03450077408,263.4787873224128,12036.61467306644,63.483800689427866,11034.385460218133,35.35627187397511,11892.738426101643,29.574698349369037,3,1100,3700
15044.886027497634,319.9557631421197,11337.436250315102,88.12247179680699,10940.8776690764,39.314841075213565,12168.505492830125,32.467662608699484,3,1100,3900
15049.463753232909,319.715739532661,12234.544297009365,59.08471990841834,12821.685000948684,30.16627248616098,14211.852818056943,45.20776304018848,3,1100,5500
8580.683136751268,112.28657114783206,6597.693323099682,59.53491154357851,6059.992799709625,47.8671609091863,6561.869010349595,48.170230773405066,3,1300,500
8701.016180003162,101.97811356667245,7904.712343020474,14.222582541620753,8053.100894374519,32.98556850918001,8805.702699223639,42.427606265468214,3,1300,900
7533.072745884273,75.83973095169719,7008.255384246219,18.391343391054193,9315.319034707498,11.684377056306042,10965.993320388103,20.221938638579104,3,1300,1500
15234.27703402583,302.5949668950248,12407.679804120906,35.9560748703831,11541.342878180787,11.212825687119281,12379.084652282985,19.174216728361934,3,1300,3700
8165.731119920466,89.65120257542829,7734.707647911061,55.07978124276567,9631.912744365074,32.4662970242654,11905.026537397047,38.963934977539466,3,1300,6700
8917.951686735894,63.68926684476758,9321.378261704895,22.32188883382737,10049.163522564437,11.054434928074992,11413.5279149055,31.959275138567097,3,1500,7100
7588.0022718185555,73.88749236676966,6743.126601028453,15.445962316077516,8452.893428418294,7.807392446458115,10796.237065848532,12.015539426834147,3,1700,2700
7724.422786346405,71.18830400983983,8097.502922260895,68.59622854829162,9484.527159866162,47.30482915662643,11249.505195886002,25.496090103640853,3,1700,3300
9337.664110354044,139.2921539220285,10121.062997012994,44.500590571220144,12919.038311028371,23.85394012219863,15820.70675357408,21.77753090956078,3,1700,4900
7609.085343640894,74.75441113654797,8127.905299682535,38.42075685607239,11883.976259529842,32.61127844210562,14957.575884261609,29.700350511336946,3,1700,6100
8149.928956636249,91.10904410754658,7220.234153154508,72.15852146684989,8443.746111542998,47.91401126630857,9870.68974443347,44.378854083731916,3,1700,7500
7492.359812922149,76.14221246033821,7309.660825357384,25.926865513970476,9606.35194251248,22.799295087278622,11381.277740172744,14.054178452399816,3,1900,2100
8898.730896340285,125.93449754358278,9063.059035901671,73.26070781023738,11426.150722802136,35.94105769936296,14701.495036039863,30.55411330923172,3,1900,4500
9339.875228971225,139.0931287384779,10020.474466109956,52.371812251346164,12666.04084048308,26.301887477145034,16130.142632368194,22.215211292818374,3,2100,4900
8968.307329775109,109.24109890948645,10606.285553962512,35.52538613959493,13281.931140711886,14.904749607260133,16397.701881405894,15.600341832929386,3,2100,5700
8165.048648818816,92.56650929271424,7608.11000203135,79.6986787295305,9002.191898968975,46.38001217699919,10299.078469187325,31.976543802857435,3,2300,1300
11132.179082441386,125.25243442537185,10152.005069223405,21.619366276916892,9914.455755107288,22.685093315297333,10673.216438328753,19.890694991985715,3,2500,1700
9771.314314296627,130.51170594473078,10071.002171383923,61.11275467564468,12754.654304362493,18.0238695570839,16357.16024688282,19.44878513884576,3,2500,5700
8776.274818211328,121.68903245628827,9020.873156077378,78.38198979098098,11629.658576225956,32.72694557507024,15174.50335337643,27.320751624549086,3,2500,6100
10381.283753670794,176.58602856785302,8511.413388115006,80.8254892830978,8859.148782532167,43.59064199178519,9976.437840557026,26.73887631013299,3,2700,1900
12077.732780640801,199.6338787483323,8492.720920089145,41.173039788243074,9484.057144152093,10.710482370858236,11528.954115710745,33.10141323157981,3,2700,7100
8226.583988760382,94.32161808640704,9107.518466115333,102.54592160209748,12698.30818936807,76.59707546654445,15932.761290264612,52.04442146589398,3,2900,4500
12081.974421638737,199.04515435251597,8752.774632377248,26.781330551547764,9463.043481497545,10.082221405354845,11245.462713105715,33.5036858604219,3,2900,7100
7398.417776993351,79.57223392174181,5228.280483769122,48.21824266743201,5989.626765518358,54.41387208905772,7050.375963571671,51.552248031060955,3,2900,7900
9884.936315536654,58.51941127732003,14298.5079738188,91.54948619794855,16557.014520700683,52.37209359800101,17964.195172343552,23.236342174924772,3,3300,4700
7395.660976515871,79.79065375201117,4517.581260931764,24.11541675517379,4041.625493794952,27.053218408777266,4503.695955539457,32.76824143613418,3,3500,300
7395.663410624602,79.79028201270901,4844.499833495971,13.207655460168876,5970.5357489361,17.95956316866463,7467.277751923649,25.59860289378925,3,3500,1100
14105.997737039079,247.92368583182193,15212.65781383967,114.87579930325931,15967.426426638227,82.01974393562281,16608.854721986863,54.551383292438636,3,3500,4300
10537.347414282907,79.56604354650214,13547.009844839613,51.17192667753421,16010.742627111687,47.3872153605619,17704.22794265043,29.972578473166926,3,3500,5100
9963.984724586131,69.46780522961375,11336.47238613095,54.669150264573574,13436.633427836636,55.50547281694752,15957.045498874037,48.94646952486639,3,3500,5500
8604.96858203134,110.93881635549238,8512.843490321233,61.54485825197266,10958.89168514021,50.233560547776875,13926.634253965405,50.15264655173126,3,3500,5900
17154.66694866581,129.7693343449476,16485.910459171213,68.99157750801749,16661.2487047251,61.712141130537894,16795.99935017824,46.237468856997566,3,3700,4300
7396.863882134827,79.67241034210394,5336.940468070051,35.13295689548762,6727.567507457355,40.689669008222204,8357.415530800696,38.99230770647879,3,3700,7300
7582.838430318149,76.45337394059297,5794.130260733874,36.92874042677631,6298.968782851251,14.477349079390502,7705.680993037685,11.379462241708293,3,3900,2100
15231.443591266854,164.151593992423,16475.50669334849,47.31223161179495,16527.557200001116,51.73628357605021,16575.537141946115,41.905502940731644,3,3900,4300
8800.371310836177,122.52012186736113,10956.441538801095,122.55305954813875,14161.658260106808,94.42325436089241,16101.021723294645,61.44443789802713,3,3900,5100
7413.468414837841,78.93531815716551,5487.0218749008045,28.386389888523006,7191.070513868986,37.87722553820882,9874.179091653874,40.3273868981915,3,3900,6500
7582.769375980072,76.46092023521028,5565.857426758411,44.84151376415494,5558.781190370969,25.443392787994547,7333.318953744976,10.099121230080202,3,4300,2500
12983.818075756966,222.20858724256937,12683.523794593046,97.77367335144456,13357.467196751202,71.20574618040423,14289.844318312904,51.17474045339878,3,4300,4100
13408.929758375427,209.8829318886776,13168.023123825333,103.93895342828318,14141.77095210094,67.4507422805463,15034.509239378865,45.83894532057526,3,4300,4300
7467.7382829047365,77.64807706678236,5534.915085130041,29.4168417931167,6731.048779507899,26.069181031534566,8509.26114974695,27.13459506509149,3,4700,1500
7506.39189492765,75.8168184901894,7017.218685138085,60.6157141372977,8918.774272338102,54.24014625334809,11093.418947700622,40.356383558297004,3,4900,3900
7391.419335517941,80.10774429573544,4281.847921369956,12.897228189155738,4492.4234828202725,23.321943296849025,5446.866219002233,26.065648950472816,3,4900,7700
7491.677341820499,76.22958637553744,6953.867877113724,54.26802354459465,8663.453562847613,65.149410915767,10065.715916529536,53.405980444363756,3,5300,1300
10359.23224024216,174.23762870613527,7220.620068765027,40.94779297480106,6389.275966488295,10.432215763707614,7083.950548543829,2.6730485168523863,3,5300,6700
8603.414687172819,110.72357365179691,8182.753393421345,57.14655334928339,9393.580231001863,22.08408126299694,10796.564453017378,4.2763200129867815,3,5500,4300
10359.232240242161,174.23762870613544,7239.71515532612,40.244314652597275,6267.672039780034,16.117755892835763,7046.510216796035,6.48910415588599,3,5500,6500
15835.848585706986,197.8072864170101,14795.28723559545,90.84886759048862,14356.220334296253,47.514281208529304,14063.651103763055,28.66688612869204,3,5900,1700
14115.467039025338,264.2980859060182,14573.587015297326,120.63747105518858,14429.41287807382,56.032766023541726,14202.220757187146,27.285376625923657,3,5900,1900
9527.57772016607,64.61669372972275,10570.98521340339,39.484804678187686,10383.887206422709,18.872212592193577,10759.374252100928,6.874882404423706,3,5900,4300
7391.419335517941,80.10774429573544,4143.011323501894,12.753924949440309,3899.8765740531067,19.815621122104066,4895.094960629912,25.459333172584273,3,5900,7900
11889.134808701168,255.5794808497003,13200.186813378723,132.46958586347756,13674.059377802772,66.35114317053382,13658.319205338794,40.82043010632433,3,6100,1500
13176.682573866488,94.74907948706394,15702.956227976545,71.74849064490395,15285.238799197692,24.97992565508367,14622.7921830642,12.318382672003766,3,6300,1900
9038.967201089437,99.43107562753508,11000.248988410745,116.38929247065397,12022.377424169845,82.67187795252465,12582.955466247951,47.632741207575,3,6300,2500
8270.713380067375,92.23114061888388,8426.218241688906,101.29377362768263,8962.439729681344,58.36773545478688,9862.150917568557,29.1731760301092,3,6300,4100
10671.597795057836,147.76411311915325,10233.3153614899,47.32588048715392,10029.858572833502,26.107816164204454,10645.199312473469,5.33591135224931,3,6300,4700
7392.10180661959,80.04442753246506,4465.326527080969,24.731252234000713,5429.219547762745,54.70553873399869,7346.437231287332,60.78860847896621,3,6500,700
11308.281842717242,163.55544091356757,13723.181315125665,93.40468272546298,14299.150819500677,49.99234581476246,13923.169515046244,33.14357224719634,3,6500,2100
10363.948074653583,174.81476445265557,8291.891015249914,71.64362490684222,9148.189510950091,25.195264156667854,10545.681259080275,4.040451006771216,3,6500,4900
7393.378369451882,79.966582079185,4720.285474661349,17.64919157898708,6107.852392520435,23.540342125572224,8592.455257621574,25.074969109762176,3,6500,6300
8223.89867672971,93.40730054755886,8177.606337618334,101.41213218895213,9321.371474308824,82.2021232852909,10421.820097119027,57.43257955193739,3,6700,2700
8659.032606518811,118.36330066385939,8470.464184269651,74.02396460186817,9756.50968872269,33.084753193961,11012.933488468658,11.882905626217951,3,7100,5700
7397.620010449809,79.65043580119642,5284.609584446885,51.956942914667025,6909.586264165377,71.4861468562774,8639.498849296491,63.97231916819579,3,7300,2100
11568.539845757632,126.8095506681302,10730.58753995876,18.116229907184007,10502.395553989169,16.85970552101602,10905.825761318109,16.2100248532835,3,7500,5700
10631.073814750938,199.9021953241952,10351.06231232753,132.3109001516327,10439.87767874874,48.86955004382594,10632.026286530509,5.678258665350805,3,7500,7100
10631.073814750938,199.90219532419488,10266.556781906966,136.71070303727203,9547.300627018443,73.47512340385762,8798.511230837606,44.45543410217299,3,7500,7900
10438.169879430283,181.16100681918678,8964.007390808909,89.65872042180453,9356.412746402295,47.55180133737571,10200.313204424001,30.96039877362228,3,7700,5900
14592.558839248424,129.80775741931458,13753.273056000513,85.27813444993298,11559.282222063475,30.80560965054356,10510.383306784384,15.104095668097402,3,7700,7300
14592.558839248424,129.8077574193151,13739.735285369516,86.21437548587211,11240.692719876417,43.82925591395705,9708.980630036516,32.538718685201864,3,7700,7700
12075.045034501394,199.71973579863942,7466.418440651411,38.228675715853235,5530.457593920118,18.331753093176864,5147.793904918877,25.280567020261298,3,7900,700
12075.045034501394,199.71973579863956,7478.318286948705,37.244111293591885,5670.757305713518,12.351696860107024,5473.795168135991,25.004738719021265,3,7900,900
12075.729939711777,199.8025974111241,8052.553754268497,62.223622663476554,7496.539691855273,56.64152021554288,7846.696481657129,49.91676367432674,3,7900,4900
12097.163168159372,197.22251002843603,8953.503429401517,35.45705926669492,8524.497740483777,50.12237401118521,8604.10736815615,46.5587855983743,3,7900,5100
13709.745225890641,250.9957892255409,13125.8785173236,120.16583288257726,11040.901636186798,54.034185004540305,9717.689308529538,35.458798832788894,3,7900,7500
7563.280454795872,75.18806135371072,7109.0520640635195,94.88237560364041,7526.389223717059,67.53649424492137,7960.244531242995,48.9296338921739,3,100,1500
8701.016180003164,109.18190947837556,7918.221699459088,68.89514458130812,7900.676928610335,58.03303516637846,8558.88678462192,52.8285656318499,3,100,3300
8600.046904040497,112.67123956742643,7383.771029072472,71.28789923632198,7642.883553865694,59.259534287068696,8316.126227720988,55.10101499948432,3,100,3700
7467.669228566657,77.65647580748806,5336.052425593955,43.65799108892114,5498.5505159065115,46.15622743371333,6050.389663769965,44.345801492542044,4,500,100
7391.419335517941,80.10774429573544,4052.229848124042,11.1305521415527,3699.3193471023665,24.359820137324355,4598.695581042303,33.69591111570352,4,500,6300
12215.421882035436,211.52866744869053,10105.10949583465,72.5427358766512,10018.925341352187,21.698621894941965,10105.88807374196,15.636141939277998,4,700,1100
13340.55872878344,130.76004295880904,11265.05695954709,40.021564379330684,10322.109384552105,10.734218649637974,10287.370251751108,10.07591917807345,4,700,1300
8779.225106985821,122.88602013953837,9316.479876313611,88.15776574714468,9546.847808668334,32.49537083952336,10110.22042579291,12.853309258230128,4,700,1700
8361.018168355855,82.809680403549,9688.909849912308,29.100077775774295,10896.965909750821,29.0189582037577,11630.93238669033,27.632859959215857,4,700,3300
8146.966312579343,91.08037714921052,6797.067728913699,54.3772706708521,7657.859057210903,52.321498147392376,9276.612331702501,51.35681453086337,4,900,4500
7468.3516996683065,77.59203024177548,5773.773341513711,35.80352246422064,6679.472927522083,34.662636506138895,7705.5379461425155,36.647569421027626,4,1100,300
8901.960570796453,98.01210955626779,9338.077593715941,65.07684511212767,10399.436604017263,40.45710046946169,11744.075305733957,24.43612633923758,4,1100,3100
8221.937208687035,96.88604028528742,7615.350779089786,95.99971311404576,7425.937106020241,62.94320194616595,7538.92034365774,50.476365293614506,4,1100,7700
7396.066115591285,79.75247761738008,5095.537738525548,23.477352511086718,6756.22925091868,32.14491915398738,9422.215948698944,18.681667984165216,4,1300,2300
8974.840246604117,62.66304068249588,9839.702855643518,37.04043067104088,11179.212544650325,24.22581332234452,12634.229119132942,13.444248401343822,4,1300,3500
8147.692590676073,91.00412268760667,6719.487499863786,56.14907946500095,7450.688841124541,45.23130113082761,9525.997931085087,46.46895421554978,4,1300,4700
8154.644791047667,90.20912930911533,8255.823356914032,38.15100801942417,10858.175346851,13.383900261493498,12864.18495868815,8.894023909601522,4,1500,3900
7588.684742920204,75.79935974141078,7186.891529106951,76.8368127982089,8807.565140800109,43.99740351573449,9902.600688495035,32.21265896604665,4,1500,6900
12948.963586772017,150.57335917864899,11000.799477549674,26.540127353155366,9961.511988577256,28.17492852988864,9952.793557450694,36.02855506618029,4,1500,7500
7391.421769626673,80.10737395975355,4264.715740713904,12.87334626686512,4867.59965379739,17.01145406418054,7247.361658832873,15.211933470152877,4,1700,5900
12227.547254707575,206.86101969979785,10089.069982315683,71.03300986784657,10177.07138164157,24.243768344897948,10569.972965873809,31.439872173529402,4,1700,7500
7410.780668698437,79.15436409242474,5094.702916851806,29.98697170926073,6118.418520680019,39.43926498126339,8093.717338499154,45.925097163603596,4,2100,300
9094.182035015458,136.84095457851535,10588.745737203797,96.65931632401148,11982.234574256167,43.89632651552301,13614.970659967272,25.825653597740818,4,2300,3900
10484.940775772868,182.03244073587305,9469.663040775275,106.55272815098905,10160.844784075673,71.40356197020722,11852.9153142763,48.40510658682607,4,2500,1500
7412.7445708498435,79.01791200421548,5781.886197764126,51.97417978273688,8194.450082392452,56.10971565079708,10569.235507635842,34.50020973785825,4,2500,6700
7553.845262371883,74.66439435804934,7868.084103868602,44.55189578555979,10472.306487103051,58.23024209632861,12610.52895691441,57.35741327596279,4,2700,700
11252.514559802014,146.06921560212098,11568.745841403414,50.15506823488823,12119.389892856732,51.03704185915151,13445.545970172452,47.22337844957217,4,2700,1300
9455.284160123541,150.6730900368851,10346.41167750818,123.04662834155899,11203.512821996988,77.30684629630198,12813.910975807417,47.46089976766802,4,2700,3700
14025.575257330507,115.46140718984887,13665.675820835406,21.3683444951574,13922.246376638876,29.90129666054656,14561.989575272035,19.994530796009713,4,2700,4100
12486.986124517982,211.43815352292003,13207.360723194519,47.29076974376769,14207.57976513993,25.049729703023875,14813.513587670328,10.41041536251136,4,2700,4300
9089.940394017529,114.07294892208952,10126.525222035754,100.99548181124909,10525.951399863066,51.676573484903656,10980.168149752692,40.451345275969,4,2700,7700
13343.31552926092,276.1970711465309,11905.164659854228,97.1218357425339,12277.081738232735,68.5221756767603,13446.65398717399,42.32461555780389,4,2900,4900
12924.310824087415,175.94369778761458,11819.967779180455,52.00773840308686,11604.214773886606,14.409022967231657,11943.236760104855,9.519041571045634,4,2900,7300
11253.263651133007,121.08156510746653,12007.7834007785,32.48869391330686,13261.386898064178,36.8637147009471,14756.369359432194,49.39763995677146,4,3100,1500
16779.466063206728,138.13443522866368,12724.012903893714,52.76831535906419,12674.334813455891,52.43080040700582,13639.589351086803,35.27650756945479,4,3100,4900
12390.646186083311,208.19576657361807,11157.645592041075,77.33808505870638,11189.812441414211,29.068302450244314,11669.369507542771,14.57179370435904,4,3100,7300
8341.58778083728,96.28380756673464,8626.394453407458,110.75340912159011,8769.980927578805,71.9717269078505,9406.418955447314,54.22436566109067,4,3100,7900
7420.420615209437,78.3997866718331,6970.385621611439,70.55267179007693,10561.446867478488,94.06317622807461,13226.728318978568,84.1296808543726,4,3300,300
11134.938317027601,129.0138132374525,10908.504577871574,51.79186925184503,12234.078598727629,56.50438501050671,14212.312832413229,57.07278479382669,4,3300,1700
13270.983704080092,280.06118702158506,11588.626431461824,83.68336974866624,12398.850124262253,45.52863713213023,13541.526431474495,30.411247900059582,4,3300,4900
8164.368611825899,92.55738198751128,7244.546322131062,80.06325537520175,8749.330152310853,65.00750144291682,11596.885811508108,56.57169155808267,4,3500,2100
7405.15821147546,79.01633356370745,7041.2023505824845,64.65508433516945,10602.466581356673,68.35613792593017,12892.71192524253,42.43367730607383,4,3500,4100
7394.129894891606,79.89533624846301,5092.415209060216,26.04001923496079,7198.930377152408,30.914600449700963,10045.153145348666,14.63664428755447,4,3700,6700
15894.154251192387,370.31028242681856,15956.4526583078,142.5226868819561,17776.957334922252,47.50609820843757,19095.92979015467,19.914281080586818,4,3900,900
7391.419335517941,80.10774429573544,4431.5679774599075,8.79879560199848,5638.260647156495,10.333231080220324,8645.343083380063,8.523210543802266,4,3900,3100
8582.711225023286,112.04311164131293,7200.012071161554,34.742037008437876,8448.640072436012,29.481667272020474,10838.140160499092,20.902891101085757,4,3900,5500
13544.073486330122,296.35256336771977,14790.041041623665,159.71431850732256,15758.746475245383,102.93464995995764,16365.472580998705,79.82902945545266,4,4100,300
18728.56228949446,199.9060496213109,17951.957413780176,93.30643715153911,17816.343772698412,65.17910186398406,18067.417697724755,56.72016166828466,4,4100,500
20941.120494899536,165.4155367776059,18990.288825547785,33.533439469977296,18758.190018292415,25.73201599039092,19114.003876628092,28.87867686828584,4,4100,700
18263.128378458154,318.65584474760556,17605.304930642276,102.7938703243441,18494.510707413192,38.187111839252005,19425.308402521026,9.69195783928651,4,4100,900
7394.1070816573465,79.89418882390179,4757.630767906413,20.95351947609725,6833.680602408428,26.11331440597152,10226.522132462955,24.66569696189017,4,4300,4300
8583.370882890673,111.88229207493514,7198.721603579816,28.257505617761456,8297.472676418676,11.688464761026239,10718.629936666888,7.596101340722657,4,4300,5500
8395.803826743588,80.76210907261843,11126.067477536611,108.50471634440352,15102.400893950304,85.59914238508084,17795.788589669504,49.889193723145844,4,4500,1300
8222.006263025114,96.74914446527158,7814.611264041694,69.7870290004733,8528.13190987881,15.679416304845239,9957.879832886203,12.264506542492946,4,4500,7100
8242.646593146634,87.33706411856957,9040.238577677646,119.20502485313297,11469.620526762756,117.64689606104533,13242.157979407466,95.5127232353155,4,4700,100
12828.630543520125,155.216935857509,9692.921200644347,30.127387730712606,8260.700801274947,28.35529291102371,8629.194829559518,35.76233490777189,4,4700,7500
12151.294927550114,206.5242739473843,8646.354606629136,73.00690585806576,7388.211292555965,45.88197731363791,7696.665801685899,43.31152737018601,4,4700,7700
8278.278997202542,81.76596920091264,10428.264543008896,93.23602906136676,14202.5327640753,93.17301944763236,16043.751890072423,71.67141899346099,4,4900,500
8465.431584115122,73.18616041999908,11643.66475459332,34.40177857485376,15468.289902797373,47.34812012187528,17596.523045419206,34.79992592541851,4,4900,1100
7602.130709160569,75.39984268690291,6473.640535697838,36.626106705938355,7270.022464550509,14.581874795163921,9182.337497720213,7.030274392328585,4,4900,3100
7626.724938179547,72.51614521741482,8392.077754643846,74.17875832764106,11263.302555058468,61.78872885168992,14267.202270859309,50.18200822738152,4,5100,1700
8147.692590676074,90.87766304947397,6854.176372218471,48.61612172886715,8282.90148134522,28.479124200245074,11093.486312927975,21.264717314184246,4,5100,5300
7582.769375980072,76.46092023521058,5929.911309813814,38.35156259311803,7108.084098972639,10.408458350512339,9751.437652713948,13.76069850086426,4,5300,2700
7430.824472980583,78.10180548803608,6168.184868958395,13.285986059323605,7656.310572981735,7.192016361485153,9574.612399030513,7.165866395347076,4,5300,3700
8152.072340350156,90.2397977280513,7738.38415331161,10.615090436304069,9881.177953071297,32.96300291579326,12381.136819345724,26.864840865292596,4,5300,5700
7518.819874583325,76.60481888010003,6876.1434243291815,63.461179193399296,9544.228605824183,43.73159640267154,11892.478412663486,29.431113194846063,4,5300,6500
7800.7417337332,67.19867933716286,9644.44803965379,33.206823081384556,12719.827745740287,36.22340696459503,14949.862688792487,37.74678607274459,4,5500,1100
7708.404369408528,70.1889670090199,8284.403287628154,48.48448564688392,10509.112240522734,47.029618016007554,13089.550839607622,33.69805402154609,4,5700,1700
8164.366177717166,89.98573730365923,7029.6194391928875,49.74820663931582,7704.58129160098,17.156841804795913,10228.001640269144,13.956716173486909,4,5700,4300
7659.01926902879,72.88076790945158,7327.825952174468,35.918695042043936,9596.32594902838,53.06307007781298,11707.105163343318,57.749596142686904,4,5900,700
10632.134123929567,178.3685344901025,10991.106037215126,94.1563016425002,11733.974760901558,62.658894021695396,12798.916076372836,44.28680935577054,4,5900,6500
8148.375061777723,90.78558183415892,7018.116753431334,35.762572105325994,8174.346724862372,6.559971095272006,10950.773288609873,20.020503005295822,4,6100,4100
8874.642844918024,126.21878779494865,11213.711143313083,98.7942126522053,13402.026558914396,35.28698102740018,14731.010289322949,11.544991964895518,4,6100,5900
12741.268168626022,72.07551032150593,13135.952418810573,37.56520896683914,13232.327564566533,38.81950913579961,13849.515689682059,34.854643186713,4,6100,6300
7513.780467041853,76.9369623024654,6228.6165370510025,40.45894907807475,8833.179279651864,25.51551016183761,12016.60289152644,9.805182906383685,4,6300,1700
7487.030561747154,76.64146230406274,6041.869399325029,46.01388641166207,6667.348450447013,53.458522139512134,7900.691212290225,57.703964935562716,4,6500,500
9042.320856863653,115.48809334810815,11161.469364593644,103.85550225366168,12365.837522838794,65.76595981785835,13320.986156101322,49.576746411548015,4,6500,6300
8923.349992248965,96.59453665627254,10621.9973816083,71.8862486198197,13061.53750462068,32.3862591680006,14924.292699272137,5.541103212971615,4,6700,5500
7412.742136741111,79.01116074552499,5486.776416604887,31.888996136237868,7097.182098024659,39.51687457004276,9140.586166184457,48.07168081998796,4,6900,1100
8781.91528723396,123.5903774940187,10108.321831288971,134.44512401336502,12206.146859625522,78.06011195348775,13871.734047384183,29.346243001928748,4,6900,2700
8224.011538062869,93.15475355959484,8216.816132251879,61.46268795706883,10392.150150776388,26.344984648478526,12940.486945681412,10.292484961564943,4,6900,3900
8417.597944485175,84.81804019583389,10140.724338499456,83.39486797761755,12456.738081334848,56.077901954440144,13841.050949892968,44.33110474410671,4,6900,5900
8393.184911201397,80.15148776382689,10670.70342543597,40.81305200921237,12463.274192752426,35.47418144447587,13808.061178663365,14.97685515980929,4,7100,3300
9731.182556100326,82.02082196324702,12389.519512186622,34.20533910784682,13504.97808230182,8.77187329547056,14489.920646502324,18.51032538157512,4,7100,5300
7391.419335517941,80.10774429573544,3975.720227464219,10.93133617514674,3203.191107814003,17.396702824693257,3864.733061622119,35.15157258630392,4,7100,7500
14171.076601952536,173.65680313265017,14927.597444008636,47.61770455906764,14639.228678928444,14.76164597712915,14451.430955561325,10.350089058589521,4,7300,2700
8899.272824657046,98.29520489089222,9177.490232145208,64.8193623347603,10885.578157033859,36.392538877212715,12846.459782977628,25.751218356428367,4,7300,3700
11308.0858575909,186.9387010771816,11853.819382367423,74.62430865909164,12741.793144387515,29.745299975814568,13747.930491503548,26.969419358958046,4,7300,4900
11311.359719495442,145.88155269074855,12242.818852862654,100.0781812484802,12406.17977119846,64.1260077589901,12518.491292688717,48.39407272170851,4,7500,2100
15305.573105049314,161.14761299105152,14672.803619870292,79.60896306328785,14265.85619738975,41.93583582672577,13899.854326002158,34.33040335074233,7,7500,2700
11381.169208211464,176.46646483502352,12411.816774538896,53.05782218698321,12598.402916260271,42.95567235801662,12988.213997491857,45.38910142718103,7,7500,5100
10482.940368952577,182.0412157106438,9378.670669570316,114.13604679923358,9898.473150532483,83.99089182098899,10498.285617931739,64.61327061232575,7,7700,1900
11989.493102008995,211.60599080047012,13378.714651581124,120.4733279517821,13012.2755508812,73.0241721925587,12680.411363066722,54.8067902070864,7,7700,2500
7659.839848806593,75.49775143261976,7517.400538157198,84.36203778873762,9444.068845508893,68.25787866486681,11102.471000115836,56.68620496010991,7,7700,4500
7587.416156053418,76.23157931680066,6706.7094804778135,89.39197897599519,8144.0206628719725,86.77032224391418,9253.99158154741,72.17417669348882,7,7900,5500
7472.316008640003,77.29732236734445,6118.57996408475,43.380666431023336,7685.307553365612,56.08968511355091,10257.748085890018,71.10733895674417,7,100,3900
7492.406054025964,76.39834438043414,7198.768305947086,74.80390902393732,10101.37022479367,95.9518053754038,12987.503534337437,94.97052174423735,7,300,3100
8676.97683408213,108.31021628225386,9016.714689736395,73.5044843778669,10658.659536528121,71.955085888466,12458.855105428702,66.88547258958354,7,300,4500
8244.668759108587,90.83455079763002,9719.06511272293,132.1643823727146,13032.161695090985,131.41570621356874,15083.416800932551,104.49811605761421,7,500,2500
9095.242344194088,72.84989032301408,11056.322102759701,63.47174435411816,12125.784221785689,59.14176542026961,13044.964862264464,61.06058887341689,7,500,5700
10483.806924491982,181.88809313029643,9185.778152559844,98.74773466152102,9319.244157584682,76.64788686315502,9915.390949104987,68.61268052092944,7,500,6300
7469.034170769956,77.52280851426305,6000.3764087900945,34.54893408399233,7331.845553005504,40.01164062370131,9013.025846535307,47.37946544358233,7,700,1100
8832.474010286505,97.69595653361823,10972.495125860283,58.300050985865106,13189.205134501277,48.007705105899035,15094.47899981388,38.71873947077735,7,700,4500
12295.705138393927,192.5242056923478,12138.981875959304,18.79153062847017,14192.892438436522,33.882611215424475,15506.58276058452,38.96185526855663,7,700,5100
12838.55025616609,155.1578919697775,11923.470686741379,21.045118216352154,13918.549684011872,31.681015807818817,15281.900798751805,40.738219551519116,7,700,5300
11193.309283307533,150.70580172416553,11286.436044642678,35.11208317787209,11559.320962224054,51.05496387400094,12173.975064506623,59.332116541526965,7,700,6100
10361.191274176099,174.5112194481012,7656.036764732236,67.67413253187216,6802.697429183587,46.773632210971066,6533.6524814944505,38.399788716402895,7,900,100
7487.784521295614,76.49441395366071,6950.661087960654,31.48044529212465,10413.279254437433,77.66498499457306,13361.621160898556,76.47901424439618,7,900,1700
12279.142114839744,187.03522863231404,17684.051241825215,165.1532016184255,19795.724233632285,112.92635037575474,20044.236311371482,72.69093474083014,7,900,2700
10551.26475180594,156.99804664340755,8892.83535797225,20.839314554941257,7941.408833734417,27.49429843435031,7625.0682527852005,31.193656603317066,7,1100,300
16247.83591682739,229.7215104256087,20140.528153784922,199.63723304533264,21409.372879904717,100.48896761132433,21384.777627072082,49.086528311804166,7,1100,2900
12315.107980723255,297.4465394967972,18396.47138668068,229.53458734592323,20239.25774550345,121.52581104710895,20300.537235886986,67.0813731718684,7,1300,2300
18319.25824682293,215.1261979592719,23282.49612149862,177.77222069848804,22793.998852712142,75.55057830638921,22144.596386807665,26.95581654172449,7,1300,2900
12950.994109152773,212.33697566110226,11895.575202409975,64.67521875327297,13176.98438562072,47.12388523207294,15942.762038548462,14.989674132223639,7,1300,4500
8661.24372513599,104.80349160041051,8457.685995511856,29.5423293597591,9974.745220805176,49.39504907838588,12122.517244550185,51.58428249561322,7,1300,6300
7585.410881015664,76.3171818590292,6331.5005533386075,64.16152374109154,7290.111998178399,38.03699249935308,8621.423292668405,27.274686037607108,7,1500,700
22257.596899253593,256.05914500267255,24047.89897572209,166.92520172784359,22556.796034755516,86.12323533409675,21598.98018936538,46.87555245057572,7,1500,2500
23871.50150424545,150.51031251925974,26235.03030094884,48.80408079986028,23646.678609735976,34.45419384014257,22290.200566617194,19.994987522401395,7,1500,2700
13268.69101951755,206.99569017900916,11107.373718947343,86.48844933839408,12324.001006713399,54.13060460159486,15517.85965192577,23.29148859000299,7,1500,4500
9357.682667293197,159.6726423646767,10792.6009255183,76.98750944359888,13220.029712384134,37.62697129521531,15973.43966919777,20.818237261320007,7,1500,4900
20171.163349090595,384.51384480087904,21769.611700873018,220.03804620468185,21025.358963126357,117.7904323753143,20846.800847587412,61.37073050855487,7,1700,2500
17790.804180256888,307.6961706826937,22414.67490448558,190.65035610735586,21671.247090573783,93.15319228954384,21528.648765621576,41.84342201812438,7,1700,2900
8950.892737966742,137.88796601085565,12639.372516030564,219.2945249762781,16608.21707097461,134.45812690103352,19486.495618552726,64.50992747690245,7,1700,3300
8583.370882890673,111.88229207493514,7374.642620740138,37.14543950883661,9255.1101640787,36.32965623212365,12442.914522080788,41.08487315705243,7,1700,6300
15445.125791737419,379.5243220670115,18933.000731415785,235.9861092455222,19684.12057328063,118.03431714953842,20341.334425037792,59.68668302372454,7,1900,2700
7604.843702642968,75.17006158702134,7674.191425506655,30.725743096155057,11336.298144651215,5.072074430893801,14893.556879408401,10.685223013325865,7,2100,5300
8457.370399352347,112.89461773902627,9291.16723745526,136.2144109378398,9876.760969962315,78.25318980566517,10938.993954709165,58.59480808606073,7,2300,7500
7587.416156053418,76.06245453107496,6975.333346433853,54.22712044686435,9984.552249110224,42.711412684806064,13517.675933381377,26.839075769836207,7,2500,4900
10364.561491417153,174.1141141496939,8779.42769174634,62.34703612873771,11305.571056243843,42.80479212443839,14727.461004866285,24.888269203709616,7,2500,6100
7512.434849871485,77.04236935044011,5662.476730234805,46.10411277588824,5841.258597545624,29.991202722521788,6823.381752199925,29.819690670578606,7,2700,500
8167.007682752755,91.89229024270415,8204.882550277383,44.53762398431633,11367.470468911815,20.89817530492006,14957.264789128876,34.634610581742486,7,2700,3100
10556.921064312313,156.38361769239512,10274.027055048347,25.63594400501435,12623.3113839173,29.60012301358624,15347.866732160102,13.727446130785951,7,2700,5900
16550.028957263068,144.40327433135133,15022.48421759132,47.583480571286636,12836.23720244051,37.170948494220134,12370.383923346582,47.90813110105785,7,2700,7700
14209.244385215585,270.00682501908915,13631.497671683728,118.10470093431394,11890.300870723104,64.24396473784374,11256.055905686504,57.10567477439289,7,2700,7900
11990.97794252944,258.85984226988523,13347.86089837273,117.25805524329444,13284.311208150299,15.080090749249322,13776.818396515022,33.98323754482171,7,2900,7500
7395.472023860644,79.76757752676828,5445.380814575751,25.137806335110827,7592.436878034173,38.828373428792794,10019.660264604807,32.10325584105234,7,3100,1300
9337.63886301105,93.70371817712322,9599.73859253654,29.617017733046442,10840.94611456546,11.456651951063408,13531.51652809662,20.406395025230182,7,3100,3300
8791.394510393893,100.6527872976655,8821.308127668804,49.18000272557241,9774.582873395248,30.487824460348147,12546.541055752705,23.051019823176837,7,3100,3700
8531.622993328814,69.52316281546406,10320.986212663092,26.15481084667335,12479.92980731332,37.333638640637204,14719.528042894146,29.192916083958615,7,3100,5500
10107.897959070871,197.88344416488923,11842.467496596928,132.95669620450198,11610.28061838601,71.57508906097453,11701.668246570674,58.71704616803406,7,3100,7900
7514.509179247319,76.8810633652061,5965.858986215371,44.30837954668026,6439.249728006277,39.075403772124275,7243.638268025735,41.67587985080047,7,3300,500
8150.40315004974,90.55052901783873,7704.074617871123,28.98316784983268,10199.81218499639,19.84814502926933,13384.199697425856,10.83587841919619,7,3300,2500
8150.449391153556,91.12809786117009,7546.932552948929,72.05648209184943,9717.389317303485,54.24823427662682,12781.82027892873,35.82677521092023,7,3300,5100
8266.77188432994,84.55428097236715,8477.574465676362,39.15945066501651,10593.980968418678,33.30000837631242,12979.17829732357,16.379180646596325,7,3500,2100
7583.451847081722,76.41840993071183,6242.479146158703,47.566837219405606,8143.3127916659805,26.88721772805153,11343.068354289479,14.296026882322412,7,3500,4100
7788.92320445361,68.74671540609486,9950.430566417555,62.208449310879274,13033.571420003007,46.64913601960697,15354.70428419296,31.096683291537108,7,3500,5900
13069.365684361994,258.43167100663146,12915.903185278683,102.35892084600798,14351.047302664268,20.58304413263446,16380.177162570493,4.628223991348584,7,3500,6500
16308.371633507664,137.28363119099842,14583.524756293657,36.221629082246686,14528.03872079435,8.545320271078129,16140.516001145636,15.359760046468038,7,3700,6500
7417.7100558357715,78.62936517912871,6641.761549226516,55.72073579924795,10230.89796709179,64.37965200622328,12923.040608575824,56.64998216521072,7,3700,7500
14084.000871226162,256.2472778444295,13494.048976464645,85.48411431891245,13932.690367411495,30.996664645806888,15583.735929163686,24.484354713280794,7,3900,6700
8221.323791923465,96.84306405369581,7872.020680425009,86.63343106571826,8912.305976029256,59.99425869942971,10021.182020058284,44.728358512851386,7,4100,1100
8342.270251938933,90.14257057198323,9399.398556337404,69.97432765583333,11206.437777445557,29.359041937740447,12859.5329742322,17.98091511485584,7,4100,2100
7514.509179247319,76.9420877092263,6558.856559610727,38.109417071918415,9676.126708558319,7.456810247505127,12913.745809452448,6.054289752271153,7,4100,3100
11673.544919138805,248.29514777940165,12074.920301238299,110.66865712102913,13142.56530522721,47.57538360604671,14975.490450717341,29.9935700114091,7,4100,6500
12904.949490906916,161.38416255738238,11016.189821278225,55.44915430751501,10434.512656975727,48.23100531337817,11227.100395426889,35.38970059190397,7,4300,1500
12905.562907670492,161.31430203552367,11184.352132112686,53.23120217583738,10820.354611494398,43.94360418208716,11755.544339634085,31.4723544421289,7,4300,1700
7393.4474237899585,79.95875761337858,5353.133771181451,33.0480229698092,8561.453744143948,47.02768766701213,12173.090565175347,29.157521763698913,7,4500,4300
10481.524317427995,165.17229681660368,9105.156844920051,46.568169879464755,10130.388215074277,25.657753340897823,12673.204222928069,15.179712412036894,7,4700,3100
10557.511667841623,156.81634879046504,9805.586011034362,14.7178346373182,10870.603974168573,23.425014003717145,13083.202543807995,17.492761358738562,7,4900,3300
7487.030561747154,76.83520529177999,6133.304453323931,62.67986944930667,7971.390242235774,32.42625593305379,11368.938139216474,6.944549410182615,7,4900,5500
8583.370882890673,112.03583130683862,7502.882287141837,46.81200596424616,9552.291455260804,25.000812301920043,12502.817080205821,12.914275015798786,7,4900,6700
8584.993832087273,111.66198441308224,7554.245636977266,36.035014646724136,9394.750542629003,21.92688995247096,11958.106203605737,24.348333075635633,7,4900,7100
7395.660976515869,79.79065375201118,4678.142035003436,28.05534293171572,5555.418572042545,46.72169476769055,7685.453518694907,54.14200843968727,7,4900,7900
8433.925145161955,88.72436031155011,10063.488924275634,65.85895618586679,11238.21861263886,42.71501793952199,12846.38913735726,24.948180967971094,7,5100,4900
7855.0851439023445,67.96079499413085,9356.659734207682,12.188535314267662,11915.390950286786,17.3130817600267,14000.462805716883,12.988216179401572,7,5300,3700
12179.139542726463,194.07305938993142,10988.417733477661,40.228976335924614,12620.375268353462,17.796560429853898,14135.382143170553,12.348017247870239,7,5500,4300
12392.103610494229,175.18790552265938,11541.000174309065,27.997621537768033,12578.204499162319,20.60376049717817,13898.640553732464,16.301723547258444,7,5500,4500
8288.943296075722,91.93627309158869,8930.127162147845,93.58224276557962,10374.164952719866,51.482117098855944,12452.726437585097,22.750981665529974,7,5500,5100
10435.482133290876,181.0557243176153,8301.349625464281,82.64926443769541,7696.520367855883,62.15382853360095,8260.727837709597,57.19736833094729,7,5700,100
7587.69348807965,76.15470746660628,6896.285054492396,54.29217767249021,9795.081254037064,31.736899021977237,12840.137443970309,18.18476677197176,7,5700,3300
11548.565095813563,128.74424044546782,9951.96597075833,33.218181746028655,9679.003382843719,50.666212199214534,10227.774808564973,53.96459169176672,7,5900,300
7548.160762613302,75.61943844434876,7294.831505562597,96.62562294907627,9826.034831209667,80.63500518893353,12496.467438834323,52.17407312009929,7,5900,1300
7588.687177028937,74.78400652288373,7294.720450322496,76.9605157969922,10210.374881830647,56.43738225619876,13251.43622179676,27.13614221750235,7,5900,6500
7727.839244691274,70.79777441203892,8933.79868237602,65.01645110955863,11541.253223682646,37.233261782303714,13200.847248275135,26.946280022577657,7,5900,7100
7544.601592717025,75.73934072844574,6892.949479471748,67.33565461363695,9310.178154398873,50.20547688913637,12555.606787546609,29.599379958694144,7,6100,2500
8147.692590676074,91.26931188869098,6762.4755229924895,70.26311876163092,7387.950673366433,67.00909786598137,8615.408311802177,63.52303552196897,7,6100,7900
8662.377576416873,117.92124486652672,8995.946278100831,54.99778415780144,10606.665032557272,51.02433574726295,11324.709902140858,52.843673576631126,7,6300,300
7400.310190697948,79.43694592581305,5722.064868667151,37.352520860290106,8319.676285720396,44.990551439081564,11345.959832395074,37.12213872260116,7,6300,4300
8358.473018656778,80.88072359399997,9209.73757946318,49.23281070784635,10521.586051568764,60.82697170909054,11501.49751451163,56.43120622100162,7,6300,7500
11703.752628050404,234.42800754925332,12698.804678154753,59.215282703109956,14066.007147539936,21.83198883755632,15119.333238602803,21.73014426682351,7,6500,1100
11629.461768935626,234.84641720162944,12143.072567722498,75.8145069956096,14047.971298469287,35.65756993303199,15521.420722605864,21.33321644214038,7,6500,1500
10535.740139593434,172.5864647439725,11392.079956013356,47.83407579954254,13392.028924230106,15.641082407547456,14622.193309004206,6.045894066895433,7,6500,6700
13522.774935102596,213.10707530059366,13070.178307535387,42.52640082071709,14480.488658761986,11.709477484546191,15601.757313072003,14.358161642681129,7,6700,1300
8736.553140089756,107.10843375412472,10007.451898824793,17.92509737713059,12630.15907120106,30.87322898206679,14493.221574852509,24.628408429425313,7,6700,2300
8678.255831023154,110.24852964656718,9164.789656977346,45.967316168901945,11192.731278463743,31.021563817810712,13200.27025997068,27.50781591703365,8,6700,2700
10550.584714813023,171.21356492738974,8977.86471008112,61.171487439065636,9962.797695326666,45.28681076578217,12205.57225318703,32.0919793595987,8,6700,5700
11571.910062998686,126.93793921108185,11693.138481766027,33.22052506676853,13126.753449116331,31.43198701927336,14058.755625928108,30.99967059631388,8,6700,6900
8146.9638784706085,90.91422919195354,6763.937425023545,40.18452117071839,7527.449037008088,35.014963337054446,9546.578120472732,41.23579850499095,8,6900,3700
10435.553621737688,176.24923634327376,8564.24759012253,66.68179620150626,9174.498161743317,45.2655313697006,11164.174082308718,36.758773739542264,8,6900,5500
7398.348722655275,79.57686760860847,5159.232254520713,41.463238702371626,6311.274202562438,66.5287388711225,7827.808727450089,67.97340191254378,8,7100,100
7665.358052636811,75.10397780162373,8191.672020789466,88.9275974122435,11059.211029120246,77.13537207396716,12778.088735384099,63.54217306212879,8,7100,900
8164.3661777171665,89.58469789824264,7136.391684050627,42.85222447894159,7975.147273749868,47.12370293034342,9737.34777189628,49.568035113602505,8,7100,3300
7742.221362449103,70.90743783450938,9353.216825860603,20.491310767808933,11876.54100227791,35.6101319260936,13074.117651909504,35.11053039938533,8,7100,6100
8665.890505209338,117.70414135292208,9347.521905981148,78.51157084882222,11476.076701410666,63.508155103945754,12627.55381451972,53.068837748739156,8,7100,6900
10628.929316363101,184.83053022902078,10661.86422688544,49.53444960581853,12111.698410085048,56.54042827498794,13233.686513714514,55.53456691782262,8,7300,2100
13327.799104514837,93.34867694413066,11022.888943658485,37.341353214443146,11205.328853523446,66.70734853828968,12129.137554142395,66.26992124378911,8,7500,1900
10550.651335042368,192.49013110296238,8971.65119580992,93.89857966525182,9329.675249975711,79.76829962116618,10415.795351603485,74.0143579960756,8,7700,1700
7391.488389856018,80.09991961493765,4203.665288439075,14.828656632076255,4395.870422495576,34.63127390036349,5917.617021470359,43.607475395479014,8,7700,4900
8223.216205628061,85.61284585942362,7949.181630013425,54.845143129838654,9062.046404833609,62.82973405644256,10019.828381168887,59.371414471308306,8,7700,6300
8147.761645014151,91.00708223743977,6841.091953037683,67.20022947076683,7224.1570151874175,66.15075520126645,8083.9304237862625,63.49772449698686,8,7900,6700
8223.94248372479,85.59963138791441,8083.516131562809,67.38363046176475,9106.515484558344,73.1571935705446,9631.133530243693,62.76386184670788,8,100,1100
7430.142001878933,78.24492790691662,5644.034359590409,55.60314509835577,6216.79411562509,46.59284421528,7374.920205460969,49.35235245096017,8,100,6100
8225.498812692047,87.50850166721285,8125.439566517996,78.14011155754795,8939.726211979027,74.85041798979647,9397.235051268775,63.48084012336892,8,300,700
7661.776069506272,72.68729722174325,7670.68115368343,59.48550984809397,9480.307263802184,73.75307607911199,10698.622748358466,62.477637463146344,8,300,1700
7467.669228566657,77.65647580748806,5288.709375117759,41.65234283506974,6020.716176800767,48.21685745246186,7893.6661418451295,55.06568032707243,8,300,4900
8149.246485534596,91.04379060062675,6755.6282784482655,60.18515890184671,7111.022553367139,47.873397207907274,8681.917513774884,54.653747253968156,8,500,3700
10380.552607356596,173.9013743004076,8438.904058397276,47.74241886070142,8633.24816703011,33.82606789732673,9952.984942657718,48.82544355431606,8,500,6700
7604.089743094508,75.42193468646227,6944.7365158804505,68.86356479584778,9215.33318305311,63.35158725513609,11658.7176493424,52.06381038527492,8,700,2100
8164.366177717166,90.42898929295339,7147.768605917686,55.41135678418771,7831.989153109863,42.79516899692309,9744.398713020062,50.53269293984062,8,700,3300
10379.276044524306,174.00267400421285,8379.673989446757,49.87954489661427,8965.99425364892,16.64550390235802,10923.102498460472,39.221566397963635,8,700,6500
10533.850159997575,162.663879896124,10941.01315902109,32.787338731324965,12085.449034168938,52.40271404530727,12705.825720220688,46.76669067008421,8,900,900
7592.649051891899,73.57894331867719,7485.517734361189,43.96838398102825,9588.815863656344,48.70083844347945,11888.087179243012,47.70242225584107,8,900,5100
8974.840246604115,104.15723657630396,9803.583293444788,108.56524000483387,10700.678238150485,83.69947313217827,11748.827437745953,73.52004694319706,8,900,7700
10370.403268377424,175.03759818172688,8881.863112185109,91.86514742777146,10145.703008751152,74.31829404886015,11541.026505696746,58.680116171579705,8,1100,700
12178.270553078328,193.28750874924063,11219.734340342851,25.163987178536708,13287.865450135205,15.833976029886156,14545.879848133372,8.870675593853854,8,1100,1500
8243.326630139549,94.1549668576378,9295.490584065463,81.24146661640538,12146.469697802457,55.06073523190956,14058.304257331016,53.12153818317037,8,1100,7300
12121.102227075147,197.81294881908116,10811.68711775442,35.538885407920546,13002.363524350592,18.791795047482232,14608.673854680761,4.466807015285584,8,1300,1500
7439.759135155671,77.4399840840576,7382.606982391379,24.22053894739057,10600.604416823944,30.309725314126837,13481.20055887893,39.590024066180455,8,1300,3700
13027.901225960144,162.1715813694744,12841.61826777364,83.3940734037936,13212.473600178799,81.09146869969942,13598.526117814226,72.13227588773927,8,1300,7900
7595.339232140035,74.30006463647076,8151.920105171966,62.607610896407095,11727.226498672955,33.42857023055845,14757.684839155627,27.304052771495396,8,1500,4500
10620.011185366175,155.06275791501622,11247.968903193583,36.97690162286755,12853.470165545083,29.512617231330122,14670.5090106301,23.880200162921184,8,1500,5100
13438.926755490138,133.8600393147231,13794.071904126311,67.30350627400269,14424.946876404238,74.99152724009485,14644.299166995308,67.51467206101105,8,1500,7900
7680.339636143226,72.1693961085085,8290.36776815813,50.218350065184126,11260.00128784083,37.200012202750706,14300.394896119833,25.65563345904828,8,1700,3100
10483.821932928608,164.5384421855525,11398.086695133034,35.032491595327265,13125.307730339371,21.92342184345283,14825.663127193526,15.774780837272635,8,1700,5300
7417.050397968383,78.69999230910744,6319.21687769476,58.59424492867877,9664.503175185258,32.46105162916289,13645.476705510007,11.087664718597493,8,1700,6100
10499.6090877762,163.6323016829278,9690.252209463633,20.270790393848188,11091.590162111006,27.009413008509494,13707.74620387088,16.666006929268534,8,1900,1900
7590.692452066692,73.70825435515775,7388.426366817329,18.788175455665147,10368.579573156712,4.8770727804148954,13773.18264917692,7.036717193579764,8,1900,2500
12443.804015198628,169.61187271124956,14679.663451133945,101.66509696303761,15512.952550221165,80.52185386245249,15692.393783068976,64.96344544940783,8,1900,7900
10364.676786859047,174.65247006433205,8607.475568031077,62.592570335686695,10354.872280915297,36.517018457200784,13183.033383480428,22.8319328344926,8,2100,1700
10631.54800816443,158.8184077293705,11177.214287645915,38.410973732831856,13459.36764332377,20.686205780363007,15683.026992019635,10.644960620315906,8,2100,3500
7511.107729339073,75.54071272492799,8306.22283693532,54.8065074139172,12297.549532282188,25.3985233679525,15279.940249276911,14.360012882528027,8,2100,4700
16069.418874034001,136.75134806571847,16670.7746651446,53.55628963425079,16991.659951646205,45.47367883276581,17041.755598480537,42.9061970898378,8,2100,7700
7487.713032848803,76.58344007224696,6636.643510526626,48.33305486420633,9103.447979895378,27.47195517608524,11578.018758162265,23.444126513283948,8,2300,700
10763.257556498325,151.8200371113803,11821.48055847982,35.03659963369882,13813.159847353834,6.694735277003028,15766.344788842169,9.233523142362955,8,2300,3700
12156.624178725111,195.20296267832947,9995.204905953644,65.09662690140566,11299.889297158315,46.82661169697177,13996.226184660944,20.758378025739553,8,2300,5500
12113.836755200466,198.62646146373856,9518.243737738769,72.17934320668695,10761.85587973104,45.75137919799694,13776.926772088882,16.562606599430392,8,2300,5700
9341.949558347056,162.8293672178036,10424.159888541062,137.7043928735953,13380.183685834434,80.72480449248935,16433.146887584247,36.699269800386446,8,2300,6900
15230.830174503284,160.31718477622613,16273.373517630831,77.25020742426368,16782.772717693955,42.49967413025308,17670.479134464582,14.033927180544323,8,2300,7300
14779.09171201117,234.10218137926202,15967.810587726774,110.8602346379158,16476.527510605734,64.43925156017106,16729.440291007766,49.838916885656204,8,2300,7700
7548.160762613302,74.83942199340898,7159.957004283981,76.57315403880204,8519.736817804107,69.38531308498564,9634.471040177737,52.8582699250719,8,2500,100
13896.540641288473,236.31534929381013,15504.532452103962,85.47996518627679,16276.821272811487,44.25297978635976,17260.296830487554,22.113405744268366,8,2500,7300
7857.301130736988,67.23833642864066,9636.222273781634,54.462326754637786,12462.233863824198,36.37492162469455,14593.094985373004,26.8816519354411,8,2700,3300
12274.554783829339,185.49075416986918,10481.545046348927,58.215413856922204,11764.647419988063,54.78778432001411,14188.082782978563,38.977352290756464,8,2700,4100
7413.537469175919,78.93470990339081,5881.761377358351,45.54771243026333,8680.827404357817,39.17978739697154,11500.368001241957,18.930153903932165,8,2900,1100
12097.232222497458,201.1088613925193,9230.65592512789,86.00015093361965,10490.07494144532,66.9379147756739,13204.891964320508,44.31060176452514,8,2900,4100
11196.679500548587,224.34250644390812,11765.384615247007,57.96104669283426,11838.71307741834,11.225278008073039,11562.228860175414,21.15744257689301,8,3100,300
7735.2715961862405,69.63721471433144,8040.2759360997425,16.851298569864877,10022.199781488496,29.62980860427639,12591.812588393417,29.55746012739844,8,3100,2900
8294.547445168215,82.33336331928139,10178.491123508933,41.66902331568183,12972.932590566572,44.00373679551465,15075.4917447977,34.71976169033885,8,3100,7300
15123.34947327226,157.18877522630558,12453.2864760801,52.0680482533643,11266.39748041726,39.62249534068829,10665.730495687381,37.375945393240436,8,3300,100
7470.310733602249,77.44498378932401,6030.535069676454,36.877239278100845,7768.309088901941,26.865567279488054,10633.740997158886,25.1206946634361,8,3300,2300
8165.048648818814,90.44305740220999,7834.723632939615,80.96087990660791,10120.240923822363,76.78313160034232,12443.233704483075,64.31527432519971,8,3300,7700
13582.21605253886,204.19452296547476,12012.8683332328,67.52129475734196,10658.803817278016,49.575733446968556,10175.609102172595,41.33134295789396,8,3500,100
8338.382973270818,104.30872373911741,8324.131576351712,110.88841075687077,9581.240338965026,55.181309820829,11866.863181957096,26.12839109160941,8,3500,5300
7432.170090150951,78.0603383429931,6707.95431755321,36.11117847149357,10480.773667098974,17.47077389490265,14100.188003486655,9.917766298311559,8,3500,6700
7468.3516996683065,77.59739330571634,6020.055748283129,39.96577593805111,8353.1257145364,17.860543066274438,11304.71709727751,11.231063716119257,8,3700,3100
8225.496378583315,97.26617791223555,7874.53616636227,105.57776569422121,8241.369939004286,65.68301740074683,9086.678335984076,41.4936174569033,8,3900,300
7393.378369451881,79.9665820791847,4677.243697851289,15.096866136545321,5831.516706609768,12.28712745610878,8821.586096244086,8.772781824205676,8,3900,1700
13658.465945587572,226.10689274493075,12953.27974652205,94.11699997864852,11683.069075815287,48.44535139159728,12314.685872852615,29.401344275384396,8,3900,5500
15987.793488706473,149.06181913071862,14313.427568612544,36.84228381101742,12522.854845513506,20.495821560616694,12915.60182017358,22.18813951744287,8,3900,5700
7554.716686128758,74.4940344949446,7768.22229275175,16.4921744751505,10324.33975103131,20.913680290178846,12673.519266484367,31.21159272020928,8,3900,7300
15798.47153651636,160.64903008775678,13388.737299291064,82.28458365990134,12264.175897299612,33.043080500752616,12954.403276825868,23.03751332809202,8,4100,5900
12906.908524840857,257.6004296133308,11517.016796043501,112.8555230074445,11847.731352350771,38.3506271011097,13157.83189618328,20.731130611867556,8,4100,6100
8721.05998428531,102.33724699074942,8988.657544331354,43.978285948377014,10139.276420930246,6.583204059874497,11452.339816489035,25.97440914769403,8,4500,7300
7538.0430990876675,75.84526738548288,7403.096600336828,80.27502003621473,9903.742355615077,50.479586972472404,12593.27924986542,31.597737837268458,8,4700,2900
12290.991738091237,185.6638835841167,10956.848377231296,49.28799793276179,11267.118635090597,35.685441152953004,12607.346695466158,28.91299049959814,8,4700,3500
12289.99804914195,187.39320788196426,10462.313816146803,68.7661277723732,10729.761401367185,47.13484221505476,12110.515227140866,33.06998801103194,8,4700,3700
7393.447423789957,79.95878428144283,5044.095830084303,24.560816415170944,7366.514778528181,36.67534806125436,10523.357884412668,35.47775356398288,8,4900,1700
8892.366220465296,97.44365214446593,9390.618209738306,72.68675205118355,9491.772418218261,35.56816786190407,10243.674976322902,31.0479942809057,8,4900,7300
8284.699220969062,91.15166236633229,8289.637200504807,88.74283017983578,8195.276613766191,56.302723178823584,8239.72403088586,47.27902176221536,8,4900,7900
7681.068348348692,72.05704460798515,7982.121674929234,50.68429581689604,9393.805651667579,44.658824094588304,11383.79533389379,35.89697962692147,8,5100,4100
7585.329534115772,72.90495495708322,8690.216979083118,62.84365522330271,11865.906343413517,13.901223059614145,14595.418814390905,26.044658044134028,8,5300,3300
7467.669228566657,77.65647580748804,5325.223556243402,38.57815008611586,6474.024606128616,26.38884279178619,9364.383432595354,18.329200768312067,8,5300,4700
7395.660976515868,79.79065375201112,4730.002759643714,20.578344976658016,6176.437744207825,6.268773451435639,9134.415627815208,7.01382179834227,8,5300,5900
8337.03735610045,92.37477242360876,7939.236479987267,87.1148658847422,7571.339334071147,56.62972237059353,7699.129204008317,44.70702685005149,8,5300,7700
13264.308835734722,280.35432252579403,9967.864129784108,88.28765009354635,8391.690694001272,50.107563693126394,8769.570368450379,45.79075631278081,8,5500,700
16758.739787822924,139.29552754243662,11219.30357934964,28.404735785803254,9392.716181093336,30.693819838203233,9838.624599542843,40.53916880940488,8,5500,900
13266.33692400674,280.1044220602237,10552.132732348791,62.570020025382256,9899.859623247856,14.033105032845167,10761.141454591823,35.96412706455658,8,5500,1100
7666.702615714582,72.31525661424266,8568.53320817497,43.72859225321391,12350.741671499769,41.99101232644475,15588.504021518735,36.709401075230744,8,5500,2700
9718.9277606282,127.61465075524826,12187.321731394999,84.26649117573459,13964.312652425027,48.37008176732969,16402.68688938999,36.42298412867588,8,5900,2300
8901.416208370956,126.35746068095803,9582.38632194095,104.57319915225804,12229.632090502686,55.42220626018776,15043.012394267223,42.32695741358596,8,6100,1900
8170.566852649034,90.75177945920294,7954.296031473611,60.79606218940448,8855.773637295926,33.086030520252976,9873.010631969286,13.26516580815711,8,6100,5900
10601.216336593416,120.67334980957887,13111.443874236504,69.05372539925665,14896.818599882406,43.602530292578294,17124.685528083635,34.477839689473335,8,6300,2300
11766.208290702258,115.7477167322307,13472.080114191665,36.577196783316694,16077.44991533139,18.31942272610082,18256.720083620552,14.203695280561178,8,6300,2700
7517.081629944831,76.72250150951582,7307.624438537931,86.03812468043309,11432.276381240637,76.33479322375828,14961.9353551439,54.332114970970586,8,6300,3700
11213.827281003174,130.79858087925376,13133.738614812208,24.114439867668246,16461.003680531132,15.250995652510392,18471.669988942114,5.089934618630985,8,6500,2900
7394.1070816573465,79.89418882390204,4843.837356116393,11.432709670026346,6610.256822094457,5.81672273189687,9679.634150109885,18.17678679528476,8,6500,4700
8974.840246604115,64.83331941176796,9607.792451242605,20.773660022552225,9671.573279302786,19.669733541297926,9913.249210211998,15.675341759839258,8,6500,6100
7492.406054025964,76.36599974634292,7115.046328120015,49.89882470994933,8659.651361933777,35.92075553913156,9690.852943103193,19.516577032675862,8,6700,5500
8147.648783680993,91.17495394264124,7152.849506435607,63.93446200167009,7897.774883608238,48.04499375065203,8505.324084491518,35.259467052560396,8,6700,6500
7410.78310280717,79.15399047624219,5067.642473552273,21.713956827585168,6181.943650891671,20.8292816089455,8109.506837076348,43.34420350961107,11,6900,900
11465.320641946002,150.70532272601383,14517.805909560459,72.82962481909847,16558.816331597878,21.992024542996806,17541.89934743212,34.043466195664465,11,6900,3100
9216.188804209556,138.79475948686004,12576.93828396199,133.67589805240684,13878.857769993923,77.50090982321107,14880.770319325082,59.185063101774205,11,6900,3700
7659.704174239175,74.59975429973163,7531.176467507145,41.7015256629994,10189.189741587543,46.37915327373867,12746.440632905165,59.48922848550241,11,7100,1900
14854.329021624058,117.16577889880517,15938.244023288295,48.95840077341834,15773.188237127033,46.01874145470713,16085.394844720497,54.050698829499446,11,7100,3300
7410.780668698437,79.15436409242515,4769.181589475825,30.559373589068425,4277.986919217163,29.359023400562634,4643.4655787413985,35.024319586431155,11,7300,300
15987.862543044554,126.70261423436816,14617.27429975143,98.41728531949714,13700.239555725164,81.03807289259439,13935.656234567097,71.45252380443097,11,7300,3500
7659.088323366867,74.66893488959677,7155.68741364421,55.00331932923829,9434.538003830414,63.2946729578313,11776.344226945013,73.08772564512994,11,7500,2300
12924.241769749346,258.7400839746698,11738.637829587646,144.83584570592558,11625.676746273277,99.45270943558938,12232.865497984529,80.69601473570009,11,7500,3500
7394.109515766079,79.8938189644848,4709.801451597278,30.296873862545233,5450.368407134997,49.93994975079669,6563.509579483276,46.081746750924424,11,7500,5700
7392.101806619591,80.04442753246518,4374.546180200636,20.187657403271427,4331.943318165789,35.85460187755099,4870.390938050432,38.66884794701709,11,7500,6900
7543.921555724109,75.52848272061722,6378.180474739578,65.69395467024992,6844.529029617227,54.90485449193179,8197.717751412689,60.44409551843783,11,7700,1700
7394.176135995423,79.88639230036385,4824.090518237029,29.305511347410693,5166.23133638898,39.0775646279845,5523.696959579395,35.70713501930139,11,100,300
7392.10180661959,80.04442753246518,4523.666730574854,22.439205314119263,4883.17532138912,34.62182617385009,5995.12982365795,37.18363108308863,11,100,1300
12075.727505603047,199.8024639820766,7859.264094273803,53.49768522111683,6829.900258773131,44.8549995713175,6887.612881100429,42.482513795491506,11,100,3300
7391.419335517941,80.10774429573544,4191.828715022952,14.472416967361033,4056.606829333328,33.727222252937445,4972.050449977341,43.28619396228366,11,100,5700
12094.4063676819,197.66220300993348,8467.878437237112,18.898089454541445,7794.75939523918,33.34681400441508,7862.906543357073,38.92152772984404,11,300,3300
8265.337887788566,98.81466813977269,7562.961160114662,89.81135257259692,7409.946167927512,64.74926970684153,7756.180552265591,57.7169912463634,11,300,7700
8592.536635988177,112.86281525632333,8688.403254523722,94.73158991169944,10802.61280241013,67.36235384152211,11894.843184444317,51.83346446602,11,700,6700
11117.7442954692,157.09772922438688,10244.333428366259,19.45526200788452,10358.794220291487,41.885670026122604,10726.972910070466,50.30257173623955,11,700,7500
7401.036468794679,79.36199814611908,5513.016656724502,32.236388486324046,6105.00001869551,35.44129682847231,6544.126349906453,34.26319475266373,11,900,100
7396.55061063175,79.70355220065841,5434.681877008454,19.861083857321173,7170.790128093485,6.8249100156983875,8686.868212632315,17.02340683264254,11,900,900
7414.698736566318,78.87572551236333,5809.568328371097,47.783743040674935,7851.278494101158,43.81192572164219,10079.919196279088,35.93326847472431,11,900,2300
7412.214665239812,79.0223121202746,5656.4404706539435,50.45587842388075,6932.9525010726475,54.19684285498531,8180.1340080522,43.9372157103821,11,900,3700
10479.565283494057,181.57493712198536,8958.17918444485,76.6479897206646,9519.2781710559,55.647816234901136,10241.481793452094,54.68050517665903,11,900,7700
7416.387251899663,78.72761713521851,6230.267259842321,72.2588120034869,8258.392587913275,72.28503802649752,10071.208260012396,60.47826589739493,11,1100,5900
10528.4565591029,97.08784015816724,12186.317123357963,45.51821715321682,13037.53061816563,23.860381971902317,13797.37576745003,28.25646969615183,11,1100,6700
12095.088838783546,197.96203575655937,8933.872139856221,19.253114720977894,9937.423608424357,6.573220006104531,11528.658340197791,15.725773221318631,11,1300,2900
7476.626703976007,77.0584488574547,6908.775139557608,59.34867382562394,9231.993601204864,35.459971094905846,11142.917891209097,20.209758553797435,11,1500,1700
12077.142177111498,199.81311844806154,8611.990304307848,38.04913319649836,9935.248392486112,7.1483754164281095,11773.115401870215,12.22737873513801,11,1500,2900
12852.707711112043,222.59005892617031,11632.999963109169,73.28550230878426,12681.392944271813,30.450202271068903,14254.972364921361,24.477654350890912,11,1500,6500
13288.599149232263,204.48118271429962,11891.663298385003,60.08539264096289,13023.299171164279,18.591573511182087,14584.714031517542,9.779947364843078,11,1500,6700
7394.176135995423,79.88639230036385,4676.890609603573,26.99832419423611,5306.942713285257,31.331630253643052,6867.373747661063,35.807378017390946,11,1700,300
7394.1070816573465,79.89418882390177,4757.475104275732,27.079801792692713,6076.168038021299,54.6194274092785,8445.84030212123,65.08101577691812,11,1900,7900
11189.067642309605,225.50760758158793,10518.443287632148,79.54603385240561,10326.765721189171,20.396576235981126,11468.991040330631,15.6678055159419,11,2100,1900
7420.074228845127,78.43662778390079,6925.038365259907,24.25455313789705,10704.410776854958,33.9094417852161,13975.337506485022,38.624222121424054,11,2100,7100
12831.31828965953,249.8457393956791,10189.03165828173,88.6436733847756,9536.442881478333,34.914478585042055,10619.45061773333,19.947828452334484,11,2300,1500
15047.099580223545,155.1028619184118,11164.305796693816,55.54282286120115,9870.050276142934,32.457092746063935,10871.500283168527,20.707313937171772,11,2300,1700
11112.886803598965,157.86620967514864,9636.267093170945,52.78750094624977,9713.061792701768,23.070907767931324,11175.402396446243,16.950878040711338,11,2300,3500
7489.78979633337,76.3908767864117,7108.632398734283,48.226949576018484,10589.20382957665,51.14058866143802,13910.578514058823,51.26217407726689,11,2300,5900
8265.3403218973,98.81449461861996,7788.15970796789,85.5810885312323,9116.215867815561,36.24116898746363,11309.107490734854,11.271127940395377,11,2500,3100
10482.935500735111,181.0689784924837,9269.787970173735,58.81165099122708,9765.461843541874,30.44121798006737,11142.137531563822,19.131951798978736,11,2500,3700
7507.074366029299,75.60639266526206,7166.787200059855,67.70074396990012,9148.708719921195,67.35244313322075,11747.736153985554,54.815185139404505,11,2500,5300
7497.144701671648,75.85875721692607,8683.782450169203,56.19243089784022,13630.133434191948,44.35963238524129,16875.357942141465,26.02765576593166,11,2700,6500
9341.603171982746,161.39069022053118,10160.882072746546,100.87047157787968,11785.510226208215,73.36977698563959,13742.726173073645,67.9842022791325,11,2900,7300
7588.002271818553,74.83501359927483,6566.07063477302,66.55322759567956,7071.784061071119,49.96934515086593,7921.689018536822,37.948743236258615,11,3100,300
7420.397801975176,78.41205287134827,6547.852513176545,35.128508827800204,9083.908341899321,28.6117528026634,11675.805428174888,25.916825343973453,11,3100,4900
12178.950590071243,197.3121432291668,11347.163491319627,33.49790511662838,13534.454058415111,41.25025853412731,15644.428517644352,43.088729213181566,11,3100,5700
7491.272202745083,76.47961862735983,6644.025098544635,62.18769850413747,8056.3260347474625,32.86406601576379,9505.825195750707,8.250187096802847,11,3300,900
12097.096547930028,197.80911582626294,9181.176412148943,18.658705516682357,9845.163064156746,21.810657560375766,10989.73754447674,19.416710913172963,11,3300,3900
12080.37428567639,199.38795508068404,8845.686326403737,40.72294502983736,9432.290081389549,29.774613620053184,10835.874718230862,19.713527344700037,11,3300,4100
12218.178682512927,194.93873517792457,11137.758909725902,56.23651239571077,13391.63573255284,50.265760392182365,15685.020726882207,45.214719009009514,11,3300,5700
8498.329207932647,70.6875187374327,12085.369424244616,10.847807767328558,15709.362838427727,15.417143744508508,18039.8959310991,12.98970394499916,11,3300,6300
13588.416727470722,170.99348803838,13232.152555931076,35.27605922232616,14176.889644977085,57.74371602770937,15692.221103428576,59.883616012381516,11,3300,7100
13340.627783121517,211.58725824982548,11763.23917477039,96.02866219986953,12434.538694030884,81.14966613418862,14011.709071268406,73.8942126692641,11,3300,7300
9002.21857709901,73.14167319123376,12325.226667118777,42.905056960739635,15722.302572555169,18.969101101160938,17800.180777344114,23.720177911640693,11,3500,6700
7670.808088382725,70.91549420832257,8208.412263411983,47.54076970265836,8746.170705253304,38.87090611148979,8792.913998357526,34.042243972027634,11,3700,300
8265.337887788566,82.43986677030477,7569.293898094728,22.084876168781037,7733.943986680842,12.546161924229715,8807.007030719717,19.10853138462501,11,3900,2900
7533.072745884273,75.84641378215042,6701.174071926819,40.422702503935184,7776.602840063996,41.840204619921536,8938.92318697507,36.528106516845526,11,3900,3500
7699.10687759308,70.61308612564386,9280.62072429266,47.81942610964138,13362.904557035992,49.79228163530787,16828.82776214629,36.080571502347375,11,3900,6100
7491.272202745083,76.47961862735988,6868.745988732689,56.34312056396394,8627.220985123968,25.507209937188815,9902.842463120563,3.249635390360008,11,4100,900
8164.3661777171665,89.23232818448935,7079.864561977593,30.521120794646,7111.112293008043,12.59647418007549,8299.536043820804,8.246982693573637,11,4100,2500
7588.071326156631,74.8263343707361,6737.741766710498,64.40200929175178,7479.581053787181,51.797914329612475,8161.331095075597,41.968241519334754,11,4300,300
7582.838430318149,76.45337394059281,6381.895379651952,48.69243340948365,9819.453830616963,58.0394053010186,14085.060728104501,54.571964012058224,11,4300,5700
12100.464331062349,197.61136478461026,10286.08708622849,18.74277708409589,13300.584716993015,34.54494747773673,16106.519626900792,43.2272028390632,11,4300,6900
12081.928180534915,199.57606971623878,9559.715003045856,62.72889382242406,12086.46791251041,62.350599337168205,14798.432196498023,61.49655507702908,11,4300,7100
7411.4631398000865,79.08962153843672,5367.224272864685,14.316514481702711,6869.1420678043,10.417717401487849,8922.809256549568,16.70403523630629,11,4500,1900
8717.114171951567,110.911611055365,10990.154014470887,67.09340081242425,14550.627639099954,15.935076169340908,17242.197526171556,8.241780904240072,11,4900,6500
7467.7407170134675,77.64781112017563,5696.327688747185,37.26741936652579,7365.73875786358,37.10863084886273,9398.591538729013,31.15639027031307,11,5100,900
12234.476641844898,195.16170750857955,11115.502288637155,72.75723584765497,12669.284073816774,59.10253162955224,14690.429559365564,56.42141622659748,11,5100,7100
7563.962925897521,73.86750750000405,7633.238155965268,41.58256579590402,9336.369311802695,28.078522355501697,10692.17037485504,16.3217846156764,11,5300,1500
9455.284160123541,143.4183650652896,10471.72177114719,105.73514621273999,11762.57876467464,69.97326921098568,13726.610585504466,58.78427887554131,11,5300,5300
10639.303464208593,171.86963542802707,11975.521347000562,43.857995186089404,14398.253883140747,21.53752372256567,16712.33662444192,25.53924460051157,11,5300,5900
8902.974608582588,104.78631911708207,11504.925765341164,43.89551312442986,14585.834151428233,18.514254958497258,17153.056351741405,15.373334046246672,11,5300,6500
12215.493370482254,197.59520753560835,10604.750180093413,73.49349030666906,12444.864276312792,54.03028940947182,14604.664959023074,53.697906517273665,11,5300,7100
11871.11909269104,119.10399408774484,12791.955560849523,28.674329154760333,14231.596216648737,18.70702712966682,16220.619717426554,29.352443295593098,11,5500,5700
7397.02591871917,79.66472620847252,5426.3283237706155,49.47022873755246,7133.40195836632,68.80353488871948,9321.451670703183,63.18632580692865,11,5700,4500
9359.23656215172,140.91696675217483,10802.9556080812,73.8989959740263,12806.506974554473,39.23017746543181,14651.13484060059,42.86180257623808,11,5700,5300
12342.71889056779,181.64302128066976,10488.338120864515,23.50065731178486,10606.483953549707,39.81447974242782,11134.09475873136,29.83272258655615,11,5900,1700
12113.77013497112,201.73720491967097,9222.44276072562,80.82346293075143,9339.77637407741,60.975817490843745,10231.64761966149,41.90637213457533,11,5900,1900
8145.076332983479,91.14860786302444,6403.0757649350035,56.69429262537482,6752.562834205525,56.774510368680374,8425.694896161951,63.19825628049016,11,5900,7900
7435.473687162662,77.76020162922667,7276.337639081458,24.785158833773394,11792.84016642984,31.781344126309484,15817.438202664087,22.97399704116537,11,6100,6300
8145.756369976396,91.080477576632,7109.1524381862055,28.984731994758597,9058.617382804841,35.63199617057803,11404.013062308004,52.49543014337297,11,6100,7500
8566.427591821925,89.20262945926258,10897.976655509847,46.794224460327705,11910.820890768959,11.42561342439986,11899.210589101873,7.82244285461268,11,6300,1300
10365.521294545037,173.57331917203155,8861.959951180294,27.867080380181765,10903.841865312621,17.630853843541264,13166.771660508808,30.160931393814195,11,6500,4900
7416.387251899665,78.70032180076974,6814.716233080481,17.00888144830187,11050.430709290104,22.485128609175042,14780.669747397693,22.070582242538716,11,6500,5700
16951.982241989655,260.9655849288198,12990.005520358796,59.89137814290466,11374.259944901149,32.2708657993367,10688.607503165866,31.01534337993617,11,6700,900
15796.58399102923,277.5719183959898,13156.981384759061,49.14048977762051,11671.696235860923,27.0367305828139,11049.899611857174,27.273186997832656,11,6700,1100
7410.780668698437,79.15436409242484,4800.593186200774,29.335597382107377,4882.094141312774,20.79419521169761,6258.56642335168,19.255939029426848,11,6700,3300
10438.169879430283,166.57157132239922,9193.88610925686,27.456572173747897,10575.380839961752,26.564247352922564,12387.601311491024,31.438867638092376,11,6700,4700
7623.52013061308,74.51564884908296,7953.053266414717,37.53235851900915,10977.504488348468,6.996902389224862,13939.694144654839,19.037838910404677,11,6700,6700
15081.580605586616,319.9448574524146,12202.221753137901,81.27546796502973,10742.031731196732,43.72295311759503,10023.344842975841,37.551813402540766,11,6900,900
12267.149034511986,186.24159195755172,9873.696965312663,22.542534295670418,10888.424059050738,14.180234143280714,12343.52424049998,28.64517787986465,11,7100,7100
12113.8391893092,199.09684041104632,9569.938638681462,35.568495703525905,10500.820750786073,22.950961274327508,11745.987690942542,33.291593992716116,11,7100,7300
7412.808756970453,79.01112057696267,5396.377967963234,57.307047923299464,5836.3353945821445,60.36615050613186,6090.963827319276,49.05132401546943,11,7300,300
7410.780668698437,79.15436409242471,4765.2693288917235,30.34234478281067,4330.296443097883,25.39223613001868,5110.174270625666,23.820845408506546,11,7300,2900
12272.31044190366,203.35100719683354,10349.809613710575,35.372120999579785,10274.828881609634,26.644446031206407,10875.036685246945,34.868952016809466,11,7300,4500
8167.007682752755,89.67768334086092,7956.039429185287,17.84645534595192,9852.473481453791,25.718733377013354,12081.519712023299,39.37087368008366,11,7300,6100
13266.996581874133,135.4096310410671,10549.265164927825,25.497685756328977,9755.148095890141,35.63227792888537,10127.048907026272,41.34945109038723,11,7500,4500
8145.687315638318,91.15661123285825,6842.241240354857,55.607262827589075,8492.491704574646,39.506841801764125,10838.700337336704,47.421805612195925,11,7500,5700
8600.726941033412,110.52510986372485,7551.920511169344,45.391471306144645,7571.399843394365,45.535547002201454,8010.496541494645,47.76331710902006,11,7500,7900
8701.016180003164,122.8863792965489,7777.515037021738,91.05233420663997,7419.920419777709,61.37871319013496,7910.064242281855,53.47344314942096,12,7900,4500
7411.534628246897,79.08461189126946,5432.326172651205,48.01629558461043,6824.770112145824,59.85623099418657,8505.170255587711,58.58028906796005,12,7900,6500
8580.754625198078,112.29216288706019,6656.278326121035,59.9851674011187,6238.127904741966,49.09584063185431,6555.318496822023,47.60000433760363,12,7900,7900
7512.434849871487,77.03455649814637,5946.305511343588,45.267088753836646,6622.576215828143,46.34134263557483,7307.028948158836,45.83975315521235,12,100,900
8265.337887788566,82.43986677030507,7532.239071526789,25.89539783062545,7809.521977046601,31.585447171504835,9089.984713581089,45.100976183955126,12,100,1500
11962.696955610481,207.79284432799733,14014.523018304139,178.18305556132592,14704.414202579535,107.41631458326506,15052.66466994791,73.15274837311563,12,100,2900
8167.05392385657,92.41855506427382,7707.948536823432,97.67127702356535,9245.873561399523,94.01609035149855,10803.61626007512,80.21051020851107,12,100,4300
8149.246485534598,90.58969464223337,7142.841589013997,27.147595127424154,8918.846082169546,26.057928285703,11321.673380870336,45.859818032233825,12,300,1900
11448.103807153342,211.36219832502513,13644.120174362744,156.47912826673493,14766.263278584798,87.43273894997405,15568.312854172043,58.88266059384851,12,300,2700
14049.918655035464,287.27256208485136,18752.993093812143,127.60243915748408,17912.423280134713,57.521230144425935,17116.326634168414,45.56938582853437,12,300,3300
11257.841376868275,134.44568857847284,12826.111888731539,96.66209262295189,14301.286655082415,85.7864122721051,14833.38224221237,65.44343707944002,12,300,3900
7391.419335517941,80.10774429573544,4140.591160156054,13.150932102794638,3383.348607174688,16.525421743992375,3202.038211154735,17.253859334290443,12,300,7700
19640.862651378593,190.5694349464465,19891.534607039903,68.94398321546858,18275.25150311709,33.719321062665806,17792.16965678885,22.339257030023855,12,500,3100
12083.712469964028,115.29822359100127,15512.532043545874,118.6167318245957,16560.01365291891,65.57096632745767,16686.274783397716,42.81367474610036,12,500,3700
17856.788540164805,328.763755664661,17545.922265571095,160.57278195793415,17530.076171270597,60.28549674676181,17908.0852151446,14.118536057107114,12,700,3100
17043.791249019163,329.8764531870293,17844.659427395072,151.58105024682217,17765.95933067945,57.701662875506116,17948.193020596238,13.402029629839364,12,700,3300
10359.917145452544,174.15576943512514,7508.464190279879,47.39753871343367,7077.427023824925,39.804354538013435,7835.8218753378,42.08711102066652,12,900,500
7588.167681493144,75.94283825151211,7148.709349305627,14.220949562360063,9723.557700964666,29.262890018713936,11871.440858249853,41.43158695670664,12,900,4500
10361.191274176099,173.96124534575762,7730.902361783536,31.618305564619178,7807.406694914352,22.857615701615142,9006.380345698075,33.789045479292525,12,1100,700
7487.030561747154,76.83520529177999,6159.0622757308665,67.72282717647921,6850.73412003115,52.67681937922423,7909.464760431608,40.39714666993402,12,1100,5500
8412.60477804752,75.64167070014514,8795.207020221647,27.568171749638957,8936.844025927596,11.400846475692171,10111.26872747459,19.183449540417605,12,1300,4900
7391.488389856018,80.0999196149374,4357.102597510981,11.056683204479018,4355.293728608149,16.161773970601597,4725.223949292992,19.32449874951919,12,1300,7700
7470.310733602249,77.43759486010019,6176.506359182322,33.061733590772576,8849.777557082436,26.71703691763342,12547.926319366312,25.051713803773662,12,1500,1900
7470.313167710981,77.4375326037971,6077.74460558451,19.077645581560876,8221.610322079341,6.585341198100522,11233.125506536653,17.02861074844157,12,1700,1300
8183.729945006395,91.39638568698366,8318.340287683759,69.5059861053697,11055.173984934492,35.43114140297428,14073.042687229477,36.28582841250731,12,1700,3100
8164.435232055242,91.20480519887359,7252.964295467318,69.0983118383922,8007.474799250314,27.734234847147007,9535.64261114156,6.590564258399381,12,1700,5100
11133.544024644681,128.62517851304818,10923.516215620437,39.377148906051026,12072.801668473341,10.70319094658549,14100.196854611007,15.213482461412791,12,1900,2700
7413.537469175918,78.92876847040554,5448.197278872801,23.91477409859734,6034.914826629482,16.076343146127247,7055.796998685977,20.484076944641572,12,1900,6900
11134.820587476974,128.49982091840448,11008.286840795421,34.75332902586079,11986.24151207124,17.676764784213027,13726.549690637079,13.47649025278644,12,2100,2500
7394.176135995423,79.88634145083839,4973.25587313563,8.630093079432378,6696.372839828543,17.305153959394737,8939.464316012027,25.19091658035673,12,2100,6100
7413.422173734027,78.94997192922983,5760.8382411725715,56.252213816183264,7507.391721921161,64.21532265758528,10244.432789690201,47.98085636833888,12,2300,3500
10382.835214420586,176.81790288140746,8468.774619670128,90.36978184169297,8376.299961941299,65.7528660220499,8954.175527137195,52.64123046773712,12,2500,100
7493.913707780674,76.36146003013214,7489.640885474925,67.03167581069484,9992.785643897629,34.36033828742202,11782.26390613118,11.430457022707438,12,2500,900
8183.798999344472,91.38507879566701,8343.339090893196,73.28720799358003,10628.870225705015,37.677023117562975,12823.818733577882,19.542195108740597,12,2500,2300
7410.780668698437,79.15436409242484,4987.9149790343745,27.174299773712484,5393.067949278889,26.203138109920417,6509.385640656378,31.44657901981531,12,2500,7300
11189.136696647683,120.93734206770128,10638.429371092805,37.564464167024276,10260.213908080965,44.772283311770124,10376.254891577299,40.52123569617207,12,2700,300
7432.783506914523,77.98495643828652,6694.035111595699,40.18477781469326,9186.456637027473,39.16679657387806,11273.07098833888,29.70073525906257,12,2900,2900
10511.801080677671,176.27746130536903,9689.337213325296,74.03676826945319,10201.786801259332,39.624674881150575,11627.262277145113,30.167319251175208,12,2900,5500
8377.765297499198,78.8610711424668,9889.522910233882,43.966623582225886,10881.198897801876,29.777554122585347,10880.192407149316,30.719552406470033,12,3100,500
7412.808756970453,79.00545107316835,5757.035207062571,34.86754723804636,8136.546191031395,30.80828350099723,10858.32326534401,25.844780341841197,12,3100,1500
7472.593340666236,77.34100953792385,6178.016870892615,73.53066515809472,7606.220602831679,66.58867532627079,9810.662401769108,45.21950930045425,12,3100,4900
11552.737682473415,129.18472644876402,10498.611528849864,58.45002039635749,11005.365515250052,35.732567316945754,12553.876401195754,30.08238887972008,12,3100,5700
7621.561096679142,74.4571030759531,7459.997600309563,58.82108936740357,8819.545870243885,55.275104412893434,9755.267684652488,42.165608044000805,12,3500,900
7414.150885939491,78.8721414470187,5914.4792546220715,28.3444473334698,7971.641200551767,22.57128730170866,10273.396942857229,17.94045907955891,12,3500,2500
8797.378931672105,106.04183729829084,10303.480598209768,35.523945781493225,12203.702983993528,17.960306715098017,14014.421447471828,29.555993917671145,12,3500,5700
7412.739702632377,79.01865924685113,5403.433056861678,42.283322215835256,6670.796307090259,49.340896522325195,8921.426389598431,57.47568326429717,12,3500,7100
7413.468414837843,78.94592211252288,5325.5444923542855,49.603249851833624,5836.389314735375,57.76400239025919,6572.427317319338,51.1046689548585,12,3900,300
7487.713032848803,76.66061753149252,6424.80225069859,48.72445917622358,7755.839228158132,36.57837055011423,9504.75791503962,17.828207043882532,12,3900,3300
8604.355165267767,112.36358046700677,8415.058858937065,63.90800512460066,11371.383035796714,48.82947779428808,14312.27628535657,43.53491875777283,12,4100,5300
8707.89932603668,108.27461560292771,9674.789627084545,19.60451323026459,13092.419250429966,22.25907860170949,15838.139946598236,27.235921437301077,12,4100,5700
12157.567090928793,195.00892980794666,10295.331081907145,35.496351850252694,12621.187695077853,48.68043616999528,14988.074414308257,48.325972755430186,12,4100,6500
12113.836755200466,198.5882373466559,9793.371053838857,50.032942065946905,11683.762636368783,59.37994066617524,13930.557819504245,58.532475857271876,12,4100,6700
7492.406054025965,76.1316840944418,7094.238195529355,27.70376147898897,8583.199486943115,22.37309684492823,9620.178471519157,16.35498437562235,12,4300,2700
7470.42602904414,77.44467430173721,6117.434679648635,37.775716283198655,7716.319705906368,20.86911350044107,9437.052476607125,7.28825930265227,12,4500,3500
8147.830699352227,90.85960187120011,7186.70922291268,46.282385897111304,8727.611694236568,35.853569070011865,11086.234027936438,34.667333177896225,12,4700,4500
8996.912139158278,116.31600437306236,11678.56551595331,41.51495845638879,14974.584029221864,10.61393579912114,17129.957188495293,12.911159331721427,12,4700,6300
8656.933029799984,105.42306230370725,7696.444482525262,21.94060992725929,7499.2462574904985,29.376444942504417,8311.331501335277,23.23643879604838,12,4900,2500
8595.224382127582,111.72538597442146,9227.69204209191,35.7286333043099,12346.850707690475,28.5167142093805,14911.632341282697,36.3674211433609,12,4900,5300
8149.723113056824,91.26399779221863,7568.981922182976,88.76855910955669,9618.204708177644,87.71010078755388,11567.451961492192,75.68109293881858,12,4900,7300
8145.073898874746,91.14413949356775,6699.212446961451,56.94796687424648,7784.98336808957,41.70288855563698,10127.653592602044,31.793688338655535,12,5100,4300
9359.074525567377,139.6284152090216,11046.752183119424,67.97748556669539,14180.182861262136,36.31638049799428,16719.741614324004,23.509173845076774,12,5100,6100
10166.791793976847,92.17216590623515,12855.502274422666,16.2322683320566,14732.1853538563,20.962547005154065,16515.757722553397,22.449622631663253,12,5100,6500
8580.683136751268,112.28657114783184,6582.60395413486,57.65899157654529,6309.7663281602545,30.370484150133283,7820.629962182568,11.04034454609276,12,5300,2500
9772.703738462076,69.9664989643883,9890.260201306126,22.014406441800507,11546.088533708516,37.421188155882426,13986.08200015992,39.09530343254906,12,5300,5300
8977.597047081597,70.31372181716982,10381.88433176011,69.88351388222767,12030.334349647026,60.81463629139865,13538.038149313608,55.39407773107675,12,5300,7100
8922.552225705425,98.38761598377161,10568.502978878832,83.27282662628701,13025.539698427046,40.40811138010585,15044.47900510816,31.2603315027041,12,5500,6700
8587.681578226679,112.427777983906,7766.431877641587,60.08149062413335,9580.8647708413,44.007506426196976,12478.860396380705,37.01570511571404,12,5700,5300
12829.313014621772,249.93612600759786,10172.616558130116,105.73223700576392,9353.002094522468,72.4672646918246,9389.934269444004,54.88263033076682,12,6100,900
8606.650283939049,112.11150765859915,8644.07526972016,50.22483409335301,10154.971511115964,35.271587976921516,11301.047307107305,43.09491023452974,12,6100,7300
15064.907018545524,154.06922712322978,11976.447844918217,66.12792933356151,10785.714073933275,57.238430942822106,10423.069275077467,48.06899488593093,12,6300,900
11888.452337599514,175.7923581474739,12685.3977616164,30.381726144997536,12144.647326759412,24.254412695540207,11820.97473080245,30.70400026181458,12,6500,1100
8145.68731563832,91.21533564237045,6868.848855691273,72.34005147175945,8416.221848241947,63.748816146590336,10902.694754862434,39.248668631000655,12,6500,3900
7394.791986867728,79.8303465031354,5171.830538431655,9.04070919480628,7391.4851964451755,14.291075489617121,10301.53723032328,14.085522410912588,12,6500,5100
7531.796183051983,76.33215585833395,6884.381121084097,53.41518140656142,9030.598763881188,35.91723213833731,11011.733167549099,36.680475376186884,12,6500,6700
8777.26607305188,104.37574537266042,9039.021747716391,40.68597726847294,9496.347529028948,33.828302422725386,10154.1262148317,41.43678184925198,12,6500,7300
7681.06834834869,72.46100406051167,8423.999208801595,53.90929149915831,10998.834382778185,33.79381418275947,12569.201765926817,17.59262802607504,12,6700,1900
7602.130709160569,75.97844654589687,6850.187136307295,73.78756074102277,9060.91171506024,53.91652499289567,11517.562866637545,33.4195981190926,12,6700,2900
7469.628262500599,77.53367098769769,5610.504224670417,56.85258711843987,5867.149057921732,55.568756935048754,6478.416756548537,51.52198585267291,12,6700,7900
8317.550869024983,87.05214751655079,9899.549727694359,80.99193869896277,11796.35123453405,34.379746769422034,12431.703302290241,20.480710390132522,12,6900,1300
8994.204013893344,64.59732516002533,10522.668150987276,68.63751880796407,11586.6495406085,46.44987577250266,12546.554441597891,21.713027721567425,12,6900,4100
7392.853332059317,79.97321670953362,4857.884329108417,12.647513279585132,6034.099287627267,21.36082787522268,8402.555081142802,32.51807839520183,12,6900,5900
7565.968200935276,73.64995886761312,7786.101886144395,56.41841795143375,9203.435067688066,60.20779932945334,9683.401322170454,51.17312676283246,12,7100,700
12406.08945139592,184.1687982802576,11320.885375810936,27.329111508156167,11631.160268312511,9.028787082431045,12548.213556861047,10.5457913525463,12,7100,2300
12362.075355530818,187.51361966125037,11179.632387371266,36.69504280266743,11552.324291875177,11.495729433233493,12545.890195268981,5.801946772069379,12,7100,2500
15797.197407792804,264.36403183676896,13425.508521855412,28.308769055071917,12433.531343213119,27.09355173633898,12353.680642271587,28.210857642390092,12,7300,4300
16835.603097635223,265.6902138754602,12769.875612917434,69.91014097185271,11793.443787007584,50.073602443209936,11717.356856951243,42.67696890632348,12,7500,4300
15062.219272406117,321.49988377610543,11643.760090041356,107.1879448259193,10787.34684216742,67.50725403393095,10963.575127399143,49.898088202395456,12,7500,4500
7391.488389856018,80.0999196149374,4399.506197951708,20.25309170644747,4737.411992498029,40.28771840978336,5753.777807720464,44.7065564392445,12,7500,6700
7467.671662675391,77.65613663538004,5222.53757964113,43.00973961744609,5206.152512422075,48.60026112035891,5931.58732062092,51.284280343884916,12,7700,500
7588.002271818553,75.83819187321053,6870.733388974109,85.37207814055604,8291.81907272438,73.011871401355,9820.061818755488,58.599192291771246,12,7700,2300
10359.30372868897,174.22452200361786,8019.55867178238,32.01969746807312,9636.946672111488,42.78899546808791,11241.619529737596,46.30157072854595,12,7700,3300
10359.983765681887,174.1470058315352,7856.6459827864965,51.79250053644275,8749.90047323701,62.51864839914652,10117.158201064552,58.682583652466825,12,7900,3500
