200_density,200_grad,400_density,400_grad,600_density,600_grad,800_density,800_grad,1000_density,1000_grad,dipole
8656.93303,112.2188255,7597.341244,70.00796776,7041.797754,44.19752026,7265.171755,42.11488835,7931.179657,43.05386512,0.009338995
8656.93303,112.2188255,7611.521379,67.57984898,7140.335794,37.31678815,7536.277455,38.26842594,8386.931213,42.05407269,0.03097928
7391.419336,80.1077443,4215.056702,13.49768375,4638.139568,35.61309546,6278.532303,46.01026684,8048.149879,48.10407013,0.055078706
7590.690018,75.73990345,6942.516611,95.25534967,7384.879493,74.44879525,8365.924466,67.54857464,9861.872469,64.89398339,0.023476675
7582.769376,76.46092024,5505.440377,46.36769125,5126.986,42.22902042,5316.481195,40.38219347,5820.748546,40.63791854,0.0
7563.280455,74.61600385,7232.87452,43.7581834,8506.088443,11.74497908,9879.14688,24.5194045,10982.1013,32.200014,0.017327852
15163.87589,313.5801622,12394.23099,62.78068023,12026.78974,43.78951612,13111.85867,53.73758325,14511.35914,55.61302413,0.23183353
16835.05874,258.8600676,12592.36487,51.01171929,11980.56963,45.60846211,12981.64471,55.12411767,14377.53957,56.5362464,0.342034762
7607.054821,74.73905004,7155.82289,25.69820138,7847.978744,37.05754549,8210.676568,40.8525567,8907.874217,45.82612003,0.068832707
16778.0345,263.4787873,12036.61467,63.48380069,11034.38546,35.35627187,11892.73843,29.57469835,13504.47482,31.08462361,0.406871088
15044.88603,319.9557631,11337.43625,88.1224718,10940.87767,39.31484108,12168.50549,32.46766261,13859.33171,34.78678629,0.383240546
15049.46375,319.7157395,12234.5443,59.08471991,12821.685,30.16627249,14211.85282,45.20776304,15690.54862,49.48783788,0.118481574
8580.683137,112.2865711,6597.693323,59.53491154,6059.9928,47.86716091,6561.86901,48.17023077,7384.24598,46.26868585,0.018261216
8701.01618,101.9781136,7904.712343,14.22258254,8053.100894,32.98556851,8805.702699,42.42760627,9541.384148,42.17856662,0.090740943
7533.072746,75.83973095,7008.255384,18.39134339,9315.319035,11.68437706,10965.99332,20.22193864,11897.79638,25.49075629,0.142636096
15234.27703,302.5949669,12407.6798,35.95607487,11541.34288,11.21282569,12379.08465,19.17421673,14086.57796,24.94720966,0.020079388
8165.73112,89.65120258,7734.707648,55.07978124,9631.912744,32.46629702,11905.02654,38.96393498,13708.06547,45.62599763,0.06502195
8917.951687,63.68926684,9321.378262,22.32188883,10049.16352,11.05443493,11413.52791,31.95927514,12795.34391,43.24563375,0.006875493
7588.002272,73.88749237,6743.126601,15.44596232,8452.893428,7.807392446,10796.23707,12.01553943,13016.55878,5.852162618,0.070896436
7724.422786,71.18830401,8097.502922,68.59622855,9484.52716,47.30482916,11249.5052,25.4960901,13591.37083,15.52137583,0.132396594
9337.66411,139.2921539,10121.063,44.50059057,12919.03831,23.85394012,15820.70675,21.77753091,18137.50597,26.18581124,0.050375798
7609.085344,74.75441114,8127.9053,38.42075686,11883.97626,32.61127844,14957.57588,29.70035051,17228.6538,33.20814278,0.180599019
8149.928957,91.10904411,7220.234153,72.15852147,8443.746112,47.91401127,9870.689744,44.37885408,11122.50814,47.72712282,0.034484769
7492.359813,76.14221246,7309.660825,25.92686551,9606.351943,22.79929509,11381.27774,14.05417845,12901.29051,7.899169786,0.00986691
8898.730896,125.9344975,9063.059036,73.26070781,11426.15072,35.9410577,14701.49504,30.55411331,17508.79494,29.57158969,0.054054197
9339.875229,139.0931287,10020.47447,52.37181225,12666.04084,26.30188748,16130.14263,22.21521129,18959.87222,20.91013784,0.071653771
8968.30733,109.2410989,10606.28555,35.52538614,13281.93114,14.90474961,16397.70188,15.60034183,19025.24589,18.08125878,0.174590485
8165.048649,92.56650929,7608.110002,79.69867873,9002.191899,46.38001218,10299.07847,31.9765438,11286.38356,27.77899891,0.022072464
11132.17908,125.2524344,10152.00507,21.61936628,9914.455755,22.68509332,10673.21644,19.89069499,11780.21634,17.73424513,0.053168616
9771.314314,130.5117059,10071.00217,61.11275468,12754.6543,18.02386956,16357.16025,19.44878514,19265.09672,18.15035289,0.001703879
8776.274818,121.6890325,9020.873156,78.38198979,11629.65858,32.72694558,15174.50335,27.32075162,18088.28375,28.41271005,0.137120295
10381.28375,176.5860286,8511.413388,80.82548928,8859.148783,43.59064199,9976.437841,26.73887631,11449.48822,17.68727792,0.108528459
12077.73278,199.6338787,8492.72092,41.17303979,9484.057144,10.71048237,11528.95412,33.10141323,13409.97039,44.24755452,0.22961945
8226.583989,94.32161809,9107.518466,102.5459216,12698.30819,76.59707547,15932.76129,52.04442147,18514.35151,35.35269677,0.123774827
12081.97442,199.0451544,8752.774632,26.78133055,9463.043481,10.08222141,11245.46271,33.50368586,13075.37734,44.68455192,0.022918685
7398.417777,79.57223392,5228.280484,48.21824267,5989.626766,54.41387209,7050.375964,51.55224803,8352.448925,51.57489963,0.063019274
9884.936316,58.51941128,14298.50797,91.5494862,16557.01452,52.3720936,17964.19517,23.23634217,19323.14115,18.55186491,0.037463025
7395.660977,79.79065375,4517.581261,24.11541676,4041.625494,27.05321841,4503.695956,32.76824144,5522.5099,36.35838343,0.008938437
7395.663411,79.79028201,4844.499833,13.20765546,5970.535749,17.95956317,7467.277752,25.59860289,8780.871938,26.89827971,0.024736048
14105.99774,247.9236858,15212.65781,114.8757993,15967.42643,82.01974394,16608.85472,54.55138329,17821.18366,38.17395029,0.291819558
10537.34741,79.56604355,13547.00984,51.17192668,16010.74263,47.38721536,17704.22794,29.97257847,19181.3657,23.33934637,0.317425998
9963.984725,69.46780523,11336.47239,54.66915026,13436.63343,55.50547282,15957.0455,48.94646952,18193.51766,38.70903173,0.064926374
8604.968582,110.9388164,8512.84349,61.54485825,10958.89169,50.23356055,13926.63425,50.15264655,16661.8432,45.42288415,0.02260132
17154.66695,129.7693343,16485.91046,68.99157751,16661.2487,61.71214113,16795.99935,46.23746886,17667.35236,35.44170171,0.373417639
7396.863882,79.67241034,5336.940468,35.1329569,6727.567507,40.68966901,8357.415531,38.99230771,10070.98302,42.7454709,0.033951511
7582.83843,76.45337394,5794.130261,36.92874043,6298.968783,14.47734908,7705.680993,11.37946224,9833.392694,1.072835157,0.013776016
15231.44359,164.151594,16475.50669,47.31223161,16527.5572,51.73628358,16575.53714,41.90550294,17336.84801,33.76595107,0.10676401
8800.371311,122.5201219,10956.44154,122.5530595,14161.65826,94.42325436,16101.02172,61.4444379,17757.39933,40.36022418,0.0
7413.468415,78.93531816,5487.021875,28.38638989,7191.070514,37.87722554,9874.179092,40.3273869,12582.68012,43.38835929,0.034508328
7582.769376,76.46092024,5565.857427,44.84151376,5558.78119,25.44339279,7333.318954,10.09912123,10147.29022,8.7363533,0.148523395
12983.81808,222.2085872,12683.52379,97.77367335,13357.4672,71.20574618,14289.84432,51.17474045,15603.85981,36.38786251,0.054335119
13408.92976,209.8829319,13168.02312,103.9389534,14141.77095,67.45074228,15034.50924,45.83894532,16201.01563,33.17459693,0.086154408
7467.738283,77.64807707,5534.915085,29.41684179,6731.04878,26.06918103,8509.26115,27.13459507,10184.38389,26.2185159,0.081334845
7506.391895,75.81681849,7017.218685,60.61571414,8918.774272,54.24014625,11093.41895,40.35638356,13406.73807,26.9873261,0.087909864
7391.419336,80.1077443,4281.847921,12.89722819,4492.423483,23.3219433,5446.866219,26.06564895,6585.241249,28.49671857,0.050390557
7491.677342,76.22958638,6953.867877,54.26802354,8663.453563,65.14941092,10065.71592,53.40598044,11155.98768,41.60928355,0.041019987
10359.23224,174.2376287,7220.620069,40.94779297,6389.275966,10.43221576,7083.950549,2.673048517,8794.392281,10.09129295,0.005991293
8603.414687,110.7235737,8182.753393,57.14655335,9393.580231,22.08408126,10796.56445,4.276320013,12721.69688,11.98342375,0.027493193
10359.23224,174.2376287,7239.715155,40.24431465,6267.67204,16.11775589,7046.510217,6.489104156,9034.911986,8.941107412,0.074038129
15835.84859,197.8072864,14795.28724,90.84886759,14356.22033,47.51428121,14063.6511,28.66688613,13956.93148,19.84368012,0.425881067
14115.46704,264.2980859,14573.58702,120.6374711,14429.41288,56.03276602,14202.22076,27.28537663,14198.98353,12.33712006,0.210835222
9527.57772,64.61669373,10570.98521,39.48480468,10383.88721,18.87221259,10759.37425,6.874882404,12231.71782,9.511333544,0.000909646
7391.419336,80.1077443,4143.011324,12.75392495,3899.876574,19.81562112,4895.094961,25.45933317,6195.250269,30.20574324,0.084461898
11889.13481,255.5794808,13200.18681,132.4695859,13674.05938,66.35114317,13658.31921,40.82043011,13545.06168,29.39445893,0.077406717
13176.68257,94.74907949,15702.95623,71.74849064,15285.2388,24.97992566,14622.79218,12.31838267,14254.73632,11.04072236,0.061921759
9038.967201,99.43107563,11000.24899,116.3892925,12022.37742,82.67187795,12582.95547,47.63274121,13326.12824,25.96219179,0.129344083
8270.71338,92.23114062,8426.218242,101.2937736,8962.43973,58.36773545,9862.150918,29.17317603,11472.52499,18.57749323,0.057916441
10671.5978,147.7641131,10233.31536,47.32588049,10029.85857,26.10781616,10645.19931,5.335911352,11971.58975,5.117429617,0.419735718
7392.101807,80.04442753,4465.326527,24.73125223,5429.219548,54.70553873,7346.437231,60.78860848,8714.291556,53.86620628,0.028706307
11308.28184,163.5554409,13723.18132,93.40468273,14299.15082,49.99234581,13923.16952,33.14357225,13773.43829,24.04378787,0.045432858
10363.94807,174.8147645,8291.891015,71.64362491,9148.189511,25.19526416,10545.68126,4.040451007,11936.68313,3.805679387,0.423947305
7393.378369,79.96658208,4720.285475,17.64919158,6107.852393,23.54034213,8592.455258,25.07496911,10834.26348,20.03668201,0.09189399
8223.898677,93.40730055,8177.606338,101.4121322,9321.371474,82.20212329,10421.8201,57.43257955,11606.91239,40.63507687,0.015649815
8659.032607,118.3633007,8470.464184,74.0239646,9756.509689,33.08475319,11012.93349,11.88290563,12081.35847,2.997985909,0.258202497
7397.62001,79.6504358,5284.609584,51.95694291,6909.586264,71.48614686,8639.498849,63.97231917,9774.089889,52.19489716,0.044642577
11568.53985,126.8095507,10730.58754,18.11622991,10502.39555,16.85970552,10905.82576,16.21002485,11510.12875,21.21535039,0.222068718
10631.07381,199.9021953,10351.06231,132.3109002,10439.87768,48.86955004,10632.02629,5.678258665,10871.36142,14.56932494,0.041058171
10631.07381,199.9021953,10266.55678,136.710703,9547.300627,73.4751234,8798.511231,44.4554341,8523.761898,35.83379161,0.179386169
10438.16988,181.1610068,8964.007391,89.65872042,9356.412746,47.55180134,10200.3132,30.96039877,10960.42522,29.05033262,0.053789417
14592.55884,129.8077574,13753.27306,85.27813445,11559.28222,30.80560965,10510.38331,15.10409567,10214.15092,23.38206297,0.199330193
14592.55884,129.8077574,13739.73529,86.21437549,11240.69272,43.82925591,9708.98063,32.53871869,9125.306971,31.69957968,0.042042945
12075.04503,199.7197358,7466.418441,38.22867572,5530.457594,18.33175309,5147.793905,25.28056702,5485.245524,32.00584493,0.014057696
12075.04503,199.7197358,7478.318287,37.24411129,5670.757306,12.35169686,5473.795168,25.00473872,5926.77391,33.42335076,0.057336673
12075.72994,199.8025974,8052.553754,62.22362266,7496.539692,56.64152022,7846.696482,49.91676367,8483.834803,44.83280026,0.003765441
12097.16317,197.22251,8953.503429,35.45705927,8524.49774,50.12237401,8604.107368,46.5587856,9052.280984,43.13125162,0.00832919
13709.74523,250.9957892,13125.87852,120.1658329,11040.90164,54.034185,9717.689309,35.45879883,9227.829874,32.82534289,0.578468397
7563.280455,75.18806135,7109.052064,94.8823756,7526.389224,67.53649424,7960.244531,48.92963389,8628.72355,41.79547545,0.0
8701.01618,109.1819095,7918.221699,68.89514458,7900.676929,58.03303517,8558.886785,52.82856563,9400.516076,47.95682287,0.0
8600.046904,112.6712396,7383.771029,71.28789924,7642.883554,59.25953429,8316.126228,55.101015,9062.197179,50.07877623,0.0
7467.669229,77.65647581,5336.052426,43.65799109,5498.550516,46.15622743,6050.389664,44.34580149,6608.277893,41.0217946,0.070894834
7391.419336,80.1077443,4052.229848,11.13055214,3699.319347,24.35982014,4598.695581,33.69591112,5828.239995,36.06880752,0.022147349
12215.42188,211.5286674,10105.1095,72.54273588,10018.92534,21.69862189,10105.88807,15.63614194,10508.56061,24.91279752,0.011478973
13340.55873,130.760043,11265.05696,40.02156438,10322.10938,10.73421865,10287.37025,10.07591918,10801.66922,22.24867039,0.033464683
8779.225107,122.8860201,9316.479876,88.15776575,9546.847809,32.49537084,10110.22043,12.85330926,11086.65787,20.02463747,0.016949577
8361.018168,82.8096804,9688.90985,29.10007778,10896.96591,29.0189582,11630.93239,27.63285996,12379.71053,29.38398769,0.068545173
8146.966313,91.08037715,6797.067729,54.37727067,7657.859057,52.32149815,9276.612332,51.35681453,10859.91187,45.86576986,0.017983112
7468.3517,77.59203024,5773.773342,35.80352246,6679.472928,34.66263651,7705.537946,36.64756942,8649.604569,38.05784576,0.061129392
8901.960571,98.01210956,9338.077594,65.07684511,10399.4366,40.45710047,11744.07531,24.43612634,13163.03491,16.50532809,0.080800071
8221.937209,96.88604029,7615.350779,95.99971311,7425.937106,62.94320195,7538.920344,50.47636529,7879.744557,44.26130849,0.003787297
7396.066116,79.75247762,5095.537739,23.47735251,6756.229251,32.14491915,9422.215949,18.68166798,12046.22477,6.686317986,0.018945521
8974.840247,62.66304068,9839.702856,37.04043067,11179.21254,24.22581332,12634.22912,13.4442484,13934.07095,12.88119736,0.11228161
8147.692591,91.00412269,6719.4875,56.14907947,7450.688841,45.23130113,9525.997931,46.46895422,11630.52623,42.04024396,0.04544652
8154.644791,90.20912931,8255.823357,38.15100802,10858.17535,13.38390026,12864.18496,8.89402391,14310.31316,15.42261944,0.119634052
7588.684743,75.79935974,7186.891529,76.8368128,8807.565141,43.99740352,9902.600688,32.21265897,10655.90033,29.05438376,0.337640582
12948.96359,150.5733592,11000.79948,26.54012735,9961.511989,28.17492853,9952.793557,36.02855507,10126.43137,36.17440339,0.260005096
7391.42177,80.10737396,4264.715741,12.87334627,4867.599654,17.01145406,7247.361659,15.21193347,10027.21847,21.64040798,0.011117294
12227.54725,206.8610197,10089.06998,71.03300987,10177.07138,24.24376834,10569.97297,31.43987217,10790.87945,32.80541125,0.751983852
7410.780669,79.15436409,5094.702917,29.98697171,6118.418521,39.43926498,8093.717338,45.92509716,10138.52736,48.03467051,0.0
9094.182035,136.8409546,10588.74574,96.65931632,11982.23457,43.89632652,13614.97066,25.8256536,15232.95628,13.50117035,0.485571549
10484.94078,182.0324407,9469.663041,106.5527282,10160.84478,71.40356197,11852.91531,48.40510659,14116.01064,32.23662402,0.041038581
7412.744571,79.017912,5781.886198,51.97417978,8194.450082,56.10971565,10569.23551,34.50020974,12492.85741,13.14259583,0.004055523
7553.845262,74.66439436,7868.084104,44.55189579,10472.30649,58.2302421,12610.52896,57.35741328,14331.48501,48.94780795,0.008009409
11252.51456,146.0692156,11568.74584,50.15506823,12119.38989,51.03704186,13445.54597,47.22337845,15193.1487,35.71926311,0.190940316
9455.28416,150.67309,10346.41168,123.0466283,11203.51282,77.3068463,12813.91098,47.46089977,14757.39174,25.03817548,0.18933896
14025.57526,115.4614072,13665.67582,21.3683445,13922.24638,29.90129666,14561.98958,19.9945308,15667.54859,9.99496709,0.16974395
12486.98612,211.4381535,13207.36072,47.29076974,14207.57977,25.0497297,14813.51359,10.41041536,15789.42749,4.209917348,0.429677293
9089.940394,114.0729489,10126.52522,100.9954818,10525.9514,51.67657348,10980.16815,40.45134528,11441.7094,35.6926606,0.01210664
13343.31553,276.1970711,11905.16466,97.12183574,12277.08174,68.52217568,13446.65399,42.32461556,14976.78142,23.28329863,0.741915408
12924.31082,175.9436978,11819.96778,52.0077384,11604.21477,14.40902297,11943.23676,9.519041571,12619.2838,14.4314006,0.222475256
11253.26365,121.0815651,12007.7834,32.48869391,13261.3869,36.8637147,14756.36936,49.39763996,16450.54838,38.88478102,0.002993748
16779.46606,138.1344352,12724.0129,52.76831536,12674.33481,52.43080041,13639.58935,35.27650757,15072.41964,19.52655816,0.424497804
12390.64619,208.1957666,11157.64559,77.33808506,11189.81244,29.06830245,11669.36951,14.5717937,12490.9592,16.46655285,0.057913265
8341.587781,96.28380757,8626.394453,110.7534091,8769.980928,71.97172691,9406.418955,54.22436566,10192.11312,45.34181232,0.034741059
7420.420615,78.39978667,6970.385622,70.55267179,10561.44687,94.06317623,13226.72832,84.12968085,14783.86666,69.35885291,0.193592285
11134.93832,129.0138132,10908.50458,51.79186925,12234.0786,56.50438501,14212.31283,57.07278479,16342.1143,42.68868955,0.010629214
13270.9837,280.061187,11588.62643,83.68336975,12398.85012,45.52863713,13541.52643,30.4112479,15028.01031,16.85611471,0.493669515
8164.368612,92.55738199,7244.546322,80.06325538,8749.330152,65.00750144,11596.88581,56.57169156,14776.22017,42.22884852,0.041214504
7405.158211,79.01633356,7041.202351,64.65508434,10602.46658,68.35613793,12892.71193,42.43367731,14747.61006,23.10170427,0.171377735
7394.129895,79.89533625,5092.415209,26.04001923,7198.930377,30.91460045,10045.15315,14.63664429,12564.80975,3.137256213,0.026967737
15894.15425,370.3102824,15956.45266,142.5226869,17776.95733,47.50609821,19095.92979,19.91428108,19677.26675,18.69295823,0.134899338
7391.419336,80.1077443,4431.567977,8.798795602,5638.260647,10.33323108,8645.343083,8.523210544,12242.28487,4.675641844,0.043931973
8582.711225,112.0431116,7200.012071,34.74203701,8448.640072,29.48166727,10838.14016,20.9028911,13571.80402,11.65342874,0.049412322
13544.07349,296.3525634,14790.04104,159.7143185,15758.74648,102.93465,16365.47258,79.82902946,16902.08257,66.07182896,0.904827202
18728.56229,199.9060496,17951.95741,93.30643715,17816.34377,65.17910186,18067.4177,56.72016167,18359.54139,50.42797317,0.957386645
20941.12049,165.4155368,18990.28883,33.53343947,18758.19002,25.73201599,19114.00388,28.87867687,19382.29019,31.84066302,0.62702257
18263.12838,318.6558447,17605.30493,102.7938703,18494.51071,38.18711184,19425.3084,9.691957839,19916.40974,12.70014041,0.995447118
7394.107082,79.89418882,4757.630768,20.95351948,6833.680602,26.11331441,10226.52213,24.66569696,13248.96783,17.34363254,0.104376805
8583.370883,111.8822921,7198.721604,28.25750562,8297.472676,11.68846476,10718.62994,7.596101341,13564.40943,4.832043401,0.007144834
8395.803827,80.76210907,11126.06748,108.5047163,15102.40089,85.59914239,17795.78859,49.88919372,19411.1063,24.81279796,0.001403111
8222.006263,96.74914447,7814.611264,69.787029,8528.13191,15.6794163,9957.879833,12.26450654,11636.65008,25.23973686,0.028457802
8242.646593,87.33706412,9040.238578,119.2050249,11469.62053,117.6468961,13242.15798,95.51272324,14444.14833,78.2119971,0.040882037
12828.63054,155.2169359,9692.921201,30.12738773,8260.700801,28.35529291,8629.19483,35.76233491,9834.093216,40.23204477,0.015899056
12151.29493,206.5242739,8646.354607,73.00690586,7388.211293,45.88197731,7696.665802,43.31152737,8819.021887,44.3898367,0.065132857
8278.278997,81.7659692,10428.26454,93.23602906,14202.53276,93.17301945,16043.75189,71.67141899,16992.9161,58.80694063,0.046053344
8465.431584,73.18616042,11643.66475,34.40177857,15468.2899,47.34812012,17596.52305,34.79992593,18874.33905,24.55663362,0.043803335
7602.130709,75.39984269,6473.640536,36.62610671,7270.022465,14.5818748,9182.337498,7.030274392,12209.36195,9.187916456,0.01698751
7626.724938,72.51614522,8392.077755,74.17875833,11263.30256,61.78872885,14267.20227,50.18200823,16927.19951,34.66682157,0.037633381
8147.692591,90.87766305,6854.176372,48.61612173,8282.901481,28.4791242,11093.48631,21.26471731,14104.31283,15.04133782,0.286362802
7582.769376,76.46092024,5929.91131,38.35156259,7108.084099,10.40845835,9751.437653,13.7606985,13158.05209,19.08907246,0.016917014
7430.824473,78.10180549,6168.184869,13.28598606,7656.310573,7.192016361,9574.612399,7.165866395,12407.76769,9.449157199,0.006810494
8152.07234,90.23979773,7738.384153,10.61509044,9881.177953,32.96300292,12381.13682,26.86484087,14810.17994,16.28734245,0.059195919
7518.819875,76.60481888,6876.143424,63.46117919,9544.228606,43.7315964,11892.47841,29.43111319,13725.67662,26.46629123,0.345701099
7800.741734,67.19867934,9644.44804,33.20682308,12719.82775,36.22340696,14949.86269,37.74678607,16636.23392,35.08685821,0.066001674
7708.404369,70.18896701,8284.403288,48.48448565,10509.11224,47.02961802,13089.55084,33.69805402,15729.72203,21.36158693,0.027312268
8164.366178,89.9857373,7029.619439,49.74820664,7704.581292,17.1568418,10228.00164,13.95671617,13509.05053,18.47220087,0.0
7659.019269,72.88076791,7327.825952,35.91869504,9596.325949,53.06307008,11707.10516,57.74959614,13435.94804,56.43407747,0.200711325
10632.13412,178.3685345,10991.10604,94.15630164,11733.97476,62.65889402,12798.91608,44.28680936,13987.15817,37.97379655,0.027191653
8148.375062,90.78558183,7018.116753,35.76257211,8174.346725,6.559971095,10950.77329,20.02050301,14145.73275,19.52609017,0.000420541
8874.642845,126.2187878,11213.71114,98.79421265,13402.02656,35.28698103,14731.01029,11.54499196,15956.47441,13.74313451,0.095839605
12741.26817,72.07551032,13135.95242,37.56520897,13232.32756,38.81950914,13849.51569,34.85464319,14797.9969,33.24991284,0.120625851
7513.780467,76.9369623,6228.616537,40.45894908,8833.17928,25.51551016,12016.60289,9.805182906,14615.27621,15.63509746,0.019246313
7487.030562,76.6414623,6041.869399,46.01388641,6667.34845,53.45852214,7900.691212,57.70396494,9492.835535,59.20721626,0.075788273
9042.320857,115.4880933,11161.46936,103.8555023,12365.83752,65.76595982,13320.98616,49.57674641,14235.98983,43.75970058,0.210422571
8923.349992,96.59453666,10621.99738,71.88624862,13061.5375,32.38625917,14924.2927,5.541103213,16183.7979,14.00254077,0.394247878
7412.742137,79.01116075,5486.776417,31.88899614,7097.182098,39.51687457,9140.586166,48.07168082,10921.80556,51.31288155,0.0
8781.915287,123.5903775,10108.32183,134.445124,12206.14686,78.06011195,13871.73405,29.346243,15330.77882,4.140675055,0.013425612
8224.011538,93.15475356,8216.816132,61.46268796,10392.15015,26.34498465,12940.48695,10.29248496,15159.9314,3.239682858,0.01109008
8417.597944,84.8180402,10140.72434,83.39486798,12456.73808,56.07790195,13841.05095,44.33110474,14752.95396,41.20405314,0.329526983
8393.184911,80.15148776,10670.70343,40.81305201,12463.27419,35.47418144,13808.06118,14.97685516,15167.37447,11.32850609,0.034931231
9731.182556,82.02082196,12389.51951,34.20533911,13504.97808,8.771873295,14489.92065,18.51032538,15391.54135,29.34603203,0.039870526
7391.419336,80.1077443,3975.720227,10.93133618,3203.191108,17.39670282,3864.733062,35.15157259,5136.777832,44.62113351,0.0
14171.0766,173.6568031,14927.59744,47.61770456,14639.22868,14.76164598,14451.43096,10.35008906,14816.14014,23.45178692,0.046453945
8899.272825,98.29520489,9177.490232,64.81936233,10885.57816,36.39253888,12846.45978,25.75121836,14502.92828,26.20009447,0.036333664
11308.08586,186.9387011,11853.81938,74.62430866,12741.79314,29.74529998,13747.93049,26.96941936,14786.38703,33.70696646,0.074277352
11311.35972,145.8815527,12242.81885,100.0781812,12406.17977,64.12600776,12518.49129,48.39407272,12902.95822,45.19115708,0.0
15305.57311,161.147613,14672.80362,79.60896306,14265.8562,41.93583583,13899.85433,34.33040335,14080.29878,36.45521008,0.038044089
11381.16921,176.4664648,12411.81677,53.05782219,12598.40292,42.95567236,12988.214,45.38910143,13708.66223,46.85195327,0.041193538
10482.94037,182.0412157,9378.67067,114.1360468,9898.473151,83.99089182,10498.28562,64.61327061,11133.18424,55.53428438,0.011127681
11989.4931,211.6059908,13378.71465,120.473328,13012.27555,73.02417219,12680.41136,54.80679021,12817.46037,48.85934702,0.0
7659.839849,75.49775143,7517.400538,84.36203779,9444.068846,68.25787866,11102.471,56.68620496,12550.8449,51.80169367,0.0
7587.416156,76.23157932,6706.70948,89.39197898,8144.020663,86.77032224,9253.991582,72.17417669,10263.74812,63.23993303,0.051475075
7472.316009,77.29732237,6118.579964,43.38066643,7685.307553,56.08968511,10257.74809,71.10733896,12799.69214,74.78916043,0.101051016
7492.406054,76.39834438,7198.768306,74.80390902,10101.37022,95.95180538,12987.50353,94.97052174,15118.03012,83.64719227,0.139069862
8676.976834,108.3102163,9016.71469,73.50448438,10658.65954,71.95508589,12458.85511,66.88547259,14352.44787,64.87018301,0.036942
8244.668759,90.8345508,9719.065113,132.1643824,13032.1617,131.4157062,15083.4168,104.4981161,16339.13921,82.64188903,0.185006927
9095.242344,72.84989032,11056.3221,63.47174435,12125.78422,59.14176542,13044.96486,61.06058887,13855.63721,59.88131009,0.006733349
10483.80692,181.8880931,9185.778153,98.74773466,9319.244158,76.64788686,9915.390949,68.61268052,10885.57978,64.70929129,0.056192313
7469.034171,77.52280851,6000.376409,34.54893408,7331.845553,40.01164062,9013.025847,47.37946544,10626.17026,55.25961352,0.075592828
8832.47401,97.69595653,10972.49513,58.30005099,13189.20513,48.00770511,15094.479,38.71873947,17110.76667,44.08678003,0.008121222
12295.70514,192.5242057,12138.98188,18.79153063,14192.89244,33.88261122,15506.58276,38.96185527,16619.44548,44.36144242,0.087754293
12838.55026,155.157892,11923.47069,21.04511822,13918.54968,31.68101581,15281.9008,40.73821955,16255.43904,46.24377022,0.158021477
11193.30928,150.7058017,11286.43604,35.11208318,11559.32096,51.05496387,12173.97506,59.33211654,13103.83908,60.04025491,0.060931657
10361.19127,174.5112194,7656.036765,67.67413253,6802.697429,46.77363221,6533.652481,38.39978872,6785.717771,38.94679903,0.01265419
7487.784521,76.49441395,6950.661088,31.48044529,10413.27925,77.66498499,13361.62116,76.47901424,15169.66415,66.8071223,0.058209019
12279.14211,187.0352286,17684.05124,165.1532016,19795.72423,112.9263504,20044.23631,72.69093474,20254.99176,56.28055746,0.827405545
10551.26475,156.9980466,8892.835358,20.83931455,7941.408834,27.49429843,7625.068253,31.1936566,8030.700499,38.79970408,0.022754165
16247.83592,229.7215104,20140.52815,199.637233,21409.37288,100.4889676,21384.77763,49.08652831,21599.07872,36.00486223,0.719123876
12315.10798,297.4465395,18396.47139,229.5345873,20239.25775,121.525811,20300.53724,67.08137317,20552.11529,46.53001739,0.37822442
18319.25825,215.126198,23282.49612,177.7722207,22793.99885,75.55057831,22144.59639,26.95581654,22263.57699,17.59614566,0.191430561
12950.99411,212.3369757,11895.5752,64.67521875,13176.98439,47.12388523,15942.76204,14.98967413,18938.21426,9.034523082,0.057538114
8661.243725,104.8034916,8457.685996,29.54232936,9974.745221,49.39504908,12122.51724,51.5842825,14241.97693,52.17107562,0.181203415
7585.410881,76.31718186,6331.500553,64.16152374,7290.111998,38.0369925,8621.423293,27.27468604,10214.62863,40.99032248,0.010276798
22257.5969,256.059145,24047.89898,166.9252017,22556.79603,86.12323533,21598.98019,46.87555245,21681.6968,31.21056608,0.739500754
23871.5015,150.5103125,26235.0303,48.8040808,23646.67861,34.45419384,22290.20057,19.99498752,22268.2656,16.20820076,0.278846429
13268.69102,206.9956902,11107.37372,86.48844934,12324.00101,54.1306046,15517.85965,23.29148859,18948.493,8.15663676,0.079332472
9357.682667,159.6726424,10792.60093,76.98750944,13220.02971,37.6269713,15973.43967,20.81823726,18713.63338,5.230951397,0.152720456
20171.16335,384.5138448,21769.6117,220.0380462,21025.35896,117.7904324,20846.80085,61.37073051,21470.36342,34.79075188,0.40553821
17790.80418,307.6961707,22414.6749,190.6503561,21671.24709,93.15319229,21528.64877,41.84342202,22265.44598,15.81675751,0.923169438
8950.892738,137.887966,12639.37252,219.294525,16608.21707,134.4581269,19486.49562,64.50992748,21688.39682,26.01235059,0.059674084
8583.370883,111.8822921,7374.642621,37.14543951,9255.110164,36.32965623,12442.91452,41.08487316,15347.20387,42.978252,7.21e-05
15445.12579,379.5243221,18933.00073,235.9861092,19684.12057,118.0343171,20341.33443,59.68668302,21516.37042,31.36964994,0.383792357
7604.843703,75.17006159,7674.191426,30.7257431,11336.29814,5.072074431,14893.55688,10.68522301,18074.96282,6.937132609,0.008119741
8457.370399,112.8946177,9291.167237,136.2144109,9876.76097,78.25318981,10938.99395,58.59480809,12326.00263,57.29361258,0.019898966
7587.416156,76.06245453,6975.333346,54.22712045,9984.552249,42.71141268,13517.67593,26.83907577,17233.32573,17.40301496,0.075198812
10364.56149,174.1141141,8779.427692,62.34703613,11305.57106,42.80479212,14727.461,24.8882692,17712.89974,16.55456799,0.194561867
7512.43485,77.04236935,5662.47673,46.10411278,5841.258598,29.99120272,6823.381752,29.81969067,8468.970231,39.88943513,0.076333008
8167.007683,91.89229024,8204.88255,44.53762398,11367.47047,20.8981753,14957.26479,34.63461058,18372.29053,30.27606457,0.000965415
10556.92106,156.3836177,10274.02706,25.63594401,12623.31138,29.60012301,15347.86673,13.72744613,18059.74952,5.705062195,0.019782361
16550.02896,144.4032743,15022.48422,47.58348057,12836.2372,37.17094849,12370.38392,47.9081311,12904.8454,54.42191225,0.042904895
14209.24439,270.006825,13631.49767,118.1047009,11890.30087,64.24396474,11256.05591,57.10567477,11634.64124,57.9663076,0.437756515
11990.97794,258.8598423,13347.8609,117.2580552,13284.31121,15.08009075,13776.8184,33.98323754,14596.6112,47.24909716,0.016000189
7395.472024,79.76757753,5445.380815,25.13780634,7592.436878,38.82837343,10019.66026,32.10325584,12455.25477,36.95648787,0.008490163
9337.638863,93.70371818,9599.738593,29.61701773,10840.94611,11.45665195,13531.51653,20.40639503,16947.29273,21.3273752,0.050138831
8791.39451,100.6527873,8821.308128,49.18000273,9774.582873,30.48782446,12546.54106,23.05101982,16316.94646,20.97113618,0.105665945
8531.622993,69.52316282,10320.98621,26.15481085,12479.92981,37.33363864,14719.52804,29.19291608,17458.19167,19.13823023,0.082113721
10107.89796,197.8834442,11842.4675,132.9566962,11610.28062,71.57508906,11701.66825,58.71704617,12320.5508,58.01037851,0.010421635
7514.509179,76.88106337,5965.858986,44.30837955,6439.249728,39.07540377,7243.638268,41.67587985,8474.253487,44.04696109,0.031733518
8150.40315,90.55052902,7704.074618,28.98316785,10199.81218,19.84814503,13384.1997,10.83587842,16453.80729,17.02883433,0.004799365
8150.449391,91.12809786,7546.932553,72.05648209,9717.389317,54.24823428,12781.82028,35.82677521,16251.5552,21.92517833,0.020912756
8266.771884,84.55428097,8477.574466,39.15945067,10593.98097,33.30000838,12979.1783,16.37918065,15429.0983,20.74801176,0.106837745
7583.451847,76.41840993,6242.479146,47.56683722,8143.312792,26.88721773,11343.06835,14.29602688,15244.40183,9.573287779,0.042774985
7788.923204,68.74671541,9950.430566,62.20844931,13033.57142,46.64913602,15354.70428,31.09668329,17798.65087,18.88608009,0.02253938
13069.36568,258.431671,12915.90319,102.3589208,14351.0473,20.58304413,16380.17716,4.628223991,18257.31544,8.432003657,0.101098395
16308.37163,137.2836312,14583.52476,36.22162908,14528.03872,8.545320271,16140.516,15.35976005,18009.93412,13.45574916,0.096858141
7417.710056,78.62936518,6641.761549,55.7207358,10230.89797,64.37965201,12923.04061,56.64998217,14625.0397,51.42659563,0.053709631
14084.00087,256.2472778,13494.04898,85.48411432,13932.69037,30.99666465,15583.73593,24.48435471,17437.78988,21.03193184,0.070395652
8221.323792,96.84306405,7872.02068,86.63343107,8912.305976,59.9942587,10021.18202,44.72835851,11474.51067,38.77433409,0.428149767
8342.270252,90.14257057,9399.398556,69.97432766,11206.43778,29.35904194,12859.53297,17.98091511,14874.23982,19.6386632,0.097142031
7514.509179,76.94208771,6558.85656,38.10941707,9676.126709,7.456810248,12913.74581,6.054289752,15858.48149,4.943949667,0.046619153
11673.54492,248.2951478,12074.9203,110.6686571,13142.56531,47.57538361,14975.49045,29.99357001,17166.86894,19.84416402,0.018870638
12904.94949,161.3841626,11016.18982,55.44915431,10434.51266,48.23100531,11227.1004,35.38970059,12952.15745,29.50633731,0.195512823
12905.56291,161.314302,11184.35213,53.23120218,10820.35461,43.94360418,11755.54434,31.47235444,13596.47874,25.95789153,0.487074818
7393.447424,79.95875761,5353.133771,33.04802297,8561.453744,47.02768767,12173.09057,29.15752176,15436.14867,11.66796783,0.008512073
10481.52432,165.1722968,9105.156845,46.56816988,10130.38822,25.65775334,12673.20422,15.17971241,15588.52083,9.284681358,0.023612707
10557.51167,156.8163488,9805.586011,14.71783464,10870.60397,23.425014,13083.20254,17.49276136,15788.53722,8.915819626,0.043149181
7487.030562,76.83520529,6133.304453,62.67986945,7971.390242,32.42625593,11368.93814,6.94454941,15093.14063,2.945853938,0.008117511
8583.370883,112.0358313,7502.882287,46.81200596,9552.291455,25.0008123,12502.81708,12.91427502,15352.58641,13.60401121,0.024347595
8584.993832,111.6619844,7554.245637,36.03501465,9394.750543,21.92688995,11958.1062,24.34833308,14390.53889,29.61794107,0.019563091
7395.660977,79.79065375,4678.142035,28.05534293,5555.418572,46.72169477,7685.453519,54.14200844,9927.638463,55.63737216,0.015013398
8433.925145,88.72436031,10063.48892,65.85895619,11238.21861,42.71501794,12846.38914,24.94818097,15434.05792,8.940995955,0.139221202
7855.085144,67.96079499,9356.659734,12.18853531,11915.39095,17.31308176,14000.46281,12.98821618,16146.6021,5.177355511,0.008891616
12179.13954,194.0730594,10988.41773,40.22897634,12620.37527,17.79656043,14135.38214,12.34801725,15963.93379,9.716718654,0.078903899
12392.10361,175.1879055,11541.00017,27.99762154,12578.2045,20.6037605,13898.64055,16.30172355,15798.58814,10.63308824,0.06715473
8288.943296,91.93627309,8930.127162,93.58224277,10374.16495,51.4821171,12452.72644,22.75098167,15195.3205,7.696742043,0.052164747
10435.48213,181.0557243,8301.349625,82.64926444,7696.520368,62.15382853,8260.727838,57.19736833,9258.011265,52.67279454,0.049993566
7587.693488,76.15470747,6896.285054,54.29217767,9795.081254,31.73689902,12840.13744,18.18476677,15583.52052,8.517545435,0.044459926
11548.5651,128.7442404,9951.965971,33.21818175,9679.003383,50.6662122,10227.77481,53.96459169,11010.19175,50.68504072,0.121274786
7548.160763,75.61943844,7294.831506,96.62562295,9826.034831,80.63500519,12496.46744,52.17407312,14687.5649,32.26491847,0.075995122
7588.687177,74.78400652,7294.72045,76.9605158,10210.37488,56.43738226,13251.43622,27.13614222,15648.28856,6.181346211,0.001036149
7727.839245,70.79777441,8933.798682,65.01645111,11541.25322,37.23326178,13200.84725,26.94628002,14554.1118,29.62760252,0.009634256
7544.601593,75.73934073,6892.949479,67.33565461,9310.178154,50.20547689,12555.60679,29.59937996,15486.30125,10.65878415,0.008924347
8147.692591,91.26931189,6762.475523,70.26311876,7387.950673,67.00909787,8615.408312,63.52303552,9807.157483,58.69577863,0.015150101
8662.377576,117.9212449,8995.946278,54.99778416,10606.66503,51.02433575,11324.7099,52.84367358,11770.40111,50.42065845,0.142546066
7400.310191,79.43694593,5722.064869,37.35252086,8319.676286,44.99055144,11345.95983,37.12213872,13974.75062,30.49255081,0.013072553
8358.473019,80.88072359,9209.737579,49.23281071,10521.58605,60.82697171,11501.49751,56.43120622,12362.81417,51.94604301,0.015548288
11703.75263,234.4280075,12698.80468,59.2152827,14066.00715,21.83198884,15119.33324,21.73014427,15666.15559,23.69952547,0.014673777
11629.46177,234.8464172,12143.07257,75.814507,14047.9713,35.65756993,15521.42072,21.33321644,16427.76162,9.359953907,0.153678802
10535.74014,172.5864647,11392.07996,47.8340758,13392.02892,15.64108241,14622.19331,6.045894067,15458.31743,16.89379273,0.044302614
13522.77494,213.1070753,13070.17831,42.52640082,14480.48866,11.70947748,15601.75731,14.35816164,16072.51645,19.66477476,0.02367671
8736.55314,107.1084338,10007.4519,17.92509738,12630.15907,30.87322898,14493.22157,24.62840843,15855.59007,19.56861227,0.204099976
8678.255831,110.2485296,9164.789657,45.96731617,11192.73128,31.02156382,13200.27026,27.50781592,14964.22932,26.63575393,0.0
10550.58471,171.2135649,8977.86471,61.17148744,9962.797695,45.28681077,12205.57225,32.09197936,14280.06296,26.65092076,0.0
11571.91006,126.9379392,11693.13848,33.22052507,13126.75345,31.43198702,14058.75563,30.9996706,14582.04658,33.36296143,0.0
8146.963878,90.91422919,6763.937425,40.18452117,7527.449037,35.01496334,9546.57812,41.2357985,11877.00638,42.59002711,0.459373397
10435.55362,176.2492363,8564.24759,66.6817962,9174.498162,45.26553137,11164.17408,36.75877374,13195.88055,34.61026103,0.0
7398.348723,79.57686761,5159.232255,41.4632387,6311.274203,66.52873887,7827.808727,67.97340191,8935.610311,60.78189956,0.013034544
7665.358053,75.1039778,8191.672021,88.92759741,11059.21103,77.13537207,12778.08874,63.54217306,13471.23528,52.84584747,0.06673846
8164.366178,89.5846979,7136.391684,42.85222448,7975.147274,47.12370293,9737.347772,49.56803511,11731.28615,47.9994247,0.581011926
7742.221362,70.90743783,9353.216826,20.49131077,11876.541,35.61013193,13074.11765,35.1105304,13893.97678,35.15408084,0.071597524
8665.890505,117.7041414,9347.521906,78.51157085,11476.0767,63.5081551,12627.55381,53.06883775,13135.97387,47.01721569,0.322783717
10628.92932,184.8305302,10661.86423,49.53444961,12111.69841,56.54042827,13233.68651,55.53456692,13975.57553,50.039377,0.04218665
13327.7991,93.34867694,11022.88894,37.34135321,11205.32885,66.70734854,12129.13755,66.26992124,12874.89237,58.3911533,0.0
10550.65134,192.4901311,8971.651196,93.89857967,9329.67525,79.76829962,10415.79535,74.014358,11360.76427,64.53114707,0.066859974
7391.48839,80.09991961,4203.665288,14.82865663,4395.870422,34.6312739,5917.617021,43.6074754,7788.320334,47.26220293,0.0
8223.216206,85.61284586,7949.18163,54.84514313,9062.046405,62.82973406,10019.82838,59.37141447,10694.27458,53.66378944,0.0
8147.761645,91.00708224,6841.091953,67.20022947,7224.157015,66.1507552,8083.930424,63.4977245,8896.643794,57.2953495,0.0
8223.942484,85.59963139,8083.516132,67.38363046,9106.515485,73.15719357,9631.13353,62.76386185,9979.708127,54.93542566,0.136867402
7430.142002,78.24492791,5644.03436,55.6031451,6216.794116,46.59284422,7374.920205,49.35235245,8924.327257,54.81544903,0.072286725
8225.498813,87.50850167,8125.439567,78.14011156,8939.726212,74.85041799,9397.235051,63.48084012,9762.396072,55.36988881,0.072886512
7661.77607,72.68729722,7670.681154,59.48550985,9480.307264,73.75307608,10698.62275,62.47763746,11617.79253,54.22882174,0.005755503
7467.669229,77.65647581,5288.709375,41.65234284,6020.716177,48.21685745,7893.666142,55.06568033,9883.868715,57.65735819,0.103767529
8149.246486,91.0437906,6755.628278,60.1851589,7111.022553,47.87339721,8681.917514,54.65374725,10770.33647,57.96228414,0.154671076
10380.55261,173.9013743,8438.904058,47.74241886,8633.248167,33.8260679,9952.984943,48.82544355,11639.50945,56.63859792,0.134302089
7604.089743,75.42193469,6944.736516,68.8635648,9215.333183,63.35158726,11658.71765,52.06381039,13476.006,46.2673746,0.004189433
8164.366178,90.42898929,7147.768606,55.41135678,7831.989153,42.795169,9744.398713,50.53269294,12099.91211,54.16397645,0.05499656
10379.27604,174.002674,8379.673989,49.8795449,8965.994254,16.6455039,10923.1025,39.2215664,13000.57028,51.16453217,0.132305676
10533.85016,162.6638799,10941.01316,32.78733873,12085.44903,52.40271405,12705.82572,46.76669067,13163.29878,44.53251038,0.032203351
7592.649052,73.57894332,7485.517734,43.96838398,9588.815864,48.70083844,11888.08718,47.70242226,13988.84843,47.62409309,0.049315809
8974.840247,104.1572366,9803.583293,108.56524,10700.67824,83.69947313,11748.82744,73.52004694,12601.33279,65.77404791,0.074230252
10370.40327,175.0375982,8881.863112,91.86514743,10145.70301,74.31829405,11541.02651,58.68011617,12550.68108,50.41521083,0.072178679
12178.27055,193.2875087,11219.73434,25.16398718,13287.86545,15.83397603,14545.87985,8.870675594,15431.06301,21.5675118,0.118840778
8243.32663,94.15496686,9295.490584,81.24146662,12146.4697,55.06073523,14058.30426,53.12153818,15208.23915,52.05246739,0.024739678
12121.10223,197.8129488,10811.68712,35.53888541,13002.36352,18.79179505,14608.67385,4.466807015,15813.66789,15.41767659,0.150417933
7439.759135,77.43998408,7382.606982,24.22053895,10600.60442,30.30972531,13481.20056,39.59002407,15845.13317,39.3921606,0.113867008
13027.90123,162.1715814,12841.61827,83.3940734,13212.4736,81.0914687,13598.52612,72.13227589,13957.0937,64.00295419,0.0
7595.339232,74.30006464,8151.920105,62.6076109,11727.2265,33.42857023,14757.68484,27.30405277,16947.99589,27.3788714,0.032134805
10620.01119,155.0627579,11247.9689,36.97690162,12853.47017,29.51261723,14670.50901,23.88020016,16743.67359,24.31575719,0.270550569
13438.92676,133.8600393,13794.0719,67.30350627,14424.94688,74.99152724,14644.29917,67.51467206,14836.22448,60.85891382,0.0
7680.339636,72.16939611,8290.367768,50.21835007,11260.00129,37.2000122,14300.3949,25.65563346,16889.61236,19.97240601,0.139128578
10483.82193,164.5384422,11398.0867,35.0324916,13125.30773,21.92342184,14825.66313,15.77478084,17102.05059,14.79927024,0.112935983
7417.050398,78.69999231,6319.216878,58.59424493,9664.503175,32.46105163,13645.47671,11.08766472,17080.58454,17.52007693,0.017826744
10499.60909,163.6323017,9690.252209,20.27079039,11091.59016,27.00941301,13707.7462,16.66600693,16289.67592,8.245755849,0.045768227
7590.692452,73.70825436,7388.426367,18.78817546,10368.57957,4.87707278,13773.18265,7.036717194,16666.47007,6.784667575,0.026258169
12443.80402,169.6118727,14679.66345,101.665097,15512.95255,80.52185386,15692.39378,64.96344545,15829.94457,57.69715357,0.052016441
10364.67679,174.6524701,8607.475568,62.59257034,10354.87228,36.51701846,13183.03338,22.83193283,15878.47752,14.67152968,0.010567748
10631.54801,158.8184077,11177.21429,38.41097373,13459.36764,20.68620578,15683.02699,10.64496062,17796.40904,6.648552626,0.116816447
7511.107729,75.54071272,8306.222837,54.80650741,12297.54953,25.39852337,15279.94025,14.36001288,17722.25616,6.518583918,0.0
16069.41887,136.7513481,16670.77467,53.55628963,16991.65995,45.47367883,17041.7556,42.90619709,17218.87536,44.44478478,0.0
7487.713033,76.58344007,6636.643511,48.33305486,9103.44798,27.47195518,11578.01876,23.44412651,13444.6953,30.63160898,0.0
10763.25756,151.8200371,11821.48056,35.03659963,13813.15985,6.694735277,15766.34479,9.233523142,17824.48843,8.769755909,0.131247235
12156.62418,195.2029627,9995.204906,65.0966269,11299.8893,46.8266117,13996.22618,20.75837803,17195.8905,7.050855326,0.055317275
12113.83676,198.6264615,9518.243738,72.17934321,10761.85588,45.7513792,13776.92677,16.5626066,17232.92402,5.912859899,0.050444957
9341.949558,162.8293672,10424.15989,137.7043929,13380.18369,80.72480449,16433.14689,36.6992698,18796.70694,7.367893439,0.017793394
15230.83017,160.3171848,16273.37352,77.25020742,16782.77272,42.49967413,17670.47913,14.03392718,18635.12906,16.56731598,0.156385066
14779.09171,234.1021814,15967.81059,110.8602346,16476.52751,64.43925156,16729.44029,49.83891689,17106.64197,46.84404207,0.0
7548.160763,74.83942199,7159.957004,76.57315404,8519.736818,69.38531308,9634.47104,52.85826993,10706.22257,47.44885253,0.050601488
13896.54064,236.3153493,15504.53245,85.47996519,16276.82127,44.25297979,17260.29683,22.11340574,18401.49925,21.8544046,0.082617075
7857.301131,67.23833643,9636.222274,54.46232675,12462.23386,36.37492162,14593.09499,26.88165194,16864.39834,20.65334141,0.07093753
12274.55478,185.4907542,10481.54505,58.21541386,11764.64742,54.78778432,14188.08278,38.97735229,16894.49496,24.97089885,0.063174185
7413.537469,78.9347099,5881.761377,45.54771243,8680.827404,39.1797874,11500.368,18.9301539,13791.69611,15.97213169,0.0
12097.23222,201.1088614,9230.655925,86.00015093,10490.07494,66.93791478,13204.89196,44.31060176,16235.92131,28.08421246,0.089645354
11196.6795,224.3425064,11765.38462,57.96104669,11838.71308,11.22527801,11562.22886,21.15744258,11840.26845,31.60855495,0.175405806
7735.271596,69.63721471,8040.275936,16.85129857,10022.19978,29.6298086,12591.81259,29.55746013,15378.71243,23.02395724,0.074700216
8294.547445,82.33336332,10178.49112,41.66902332,12972.93259,44.0037368,15075.49174,34.71976169,16934.67918,34.57913371,0.051419139
15123.34947,157.1887752,12453.28648,52.06804825,11266.39748,39.62249534,10665.7305,37.37594539,10761.36835,38.76655374,0.165316391
7470.310734,77.44498379,6030.53507,36.87723928,7768.309089,26.86556728,10633.741,25.12069466,13953.75491,20.98746234,0.0
8165.048649,90.4430574,7834.723633,80.96087991,10120.24092,76.7831316,12443.2337,64.31527433,14367.34137,57.19532215,0.238365306
13582.21605,204.194523,12012.86833,67.52129476,10658.80382,49.57573345,10175.6091,41.33134296,10405.33905,39.43339399,0.058432762
8338.382973,104.3087237,8324.131576,110.8884108,9581.240339,55.18130982,11866.86318,26.12839109,14925.95182,20.88716727,0.034414039
7432.17009,78.06033834,6707.954318,36.11117847,10480.77367,17.47077389,14100.188,9.917766298,16809.32919,17.21168437,0.1387186
7468.3517,77.59739331,6020.055748,39.96577594,8353.125715,17.86054307,11304.7171,11.23106372,14375.83268,9.632346271,0.119429848
8225.496379,97.26617791,7874.536166,105.5777657,8241.369939,65.6830174,9086.678336,41.49361746,10155.23187,35.80456656,0.0
7393.378369,79.96658208,4677.243698,15.09686614,5831.516707,12.28712746,8821.586096,8.772781824,12320.82776,10.75852694,0.0
13658.46595,226.1068927,12953.27975,94.11699998,11683.06908,48.44535139,12314.68587,29.40134428,14583.2395,22.27429725,0.505150702
15987.79349,149.0618191,14313.42757,36.84228381,12522.85485,20.49582156,12915.60182,22.18813952,14981.05379,21.82951906,0.072028343
7554.716686,74.49403449,7768.222293,16.49217448,10324.33975,20.91368029,12673.51927,31.21159272,14593.72185,38.04509122,0.000104692
15798.47154,160.6490301,13388.7373,82.28458366,12264.1759,33.0430805,12954.40328,23.03751333,14900.41077,22.41915837,0.166301408
12906.90852,257.6004296,11517.0168,112.855523,11847.73135,38.3506271,13157.8319,20.73113061,15165.09197,21.90592372,0.520833411
8721.059984,102.337247,8988.657544,43.97828595,10139.27642,6.58320406,11452.33982,25.97440915,12826.9069,37.33977827,0.07446118
7538.043099,75.84526739,7403.0966,80.27502004,9903.742356,50.47958697,12593.27925,31.59773784,15387.3431,24.63447935,0.04943051
12290.99174,185.6638836,10956.84838,49.28799793,11267.11864,35.68544115,12607.3467,28.9129905,15029.38042,22.9902184,0.560160222
12289.99805,187.3932079,10462.31382,68.76612777,10729.7614,47.13484222,12110.51523,33.06998801,14634.30172,23.67665261,0.157871869
7393.447424,79.95878428,5044.09583,24.56081642,7366.514779,36.67534806,10523.35788,35.47775356,13543.54344,32.57759744,0.0
8892.36622,97.44365214,9390.61821,72.68675205,9491.772418,35.56816786,10243.67498,31.04799428,11478.39645,37.84716106,0.060318579
8284.699221,91.15166237,8289.637201,88.74283018,8195.276614,56.30272318,8239.724031,47.27902176,8920.709795,47.98458075,0.0
7681.068348,72.05704461,7982.121675,50.68429582,9393.805652,44.65882409,11383.79533,35.89697963,14222.22748,28.39514809,0.138728496
7585.329534,72.90495496,8690.216979,62.84365522,11865.90634,13.90122306,14595.41881,26.04465804,17068.94676,28.95959253,0.091822284
7467.669229,77.65647581,5325.223556,38.57815009,6474.024606,26.38884279,9364.383433,18.32920077,12715.52729,16.77068847,0.093132668
7395.660977,79.79065375,4730.00276,20.57834498,6176.437744,6.268773451,9134.415628,7.013821798,12004.60535,12.40100139,0.338845883
8337.037356,92.37477242,7939.23648,87.11486588,7571.339334,56.62972237,7699.129204,44.70702685,8552.290518,44.30618325,0.068988601
13264.30884,280.3543225,9967.86413,88.28765009,8391.690694,50.10756369,8769.570368,45.79075631,10143.69658,46.82822482,0.22140583
16758.73979,139.2955275,11219.30358,28.40473579,9392.716181,30.69381984,9838.6246,40.53916881,11288.63222,45.0403495,0.050441146
13266.33692,280.1044221,10552.13273,62.57002003,9899.859623,14.03310503,10761.14145,35.96412706,12376.95155,43.21112337,0.091934671
7666.702616,72.31525661,8568.533208,43.72859225,12350.74167,41.99101233,15588.50402,36.70940108,18111.00405,29.00819092,0.012083904
9718.927761,127.6146508,12187.32173,84.26649118,13964.31265,48.37008177,16402.68689,36.42298413,18502.24113,29.0216102,0.072514965
8901.416208,126.3574607,9582.386322,104.5731992,12229.63209,55.42220626,15043.01239,42.32695741,17138.3463,39.20857336,0.171918534
8170.566853,90.75177946,7954.296031,60.79606219,8855.773637,33.08603052,9873.010632,13.26516581,11318.80299,11.00034647,0.0
10601.21634,120.6733498,13111.44387,69.0537254,14896.8186,43.60253029,17124.68553,34.47783969,18842.29305,27.78203065,0.273588026
11766.20829,115.7477167,13472.08011,36.57719678,16077.44992,18.31942273,18256.72008,14.20369528,19740.1783,7.923193235,0.300315498
7517.08163,76.72250151,7307.624439,86.03812468,11432.27638,76.33479322,14961.93536,54.33211497,17342.16773,39.68224746,0.039428459
11213.82728,130.7985809,13133.73861,24.11443987,16461.00368,15.25099565,18471.66999,5.089934619,19634.08546,12.72362673,0.046079324
7394.107082,79.89418882,4843.837356,11.43270967,6610.256822,5.816722732,9679.63415,18.1767868,12515.09119,27.63595895,0.008767414
8974.840247,64.83331941,9607.792451,20.77366002,9671.573279,19.66973354,9913.24921,15.67534176,10567.29599,20.1491992,0.012820457
7492.406054,76.36599975,7115.046328,49.89882471,8659.651362,35.92075554,9690.852943,19.51657703,10865.61736,20.49413806,0.026059555
8147.648784,91.17495394,7152.849506,63.934462,7897.774884,48.04499375,8505.324084,35.25946705,9142.288377,31.36192615,0.05064762
7410.783103,79.15399048,5067.642474,21.71395683,6181.943651,20.82928161,8109.506837,43.34420351,9803.943665,52.52899732,0.368539412
11465.32064,150.7053227,14517.80591,72.82962482,16558.81633,21.99202454,17541.89935,34.0434662,18199.45124,39.49379816,0.0
9216.188804,138.7947595,12576.93828,133.6758981,13878.85777,77.50090982,14880.77032,59.1850631,16097.61084,51.29221263,0.0
7659.704174,74.5997543,7531.176468,41.70152566,10189.18974,46.37915327,12746.44063,59.48922849,14542.14216,58.74939971,0.0
14854.32902,117.1657789,15938.24402,48.95840077,15773.18824,46.01874145,16085.39484,54.05069883,16675.29015,53.26600241,0.0
7410.780669,79.15436409,4769.181589,30.55937359,4277.986919,29.3590234,4643.465579,35.02431959,5547.554843,41.14801042,0.031608075
15987.86254,126.7026142,14617.2743,98.41728532,13700.23956,81.03807289,13935.65623,71.4525238,14705.9942,63.67838636,0.0
7659.088323,74.66893489,7155.687414,55.00331933,9434.538004,63.29467296,11776.34423,73.08772565,13368.38733,68.11064055,0.0
12924.24177,258.740084,11738.63783,144.8358457,11625.67675,99.45270944,12232.8655,80.69601474,13186.14681,69.6486869,0.0
7394.109516,79.89381896,4709.801452,30.29687386,5450.368407,49.93994975,6563.509579,46.08174675,7580.859285,40.69337318,0.003999679
7392.101807,80.04442753,4374.54618,20.1876574,4331.943318,35.85460188,4870.390938,38.66884795,5442.401504,36.84151837,0.032937352
7543.921556,75.52848272,6378.180475,65.69395467,6844.52903,54.90485449,8197.717751,60.44409552,9802.863581,62.94390198,0.0
7394.176136,79.8863923,4824.090518,29.30551135,5166.231336,39.07756463,5523.69696,35.70713502,5867.929909,33.91322247,0.096658909
7392.101807,80.04442753,4523.666731,22.43920531,4883.175321,34.62182617,5995.129824,37.18363108,7205.065467,38.85217424,0.028149956
12075.72751,199.802464,7859.264094,53.49768522,6829.900259,44.85499957,6887.612881,42.4825138,7412.82378,41.22639474,1.21850112
7391.419336,80.1077443,4191.828715,14.47241697,4056.606829,33.72722225,4972.05045,43.28619396,6296.720766,44.81273387,0.05993054
12094.40637,197.662203,8467.878437,18.89808945,7794.759395,33.346814,7862.906543,38.92152773,8372.912154,40.09597508,0.57479747
8265.337888,98.81466814,7562.96116,89.81135257,7409.946168,64.74926971,7756.180552,57.71699125,8261.21249,52.37256686,0.134913205
8592.536636,112.8628153,8688.403255,94.73158991,10802.6128,67.36235384,11894.84318,51.83346447,12435.83667,46.29616871,0.034138659
11117.7443,157.0977292,10244.33343,19.45526201,10358.79422,41.88567003,10726.97291,50.30257174,11043.76709,49.07845148,0.199832201
7401.036469,79.36199815,5513.016657,32.23638849,6105.000019,35.44129683,6544.12635,34.26319475,7069.126232,34.88105008,0.019828586
7396.550611,79.7035522,5434.681877,19.86108386,7170.790128,6.824910016,8686.868213,17.02340683,9738.241286,27.40188856,0.021317387
7414.698737,78.87572551,5809.568328,47.78374304,7851.278494,43.81192572,10079.9192,35.93326847,11664.82823,32.35524891,0.165463511
7412.214665,79.02231212,5656.440471,50.45587842,6932.952501,54.19684285,8180.134008,43.93721571,9512.710493,37.26853831,0.189815984
10479.56528,181.5749371,8958.179184,76.64798972,9519.278171,55.64781623,10241.48179,54.68050518,10786.787,51.7547808,0.325239112
7416.387252,78.72761714,6230.26726,72.258812,8258.392588,72.28503803,10071.20826,60.4782659,11835.71319,52.22299208,0.089487764
10528.45656,97.08784016,12186.31712,45.51821715,13037.53062,23.86038197,13797.37577,28.2564697,14408.5552,33.71384028,0.041889785
12095.08884,197.9620358,8933.87214,19.25311472,9937.423608,6.573220006,11528.65834,15.72577322,12759.22693,21.58852528,0.593245118
7476.626704,77.05844886,6908.77514,59.34867383,9231.993601,35.45997109,11142.91789,20.20975855,12678.54779,17.94675893,0.077802335
12077.14218,199.8131184,8611.990304,38.0491332,9935.248392,7.148375416,11773.1154,12.22737874,13157.44847,16.86935512,0.433628276
12852.70771,222.5900589,11632.99996,73.28550231,12681.39294,30.45020227,14254.97236,24.47765435,15620.60644,29.3977806,0.267671346
13288.59915,204.4811827,11891.6633,60.08539264,13023.29917,18.59157351,14584.71403,9.779947365,15797.89717,23.37623136,0.405651767
7394.176136,79.8863923,4676.89061,26.99832419,5306.942713,31.33163025,6867.373748,35.80737802,8325.993607,37.52417954,0.139935532
7394.107082,79.89418882,4757.475104,27.07980179,6076.168038,54.61942741,8445.840302,65.08101578,10502.91736,64.11320119,0.097059831
11189.06764,225.5076076,10518.44329,79.54603385,10326.76572,20.39657624,11468.99104,15.66780552,13154.01777,12.00211447,0.26369987
7420.074229,78.43662778,6925.038365,24.25455314,10704.41078,33.90944179,13975.33751,38.62422212,16071.63304,39.15386436,0.028830823
12831.31829,249.8457394,10189.03166,88.64367338,9536.442881,34.91447859,10619.45062,19.94782845,12360.67531,16.15234078,0.125568446
15047.09958,155.1028619,11164.3058,55.54282286,9870.050276,32.45709275,10871.50028,20.70731394,12682.63959,14.67318872,0.748595893
11112.8868,157.8662097,9636.267093,52.78750095,9713.061793,23.07090777,11175.4024,16.95087804,13000.74757,13.2051284,0.204660603
7489.789796,76.39087679,7108.632399,48.22694958,10589.20383,51.14058866,13910.57851,51.26217408,16513.5538,43.30104091,0.49319987
8265.340322,98.81449462,7788.159708,85.58108853,9116.215868,36.24116899,11309.10749,11.27112794,13324.44136,5.421868563,0.069974067
10482.9355,181.0689785,9269.78797,58.81165099,9765.461844,30.44121798,11142.13753,19.1319518,12925.86453,11.22192533,0.006964307
7507.074366,75.60639267,7166.7872,67.70074397,9148.70872,67.35244313,11747.73615,54.81518514,14578.67356,44.36362293,0.261171013
7497.144702,75.85875722,8683.78245,56.1924309,13630.13343,44.35963239,16875.35794,26.02765577,18858.79346,18.31220074,0.303234784
9341.603172,161.3906902,10160.88207,100.8704716,11785.51023,73.36977699,13742.72617,67.98420228,15614.82139,62.05893534,0.832492499
7588.002272,74.8350136,6566.070635,66.5532276,7071.784061,49.96934515,7921.689019,37.94874324,8926.499149,35.5955448,0.001367946
7420.397802,78.41205287,6547.852513,35.12850883,9083.908342,28.6117528,11675.80543,25.91682534,14308.31192,27.5377163,0.064823535
12178.95059,197.3121432,11347.16349,33.49790512,13534.45406,41.25025853,15644.42852,43.08872921,17826.63195,36.64897769,0.369562096
7491.272203,76.47961863,6644.025099,62.1876985,8056.326035,32.86406602,9505.825196,8.250187097,10913.37113,14.29182017,0.062916904
12097.09655,197.8091158,9181.176412,18.65870552,9845.163064,21.81065756,10989.73754,19.41671091,12569.43216,15.54047479,0.053770898
12080.37429,199.3879551,8845.686326,40.72294503,9432.290081,29.77461362,10835.87472,19.71352734,12668.94048,14.57023238,0.074651392
12218.17868,194.9387352,11137.75891,56.2365124,13391.63573,50.26576039,15685.02073,45.21471901,17988.4575,36.58334447,0.816508449
8498.329208,70.68751874,12085.36942,10.84780777,15709.36284,15.41714374,18039.89593,12.98970394,19760.42332,8.377717208,0.027428519
13588.41673,170.993488,13232.15256,35.27605922,14176.88964,57.74371603,15692.2211,59.88361601,17263.89914,54.90927375,0.295736972
13340.62778,211.5872582,11763.23917,96.0286622,12434.53869,81.14966613,14011.70907,73.89421267,15745.86881,66.03592841,0.36648384
9002.218577,73.14167319,12325.22667,42.90505696,15722.30257,18.9691011,17800.18078,23.72017791,19356.55524,25.92669202,0.458111274
7670.808088,70.91549421,8208.412263,47.5407697,8746.170705,38.87090611,8792.913998,34.04224397,9245.896657,34.49215201,0.04759246
8265.337888,82.43986677,7569.293898,22.08487617,7733.943987,12.54616192,8807.007031,19.10853138,10619.94038,20.52483621,0.100867134
7533.072746,75.84641378,6701.174072,40.4227025,7776.60284,41.84020462,8938.923187,36.52810652,10669.15716,28.10019612,0.051533702
7699.106878,70.61308613,9280.620724,47.81942611,13362.90456,49.79228164,16828.82776,36.0805715,19384.81902,21.59545464,0.218119813
7491.272203,76.47961863,6868.745989,56.34312056,8627.220985,25.50720994,9902.842463,3.24963539,11018.81712,13.72268189,0.024319328
8164.366178,89.23232818,7079.864562,30.52112079,7111.112293,12.59647418,8299.536044,8.246982694,10359.81684,14.17632059,0.046330879
7588.071326,74.82633437,6737.741767,64.40200929,7479.581054,51.79791433,8161.331095,41.96824152,8950.044335,38.26780279,0.011755101
7582.83843,76.45337394,6381.89538,48.69243341,9819.453831,58.0394053,14085.06073,54.57196401,17568.46347,42.35002711,0.007147995
12100.46433,197.6113648,10286.08709,18.74277708,13300.58472,34.54494748,16106.51963,43.22720284,18196.82776,42.86014771,0.040907081
12081.92818,199.5760697,9559.715003,62.72889382,12086.46791,62.35059934,14798.4322,61.49655508,16949.25412,56.80075036,0.240600928
7411.46314,79.08962154,5367.224273,14.31651448,6869.142068,10.4177174,8922.809257,16.70403524,10917.11269,13.44606057,0.03936979
8717.114172,110.9116111,10990.15401,67.09340081,14550.62764,15.93507617,17242.19753,8.241780904,19371.11548,12.77478468,0.091266632
7467.740717,77.64781112,5696.327689,37.26741937,7365.738758,37.10863085,9398.591539,31.15639027,10889.30542,25.76705618,0.116260055
12234.47664,195.1617075,11115.50229,72.75723585,12669.28407,59.10253163,14690.42956,56.42141623,16710.75216,53.81426296,0.364703373
7563.962926,73.8675075,7633.238156,41.5825658,9336.369312,28.07852236,10692.17037,16.32178462,11813.27896,7.455142368,0.013981965
9455.28416,143.4183651,10471.72177,105.7351462,11762.57876,69.97326921,13726.61059,58.78427888,16125.35253,49.486233,0.014467262
10639.30346,171.8696354,11975.52135,43.85799519,14398.25388,21.53752372,16712.33662,25.5392446,18897.88345,23.18039901,0.338988078
8902.974609,104.7863191,11504.92577,43.89551312,14585.83415,18.51425496,17153.05635,15.37333405,19237.30501,15.87421202,0.103403584
12215.49337,197.5952075,10604.75018,73.49349031,12444.86428,54.03028941,14604.66496,53.69790652,16639.22804,52.45968778,0.642528857
11871.11909,119.1039941,12791.95556,28.67432915,14231.59622,18.70702713,16220.61972,29.3524433,18315.75434,29.81510789,0.129703127
7397.025919,79.66472621,5426.328324,49.47022874,7133.401958,68.80353489,9321.451671,63.18632581,11822.10611,52.4492635,0.020680393
9359.236562,140.9169668,10802.95561,73.89899597,12806.50697,39.23017747,14651.13484,42.86180258,16656.24057,41.92607874,0.131636475
12342.71889,181.6430213,10488.33812,23.50065731,10606.48395,39.81447974,11134.09476,29.83272259,11732.39324,17.82434278,0.165739446
12113.77013,201.7372049,9222.442761,80.82346293,9339.776374,60.97581749,10231.64762,41.90637213,11184.30587,25.79210144,0.147272868
8145.076333,91.14860786,6403.075765,56.69429263,6752.562834,56.77451037,8425.694896,63.19825628,10372.61937,64.688278,0.199377625
7435.473687,77.76020163,7276.337639,24.78515883,11792.84017,31.78134413,15817.4382,22.97399704,18508.45974,18.2973183,0.220073167
8145.75637,91.08047758,7109.152438,28.98473199,9058.617383,35.63199617,11404.01306,52.49543014,13425.03733,56.96349143,0.122485884
8566.427592,89.20262946,10897.97666,46.79422446,11910.82089,11.42561342,11899.21059,7.822442855,11799.55862,12.37873622,0.002601884
10365.52129,173.5733192,8861.959951,27.86708038,10903.84187,17.63085384,13166.77166,30.16093139,14920.91638,35.08267853,0.0
7416.387252,78.7003218,6814.716233,17.00888145,11050.43071,22.48512861,14780.66975,22.07058224,17298.35121,24.3893994,0.064920012
16951.98224,260.9655849,12990.00552,59.89137814,11374.25994,32.2708658,10688.6075,31.01534338,10346.40449,30.32702521,0.04073353
15796.58399,277.5719184,13156.98138,49.14048978,11671.69624,27.03673058,11049.89961,27.273187,10723.91825,27.02084238,0.080696136
7410.780669,79.15436409,4800.593186,29.33559738,4882.094141,20.79419521,6258.566423,19.25593903,8134.005002,15.98972787,0.014837223
10438.16988,166.5715713,9193.886109,27.45657217,10575.38084,26.56424735,12387.60131,31.43886764,13884.04309,35.59137035,0.382769833
7623.520131,74.51564885,7953.053266,37.53235852,10977.50449,6.996902389,13939.69414,19.03783891,16174.86036,32.27906855,0.097807445
15081.58061,319.9448575,12202.22175,81.27546797,10742.03173,43.72295312,10023.34484,37.5518134,9698.14345,34.33977798,0.0
12267.14903,186.241592,9873.696965,22.5425343,10888.42406,14.18023414,12343.52424,28.64517788,13606.6064,40.63680339,0.086705882
12113.83919,199.0968404,9569.938639,35.5684957,10500.82075,22.95096127,11745.98769,33.29159399,12842.91093,43.09045894,0.118947232
7412.808757,79.01112058,5396.377968,57.30704792,5836.335395,60.36615051,6090.963827,49.05132402,6296.478787,41.42077116,0.0
7410.780669,79.15436409,4765.269329,30.34234478,4330.296443,25.39223613,5110.174271,23.82084541,6592.34011,24.94305971,0.042063775
12272.31044,203.3510072,10349.80961,35.372121,10274.82888,26.64444603,10875.03669,34.86895202,11718.97701,39.95571348,0.265805375
8167.007683,89.67768334,7956.039429,17.84645535,9852.473481,25.71873338,12081.51971,39.37087368,14099.30535,46.08972039,0.008822652
13266.99658,135.409631,10549.26516,25.49768576,9755.148096,35.63227793,10127.04891,41.34945109,10892.20917,43.83501982,0.054388069
8145.687316,91.15661123,6842.24124,55.60726283,8492.491705,39.5068418,10838.70034,47.42180561,12785.3533,50.91093205,0.0
8600.726941,110.5251099,7551.920511,45.39147131,7571.399843,45.535547,8010.496541,47.76331711,8642.197445,48.40835433,0.050971111
8701.01618,122.8863793,7777.515037,91.05233421,7419.92042,61.37871319,7910.064242,53.47344315,8767.318343,50.28156979,0.0
7411.534628,79.08461189,5432.326173,48.01629558,6824.770112,59.85623099,8505.170256,58.58028907,10071.23528,56.63817725,0.0
8580.754625,112.2921629,6656.278326,59.9851674,6238.127905,49.09584063,6555.318497,47.60000434,7132.732569,46.58984201,0.0
7512.43485,77.0345565,5946.305511,45.26708875,6622.576216,46.34134264,7307.028948,45.83975316,8213.807262,48.57041114,0.027291651
8265.337888,82.43986677,7532.239072,25.89539783,7809.521977,31.58544717,9089.984714,45.10097618,10565.32958,52.74296242,0.030594926
11962.69696,207.7928443,14014.52302,178.1830556,14704.4142,107.4163146,15052.66467,73.15274837,15470.66035,59.05965706,0.213649968
8167.053924,92.41855506,7707.948537,97.67127702,9245.873561,94.01609035,10803.61626,80.21051021,11902.28049,67.22279979,0.064955292
8149.246486,90.58969464,7142.841589,27.14759513,8918.846082,26.05792829,11321.67338,45.85981803,13217.48379,51.76914723,0.002257467
11448.10381,211.3621983,13644.12017,156.4791283,14766.26328,87.43273895,15568.31285,58.88266059,16285.83331,49.02074538,0.221835295
14049.91866,287.2725621,18752.99309,127.6024392,17912.42328,57.52123014,17116.32663,45.56938583,16915.84793,43.87416574,0.416034889
11257.84138,134.4456886,12826.11189,96.66209262,14301.28666,85.78641227,14833.38224,65.44343708,15158.10846,54.99011704,0.28292942
7391.419336,80.1077443,4140.59116,13.1509321,3383.348607,16.52542174,3202.038211,17.25385933,3325.308341,18.62386549,0.027095805
19640.86265,190.5694349,19891.53461,68.94398322,18275.2515,33.71932106,17792.16966,22.33925703,17859.90558,28.12008639,0.639644797
12083.71247,115.2982236,15512.53204,118.6167318,16560.01365,65.57096633,16686.27478,42.81367475,16824.56957,39.03744876,0.1796657
17856.78854,328.7637557,17545.92227,160.572782,17530.07617,60.28549675,17908.08522,14.11853606,18358.67413,12.54519681,0.231721021
17043.79125,329.8764532,17844.65943,151.5810502,17765.95933,57.70166288,17948.19302,13.40202963,18258.53652,14.66065195,0.378535904
10359.91715,174.1557694,7508.46419,47.39753871,7077.427024,39.80435454,7835.821875,42.08711102,8993.971845,46.14710674,0.002279617
7588.167681,75.94283825,7148.709349,14.22094956,9723.557701,29.26289002,11871.44086,41.43158696,13506.62834,42.15719719,0.058365167
10361.19127,173.9612453,7730.902362,31.61830556,7807.406695,22.8576157,9006.380346,33.78904548,10467.94134,42.76425577,0.00017299
7487.030562,76.83520529,6159.062276,67.72282718,6850.73412,52.67681938,7909.46476,40.39714667,9438.80739,37.37083228,0.020894859
8412.604778,75.6416707,8795.20702,27.56817175,8936.844026,11.40084648,10111.26873,19.18344954,11930.51026,27.61030564,0.007515099
7391.48839,80.09991961,4357.102598,11.0566832,4355.293729,16.16177397,4725.223949,19.32449875,5144.004261,22.9079051,0.184916506
7470.310734,77.43759486,6176.506359,33.06173359,8849.777557,26.71703692,12547.92632,25.0517138,15626.24239,24.49892198,0.019443443
7470.313168,77.4375326,6077.744606,19.07764558,8221.610322,6.585341198,11233.12551,17.02861075,13858.83656,26.39190144,0.009167329
8183.729945,91.39638569,8318.340288,69.50598611,11055.17398,35.4311414,14073.04269,36.28582841,16638.32628,30.4843378,0.042618733
8164.435232,91.2048052,7252.964295,69.09831184,8007.474799,27.73423485,9535.642611,6.590564258,11562.32366,13.56514613,0.018866189
11133.54402,128.6251785,10923.51622,39.37714891,12072.80167,10.70319095,14100.19685,15.21348246,16424.45251,20.97224595,0.046058287
7413.537469,78.92876847,5448.197279,23.9147741,6034.914827,16.07634315,7055.796999,20.48407694,8324.833058,29.06939065,0.03848578
11134.82059,128.4998209,11008.28684,34.75332903,11986.24151,17.67676478,13726.54969,13.47649025,15956.27701,18.19045707,0.084592079
7394.176136,79.88634145,4973.255873,8.630093079,6696.37284,17.30515396,8939.464316,25.19091658,10861.99574,28.41733463,0.027264441
7413.422174,78.94997193,5760.838241,56.25221382,7507.391722,64.21532266,10244.43279,47.98085637,13452.41069,35.53740811,0.024979111
10382.83521,176.8179029,8468.77462,90.36978184,8376.299962,65.75286602,8954.175527,52.64123047,9637.218171,46.74552038,0.139476466
7493.913708,76.36146003,7489.640885,67.03167581,9992.785644,34.36033829,11782.26391,11.43045702,13108.26963,22.30706337,0.043028549
8183.798999,91.3850788,8343.339091,73.28720799,10628.87023,37.67702312,12823.81873,19.54219511,15031.62597,18.51105025,0.082310339
7410.780669,79.15436409,4987.914979,27.17429977,5393.067949,26.20313811,6509.385641,31.44657902,7922.222296,38.14233639,0.033679985
11189.1367,120.9373421,10638.42937,37.56446417,10260.21391,44.77228331,10376.25489,40.5212357,10754.48846,40.10268564,0.123344333
7432.783507,77.98495644,6694.035112,40.18477781,9186.456637,39.16679657,11273.07099,29.70073526,13471.82986,24.02033274,0.057143624
10511.80108,176.2774613,9689.337213,74.03676827,10201.7868,39.62467488,11627.26228,30.16731925,13576.15717,25.94319602,0.059010062
8377.765297,78.86107114,9889.52291,43.96662358,10881.1989,29.77755412,10880.19241,30.71955241,11086.82347,35.34939649,0.161285142
7412.808757,79.00545107,5757.035207,34.86754724,8136.546191,30.8082835,10858.32327,25.84478034,13015.52185,25.60373245,0.04385271
7472.593341,77.34100954,6178.016871,73.53066516,7606.220603,66.58867533,9810.662402,45.2195093,12626.09506,29.31324048,0.040856182
11552.73768,129.1847264,10498.61153,58.4500204,11005.36552,35.73256732,12553.8764,30.08238888,14412.02525,28.28911133,0.002371437
7621.561097,74.45710308,7459.9976,58.82108937,8819.54587,55.27510441,9755.267685,42.16560804,10801.37162,36.65117711,0.003801818
7414.150886,78.87214145,5914.479255,28.34444733,7971.641201,22.5712873,10273.39694,17.94045908,12445.64945,19.0633796,0.018468015
8797.378932,106.0418373,10303.4806,35.52394578,12203.70298,17.96030672,14014.42145,29.55599392,15833.37262,29.547063,0.04410342
7412.739703,79.01865925,5403.433057,42.28332222,6670.796307,49.34089652,8921.42639,57.47568326,11121.66188,58.11903938,0.013309528
7413.468415,78.94592211,5325.544492,49.60324985,5836.389315,57.76400239,6572.427317,51.10466895,7456.096393,43.27955622,0.104499933
7487.713033,76.66061753,6424.802251,48.72445918,7755.839228,36.57837055,9504.757915,17.82820704,11645.33216,4.924204059,0.004335978
8604.355165,112.3635805,8415.058859,63.90800512,11371.38304,48.82947779,14312.27629,43.53491876,16573.37653,34.55614544,0.08816672
8707.899326,108.2746156,9674.789627,19.60451323,13092.41925,22.2590786,15838.13995,27.23592144,17701.25794,23.68140897,0.131154848
12157.56709,195.0089298,10295.33108,35.49635185,12621.1877,48.68043617,14988.07441,48.32597276,16665.32194,42.85109704,0.124650763
12113.83676,198.5882373,9793.371054,50.03294207,11683.76264,59.37994067,13930.55782,58.53247586,15661.68842,52.05483221,0.187901289
7492.406054,76.13168409,7094.238196,27.70376148,8583.199487,22.37309684,9620.178472,16.35498438,11131.83057,14.69391313,0.075457038
7470.426029,77.4446743,6117.43468,37.77571628,7716.319706,20.8691135,9437.052477,7.288259303,11528.57089,6.380104222,0.03176546
8147.830699,90.85960187,7186.709223,46.2823859,8727.611694,35.85356907,11086.23403,34.66733318,13792.91913,31.47291847,0.017189365
8996.912139,116.3160044,11678.56552,41.51495846,14974.58403,10.6139358,17129.95719,12.91115933,18507.32318,17.60641434,0.134795622
8656.93303,105.4230623,7696.444483,21.94060993,7499.246257,29.37644494,8311.331501,23.2364388,10162.97347,14.73488807,0.101507258
8595.224382,111.725386,9227.692042,35.7286333,12346.85071,28.51671421,14911.63234,36.36742114,17117.17619,31.0911467,0.139503382
8149.723113,91.26399779,7568.981922,88.76855911,9618.204708,87.71010079,11567.45196,75.68109294,13136.73827,66.12072056,0.034916971
8145.073899,91.14413949,6699.212447,56.94796687,7784.983368,41.70288856,10127.65359,31.79368834,12994.152,26.62180148,0.026342491
9359.074526,139.6284152,11046.75218,67.97748557,14180.18286,36.3163805,16719.74161,23.50917385,18456.22287,14.81008969,0.158745756
10166.79179,92.17216591,12855.50227,16.23226833,14732.18535,20.96254701,16515.75772,22.44962263,17857.52762,25.47010593,0.205733357
8580.683137,112.2865711,6582.603954,57.65899158,6309.766328,30.37048415,7820.629962,11.04034455,10211.65411,11.60579711,0.01489072
9772.703738,69.96649896,9890.260201,22.01440644,11546.08853,37.42118816,13986.082,39.09530343,16449.19561,32.08876717,0.11204195
8977.597047,70.31372182,10381.88433,69.88351388,12030.33435,60.81463629,13538.03815,55.39407773,14777.70604,52.36201575,0.146398326
8922.552226,98.38761598,10568.50298,83.27282663,13025.5397,40.40811138,15044.47901,31.2603315,16480.92389,33.61276563,0.019569312
8587.681578,112.427778,7766.431878,60.08149062,9580.864771,44.00750643,12478.8604,37.01570512,15362.80624,30.53956073,0.053600792
12829.31301,249.936126,10172.61656,105.732237,9353.002095,72.46726469,9389.934269,54.88263033,9868.381563,43.22609976,0.251557979
8606.650284,112.1115077,8644.07527,50.22483409,10154.97151,35.27158798,11301.04731,43.09491023,12228.9881,47.60974898,0.018603828
15064.90702,154.0692271,11976.44784,66.12792933,10785.71407,57.23843094,10423.06928,48.06899489,10534.36512,40.50581015,0.189816928
11888.45234,175.7923581,12685.39776,30.38172614,12144.64733,24.2544127,11820.97473,30.70400026,11774.1395,31.13018515,0.063286655
8145.687316,91.21533564,6868.848856,72.34005147,8416.221848,63.74881615,10902.69475,39.24866863,13278.33654,15.90438124,0.070836391
7394.791987,79.8303465,5171.830538,9.040709195,7391.485196,14.29107549,10301.53723,14.08552241,13003.02346,19.23913405,0.009238155
7531.796183,76.33215586,6884.381121,53.41518141,9030.598764,35.91723214,11011.73317,36.68047538,12551.72272,42.06423242,0.056390905
8777.266073,104.3757454,9039.021748,40.68597727,9496.347529,33.82830242,10154.12621,41.43678185,10877.71512,46.28994392,0.00887646
7681.068348,72.46100406,8423.999209,53.9092915,10998.83438,33.79381418,12569.20177,17.59262803,13509.74153,8.907097288,0.054158277
7602.130709,75.97844655,6850.187136,73.78756074,9060.911715,53.91652499,11517.56287,33.41959812,13558.69729,14.99068565,0.142673635
7469.628263,77.53367099,5610.504225,56.85258712,5867.149058,55.56875694,6478.416757,51.52198585,7206.549653,48.87558572,0.099174845
8317.550869,87.05214752,9899.549728,80.9919387,11796.35123,34.37974677,12431.7033,20.48071039,12538.1401,23.81084088,0.094436258
8994.204014,64.59732516,10522.66815,68.63751881,11586.64954,46.44987577,12546.55444,21.71302772,13678.00319,7.504911713,0.115815942
7392.853332,79.97321671,4857.884329,12.64751328,6034.099288,21.36082788,8402.555081,32.5180784,10875.29292,40.79641542,0.056397673
7565.968201,73.64995887,7786.101886,56.41841795,9203.435068,60.20779933,9683.401322,51.17312676,9819.443555,43.94563117,0.065461249
12406.08945,184.1687983,11320.88538,27.32911151,11631.16027,9.028787082,12548.21356,10.54579135,13549.40891,14.59764955,0.193869117
12362.07536,187.5136197,11179.63239,36.6950428,11552.32429,11.49572943,12545.8902,5.801946772,13649.40679,11.79756734,0.023331896
15797.19741,264.3640318,13425.50852,28.30876906,12433.53134,27.09355174,12353.68064,28.21085764,12810.94143,29.01408967,0.102975655
16835.6031,265.6902139,12769.87561,69.91014097,11793.44379,50.07360244,11717.35686,42.67696891,12102.57807,38.82778495,0.143843573
15062.21927,321.4998838,11643.76009,107.1879448,10787.34684,67.50725403,10963.57513,49.8980882,11560.67738,42.19127279,0.059330146
7391.48839,80.09991961,4399.506198,20.25309171,4737.411992,40.28771841,5753.777808,44.70655644,6968.885363,46.14798115,0.008935177
7467.671663,77.65613664,5222.53758,43.00973962,5206.152512,48.60026112,5931.587321,51.28428034,6695.24202,47.88659103,0.05407792
7588.002272,75.83819187,6870.733389,85.37207814,8291.819073,73.0118714,9820.061819,58.59919229,11126.80271,49.27396076,0.048135645
10359.30373,174.224522,8019.558672,32.01969747,9636.946672,42.78899547,11241.61953,46.30157073,12134.60028,42.17488344,0.00108113
10359.98377,174.1470058,7856.645983,51.79250054,8749.900473,62.5186484,10117.1582,58.68258365,11001.0375,50.90079161,0.006933682
