dx,dy,fx,fy,d200,g200,d400,g400,d600,g600,d800,g800,d1000,g1000,Dipole,Elongation,Aspect_Ratio,Centroid_x,Centroid_y,Diff_of_means,CDX2_1 Marker,CDX2_2 Marker,Minor Axis,Skeleton
2075.0,275.0,1075.0,246.0,12349.57435514958,212.29996788135858,11840.109193730832,139.13839818818934,13978.322296901279,102.81600261520025,15580.2541359422,83.00630865099451,17044.816969983,79.55882942167821,0.0707027888354356,84.0,0.5637583892617449,1075,246,0.1809119553655648,0.3821393423642469,0.3887031340376494,58.76292947093324,89.21320343559643
3075.0,275.0,1598.0,262.0,9493.324355382883,153.41255087194435,11878.765841558714,166.20412292058862,13434.896395946045,118.49332138385434,14949.361251693575,98.48499561082501,16994.89683151237,93.56255307785037,0.1207320679065642,90.0,0.8421052631578947,1598,262,0.1148617048081726,0.4695319708122961,0.3780692714260015,110.39453321138292,103.08326112068524
7875.0,275.0,4101.0,154.0,8341.587780837282,91.52601074377738,8622.620874006872,101.90509237699689,8696.278645230515,75.31418079359236,9286.572321623611,70.63267623014785,10301.439592357292,70.56507291094015,0.0832223351854433,47.0,1.1538461538461535,4101,154,0.202864497754409,0.3892954107311903,0.4389550813329151,64.28900145739016,56.35533905932738
275.0,475.0,126.0,426.0,7475.281086805641,77.16659054071785,6521.385589628842,88.25154835945449,7534.101402152933,79.38700774161151,8424.988463497055,69.448848506743,9584.68191764472,67.17533241960531,0.1029583464906955,73.0,0.78125,126,426,0.1279715588945532,0.3306209244790559,0.3350538465100733,55.84614949868925,89.39696961966999
1075.0,475.0,610.0,415.0,15047.85110566327,319.93530971675466,12065.855118565183,90.3430099520473,12412.004913027296,58.870419951584275,13419.319136223476,63.10760957703395,14675.65123055032,68.78048883864706,0.0934106465687311,57.0,1.2448979591836735,610,415,0.137571221760323,0.3397275030697902,0.3478744836359594,95.31193341090962,63.87005768508881
2075.0,475.0,1040.0,389.0,13145.54652307264,157.45595120545983,14248.348694235441,96.91878556267805,15932.19421859484,68.87673150333224,17334.424906589666,63.99031553145708,18863.05534051977,70.88045329401236,0.1471455732861845,77.0,1.1711711711711712,1040,389,0.1688965221124946,0.4143289632664257,0.3976529101532912,78.87315554661636,90.91168824543144
2675.0,475.0,1375.0,371.0,12257.046794416028,123.80339798669861,16316.272749753676,74.81354140732574,17330.088921689105,66.23450834783557,18123.77070817918,71.60027837651204,19655.004207428774,79.11943278666772,0.177961045533751,119.0,1.236641221374046,1375,371,0.047693991999187,0.4880919293517083,0.3462836454661584,83.03282521547742,145.75230867899737
6275.0,475.0,3236.0,317.0,8580.752191089345,112.29208761580693,6932.347877382794,70.44734914174592,9053.977387123148,97.61736266880408,12932.415794633285,109.24169169653965,16292.83100964002,105.09652826743087,0.2981989477702912,106.0,1.0748299319727892,3236,317,-0.0655570430801967,0.5127102065995791,0.2742205419182808,79.44851976447023,126.53910524340094
7475.0,475.0,3851.0,257.0,8355.785272517374,93.0351837087623,8921.202856927495,93.58464602719263,10611.105508965487,71.33550252312399,12195.85994919644,74.84165067686342,13684.93440836423,78.05725354330932,0.0580476448707705,41.0,0.9375,3851,257,0.1422322775263952,0.318785437590672,0.3427495334937759,62.454083697613086,44.14213562373095
875.0,675.0,408.0,590.0,15195.357725323058,306.6752894319585,13113.713939519008,37.32021627948069,12646.910010131278,39.85486292445295,13397.969506982246,55.87409453530524,14666.525552428478,65.6274505142297,0.6447059525656356,142.0,1.018181818181818,408,590,0.0799756171898811,0.3820020036323258,0.3024518786945833,68.32058437582035,173.30865786510142
1075.0,675.0,605.0,535.0,16781.40228390641,262.7959833540129,13015.90614841543,42.35204233810022,13322.155166265378,27.799619756522734,14451.833249102638,50.884604449103776,15881.982981870111,63.897765537464494,0.2736379160840443,88.0,1.5060240963855422,605,535,0.148282993628331,0.4009177611160921,0.4235688624665953,55.179344694269,101.49747468305831
2475.0,675.0,1317.0,530.0,11730.823432846757,147.0409168139961,16496.685702489285,39.66797241661489,18196.643550028442,21.279269568190365,19526.19097030482,46.05864232226912,21328.99247288762,65.6386422775895,0.3174426383412186,85.0,1.0,1317,530,0.0997580927361892,0.4352806100517881,0.3940083667157463,73.44266784337839,106.78174593052024
3075.0,675.0,1582.0,439.0,14892.495368125725,113.17673772205355,16299.509455977983,56.75719128056084,17080.728179524405,61.04445690376294,18923.59399208879,70.46536404345771,21309.93390278163,80.15713760076763,0.5371959646330098,135.0,0.7987804878048781,1582,439,0.0992502834958379,0.4768420751966641,0.3844573363647464,73.69128661222305,151.39696961967
3075.0,875.0,1593.0,603.0,13671.603145677971,219.1800904066717,15216.563947496214,85.57923009384034,17608.992812682114,34.28770420502921,20375.973670537354,54.62950739382254,23192.99854321629,71.45307000257222,0.0161216379256319,86.0,1.0948275862068966,1593,603,0.091625760541274,0.443739751089417,0.3619958721896591,88.46697313143892,90.38477631085024
3475.0,875.0,1782.0,598.0,9474.645493304039,158.61017862096517,11614.780289690036,116.44190182356574,15099.24400577478,74.8551081428705,19062.985071227995,76.15794299873,22672.827418736975,83.08801938718692,0.3248333606821892,124.0,1.5495495495495497,1782,598,0.0598199854683492,0.4118816333815596,0.3490911995401591,74.87324915163772,136.25483399593904
4475.0,875.0,2308.0,500.0,7727.456918850117,74.97420689349168,9128.1181685557,133.874727887055,13351.030444106407,114.78398555610643,17577.892424320253,102.13497075586761,21608.44007661913,100.12102692775453,0.1513611512327211,132.0,0.8135593220338984,2308,500,-0.0795747810389784,0.4567340391177578,0.2365550488268925,91.92772248228344,143.84062043356596
5075.0,875.0,2643.0,536.0,10231.997335233274,210.27795577816346,14073.41812447334,200.7874746286676,16648.230373919527,144.03488070124445,19090.389989299823,115.92063037356391,22008.578846197495,105.46737159736396,0.0575987144321062,53.0,1.1694915254237288,2643,536,-0.1043143796300838,0.5221776089555115,0.250063619254632,107.43014732588044,55.38477631085024
6275.0,875.0,3244.0,473.0,8621.502945722355,108.3759794104291,9529.932388212077,43.31854327721288,14210.71269007389,105.9545168003573,18352.628849248864,104.25781850091364,21368.43330418574,96.51900651807284,0.1313193944781701,125.0,0.9735099337748344,3244,473,0.0108031916232475,0.5367538657043055,0.3495160776991859,92.10751874063334,134.1126983722081
7875.0,875.0,4107.0,468.0,12392.928793147288,183.46511019447854,11454.832461844808,35.19694044131389,12237.545344878547,52.54430180896376,13223.585526155244,68.19313120578968,14315.891775428174,73.95127205352884,0.0311645807692782,35.0,0.8478260869565217,4107,468,0.1843641178555789,0.4146929347569106,0.4102797908877912,79.82194668379961,38.97056274847714
8075.0,875.0,4208.0,490.0,12173.41306120809,201.5791940121958,10168.044343408757,88.07143080683491,10726.810424160572,72.91884057003645,11681.493848509504,73.34042820876158,12768.157134517953,74.28493489429775,0.161103543934249,88.0,0.8014705882352942,4208,490,0.0801786288285806,0.374220135069752,0.2963281012066757,98.3483907661849,110.61017305526642
1875.0,1075.0,950.0,717.0,12174.164586647817,201.50169843853504,10955.519753844696,103.6473385014032,14441.358178241264,62.65244137078484,18466.292461537327,33.36544137809743,21830.90054394885,48.639231144471,0.5289897446442023,139.0,1.3358778625954195,950,717,-0.1336496108559533,0.527939711787562,0.2481726317911822,89.19629631721706,157.0538238691624
2075.0,1075.0,1117.0,709.0,12392.928793147294,183.65218720178234,11879.06503432807,108.67996096998918,15263.695115147071,66.3408170480503,19305.297989377414,33.62696467527276,22684.1547794413,48.40876307162819,0.331945948750102,138.0,1.1830985915492958,1117,709,-0.198723616682768,0.5438167452494014,0.2060203079268221,113.27613119218756,146.1126983722081
675.0,1275.0,393.0,807.0,7491.765721191507,76.47656234282543,7577.172739818038,57.32338095084304,10811.322090340303,40.02587700508905,13420.832154795933,49.23164952535624,15590.663161192635,62.69697756432291,0.033984473450359,52.0,0.8303571428571429,393,807,0.2106727859359478,0.3715579884589416,0.4332060832657544,80.34276281959264,57.62741699796952
4875.0,1275.0,2520.0,738.0,15231.250407522964,301.5286424140059,19243.187235754347,126.57918080351332,20752.825429149114,81.57785137738865,23206.107213546227,74.82208685196261,26497.332392150867,80.47288208818884,0.4854922417525669,89.0,1.6105263157894736,2520,738,-0.3134654530313895,0.6187091080291884,0.1789942452436022,65.27794638592499,94.21320343559644
5075.0,1275.0,2655.0,742.0,19953.514624585063,114.00918295496088,21444.31452864489,81.49833584260026,22019.96670208993,71.85831167274145,23830.91445390325,74.02160504317911,26690.543758915388,80.21791279144439,0.1748028681363924,57.0,1.0260869565217392,2655,742,-0.4227906520031421,0.7177422235375759,0.1009853339632042,98.2081858065872,68.42640687119285
5275.0,1275.0,2775.0,696.0,18027.61896739104,227.28469321238572,21675.229566339418,100.77795234770166,22623.643379434216,69.90387326468598,24263.74055850477,73.12421811700428,26823.192223816022,79.5367565135599,0.8801238063727203,122.0,0.8193548387096774,2775,696,-0.0828302541162362,0.5763330824071203,0.2885434206747775,61.674684750167614,148.3380951166243
6875.0,1275.0,3560.0,629.0,12872.138098630616,223.9031064486348,13031.644972085682,83.94020333317704,16856.199050868858,56.80622451782868,20472.741381852487,60.18550545704061,23086.91729705748,68.21620509541687,0.8060118093213634,141.0,0.5969387755102041,3560,629,-0.0658595046666523,0.4531521442235878,0.2386995699778595,70.16978092801014,157.39696961967
3475.0,1475.0,1811.0,832.0,7773.3715149835325,67.66679690039781,12050.300741811045,76.79518201017292,18268.16261443756,55.10334029457516,23444.6442910265,50.31150283461677,27950.098308527267,58.73005432102349,0.2064766423109791,104.0,0.5714285714285714,1811,832,0.1682171688605512,0.4397598260076034,0.4672275392155743,65.23058501297041,114.18376618407356
5475.0,1475.0,2884.0,836.0,16873.428224924835,98.25626120467001,22030.361708724657,56.22944489025078,23754.1832800124,23.269405118950612,25903.125677206725,44.727468050992755,28604.714169703824,61.73755358056687,0.0326024812954002,41.0,1.0714285714285714,2884,836,0.0492330014287771,0.5498955213425929,0.3947040196507508,77.88041928168198,46.21320343559643
5875.0,1475.0,3125.0,834.0,12613.84869698294,284.0537876481489,17946.941748919515,125.51070013200562,22404.666438557386,56.785867125995665,25432.31318071406,50.10983393210037,28152.905475852134,60.3981754863739,0.6833952736832137,116.0,1.5689655172413792,3125,834,-0.2353372434017595,0.5719706720108281,0.183386748882295,77.0123167024384,133.22539674441617
6875.0,1475.0,3547.0,814.0,13553.229136360018,180.36275092367444,14492.644117636088,32.618838223579274,17867.266052622614,40.31757546459531,21520.185813863347,49.84134850234541,24285.01444940283,61.28302835003833,0.4044573076010086,98.0,1.4545454545454546,3547,814,0.0685746738718893,0.6433291844959101,0.4991832173294522,60.84341272950416,108.59797974644668
7275.0,1475.0,3797.0,738.0,9489.548045579175,153.04450157233575,12440.408706332908,63.88825656703368,16300.34362128777,38.52563522363626,19431.452748027314,52.39966587439256,21699.474004049105,65.96625916034073,0.4595636572754508,162.0,0.6793478260869565,3797,738,0.0784750502357067,0.4943621222389801,0.3943083022932818,75.12508061833384,185.02438661763952
4475.0,1675.0,2443.0,950.0,8481.724898970497,68.43266127891616,12041.955682887314,65.89952420463975,18479.53586541789,35.590678972317384,24416.456370488264,36.982408763124006,29443.788084185493,53.38359887488941,0.3971834177751829,87.0,1.597938144329897,2443,950,0.0803706279809221,0.482173622415473,0.3812086833917096,80.18084712400665,89.31370849898477
5075.0,1675.0,2679.0,965.0,11165.354084835373,235.16639866381,18320.434493891975,183.70090765707667,22250.719452568832,64.37516792592434,26043.041299117354,29.045284822614317,29891.06143883825,48.49938867966137,0.0769952472069625,60.0,1.0561797752808988,2679,965,0.3006604976620999,0.7078104478321793,0.7355400932654386,76.2008920596742,62.72792206135786
5675.0,1675.0,2979.0,866.0,18422.155950911936,112.29655685094318,20340.489369020117,74.83610557462633,23457.059845677206,25.923116324775975,26605.788812389903,21.43872289800449,29752.67068875955,44.77889952868103,0.1314994236378092,27.0,0.8333333333333334,2979,866,0.0599376245343498,0.6634506128006115,0.4973535387644916,92.00563509747258,27.65685424949238
7875.0,1675.0,4128.0,937.0,7598.301876196943,73.41198551665202,8685.27180515766,54.29650040767422,12327.481633743859,72.86225704343528,14908.38129682988,78.09661551983444,16921.29436944098,80.44008777274368,0.3529964476813345,136.0,0.5825688073394495,4128,937,0.059307722221868,0.5054714155122116,0.334339078488358,91.36485440065503,144.94112549695427
4075.0,1875.0,2160.0,1122.0,9014.314438404834,63.89330696597412,12476.659899250022,69.30914753579741,18627.947769015227,36.30280578232352,25080.14598308349,35.43840162634686,30577.33104566589,44.43735085460229,0.7191739744460433,121.0,0.4941860465116279,2160,1122,0.0499309582988125,0.4742547839662044,0.3722776632637002,67.3101471027645,129.94112549695427
5675.0,1875.0,2953.0,1046.0,13826.479130609814,297.0227429231386,17915.542331359433,128.80117111715364,22577.808277444103,50.46802723988529,26822.680282911464,8.66491589414768,30647.258130861726,31.145477831030156,0.1003324295539532,80.0,0.952,2953,1046,0.0898777327022762,0.5444683180556422,0.4309802850405296,58.34599615761672,100.95331880577405
6275.0,1875.0,3255.0,1006.0,12563.92092277708,164.8629764440935,15401.949500467985,56.98943897707627,20626.94326415983,45.3815694276402,25178.73435303193,33.19578206965467,28930.7269925071,40.946820315718405,0.2061652724342252,72.0,1.405940594059406,3255,1006,0.023510883047768,0.5950033283039401,0.3895846181012879,93.1129200823217,81.35533905932738
6475.0,1875.0,3367.0,971.0,12408.340825792715,179.7832160426062,14499.964349738872,55.25940498525548,19694.165885434944,43.49403658245105,24298.075531250666,37.4124594789326,28008.15826525433,45.566325724704896,0.2235902219224292,72.0,0.7938931297709924,3367,971,0.1018996634841682,0.5298531318504721,0.4316729437787885,67.99390517080441,84.25483399593904
275.0,2075.0,182.0,1261.0,8405.714735322606,101.5338616748891,9910.350145333381,123.77162201177669,10956.044625596565,77.13436913935804,12238.963411039596,68.41084736605575,14155.549727502192,74.00718740582764,0.1530446821717512,90.0,0.6713286713286714,182,1261,0.0848288997127513,0.3776294914119751,0.3321523013013009,81.72685575960587,96.45584412271572
875.0,2075.0,494.0,1289.0,7786.686838493436,74.20180896524337,9551.910812139631,96.10862016073877,12673.763903307598,40.60293588385188,15748.322898684271,35.340175494661565,19041.680508402093,60.743570397549206,0.0448159474617715,38.0,1.0232558139534884,494,1289,0.1994614154674745,0.4024221296117553,0.4866364066477169,87.73083188746082,41.14213562373095
2875.0,2075.0,1533.0,1158.0,17057.065570946546,280.0849615549491,16954.983698199754,146.0619057604092,20482.00191278142,78.63226046586453,25290.917674012988,52.442681577742185,30336.71836552479,47.11260968405565,0.6572232990776962,103.0,0.6293706293706294,1533,1158,-0.0360219724591778,0.4647866208184179,0.2742413665571077,57.86439984096499,116.49747468305831
3075.0,2075.0,1676.0,1173.0,17146.721993024497,206.5365619272572,19011.26413832381,88.0400617226322,21665.91780060544,55.90505543672462,26102.487490705564,43.47554086654699,30940.51294449125,43.24107688706146,0.5674572589945734,112.0,1.0342465753424657,1676,1173,-0.107959216803431,0.5301842441603476,0.2738160054788153,65.69134817700103,135.02438661763952
3475.0,2075.0,1850.0,1168.0,18341.171895766216,193.138300077783,19098.19679938683,57.182834489373946,21980.046620261888,36.728956477054076,26660.385526897964,35.17018070563581,31563.936795109414,38.591026992887706,0.2051041827742949,41.0,0.782608695652174,1850,1168,-0.1591977842525078,0.5402663634327458,0.2378208821281744,104.25257896065732,42.07106781186548
3675.0,2075.0,1974.0,1207.0,16000.776351460097,274.7746673104749,17305.36366235466,92.13662313574676,21239.29383153674,46.351169130781614,26499.06113556333,35.54656337432959,31638.03480157972,37.4915113813464,0.3865696824046796,85.0,1.0737704918032789,1974,1207,-0.09416369170419,0.4848668533853718,0.2574305802472603,73.36344981743365,105.95331880577405
7075.0,2075.0,3687.0,1086.0,7635.844111321289,72.31497623677053,10692.414496433126,62.70861828577212,16520.488032654666,41.339242418692116,20914.58521813139,51.64492476609575,24458.21516554006,62.76914520968857,0.2910391115756154,111.0,1.2213740458015268,3687,1086,0.0055493043349705,0.4860528982769002,0.3142132459394567,94.45293633768622,130.29646455628165
1675.0,2275.0,879.0,1379.0,10362.602457483214,173.94315531326484,8496.712687234125,48.0867146553863,12385.772491696242,42.07082284034058,18776.14571558308,48.37699408458327,24846.84278753594,60.23688287371182,0.339814296088996,82.0,1.0,879,1379,0.1738589880396603,0.4534048956033196,0.4655382814440333,78.16858563639732,96.74011537017762
2875.0,2275.0,1549.0,1306.0,16189.820971623982,253.89634384977495,18389.46807333258,69.60891979935916,21584.53684010024,60.99245674637817,26147.771052646505,50.99960343844247,31264.787042192194,45.92425518876493,0.1080470284849652,55.0,1.0136054421768708,1549,1306,-0.3384987119063435,0.632227787070391,0.1296863088673353,123.27426355018996,67.66904755831214
3475.0,2275.0,1900.0,1346.0,16017.38575238058,322.86167315455333,17967.49620937621,112.21971106284855,22490.386558013575,25.5590128727774,27452.794245378005,28.41880519768016,32437.616375517897,32.08569398996818,0.6777042547420808,104.0,1.0423728813559323,1900,1346,0.1149305504734862,0.4958886288312771,0.4466648634124815,53.04325679606584,118.32590180780451
7875.0,2275.0,4127.0,1198.0,10484.350172243554,164.36109775487515,9763.372269466536,19.97323510143808,11537.02358528665,68.99548283853123,14031.751820415973,81.11970415409336,16856.286425524217,85.44668552318525,0.0300757613756228,66.0,0.7094594594594594,4127,1198,0.0806813887214896,0.4681789818487879,0.3468671564066274,98.42785565476578,73.2842712474619
475.0,2475.0,309.0,1444.0,14272.049748785315,160.52073011848327,14105.82636210009,28.927416691011704,13504.195776195516,44.4916041602482,14511.624228195582,61.87358773110446,16697.80913543006,76.60159302590147,0.3859699718351844,95.0,0.5686274509803921,309,1444,-0.0020718263831354,0.519812196028215,0.3327726474271279,74.78169233010509,103.94112549695429
1875.0,2475.0,1045.0,1471.0,10438.241367877092,166.55861265398204,9670.821170518748,37.73269650450204,14168.2148245566,60.3499150835576,20743.28603618226,62.379593775993555,27049.4368391847,65.00600128334614,0.2145170337819249,103.0,1.1612903225806452,1045,1471,0.1624083428385204,0.4801451302440582,0.477580889362418,78.73667788119846,121.0538238691624
6075.0,2475.0,3244.0,1330.0,8772.65711464942,101.07005019540952,11770.757121263752,41.04599495489693,18412.913327813705,37.51597053220758,25051.53809022951,29.656805934091377,30516.333222363955,30.0293284397369,0.1059363412149582,79.0,1.2432432432432432,3244,1330,0.1701690893263853,0.5317370679716491,0.5006742473419064,73.70654542756107,96.63961030678928
8075.0,2475.0,4209.0,1289.0,10362.602457483215,174.55404340088722,8178.9437418021125,76.7043969603431,9175.17736485878,79.42038320549551,11544.742173553268,83.1167989735453,14520.40862102259,86.80289195905922,0.1712081334446206,99.0,1.1338582677165354,4209,1289,0.1184435801591024,0.4918194336862037,0.3907640509717511,99.51436998132051,104.62741699796952
275.0,2675.0,179.0,1569.0,11670.8571729994,242.70771580098037,11484.803025024914,126.09938528825202,11657.618958226896,82.66806206365519,12863.95231774146,77.73270942040055,14995.959219457218,83.76736358389883,0.2729033582990889,83.0,1.1666666666666667,179,1569,0.0665966220151426,0.5052470606699166,0.3944033226545106,87.66609513576769,98.98275605729692
675.0,2675.0,415.0,1551.0,11663.537655223274,237.7446331334379,12724.1631165452,76.02189540620007,14243.422224091679,23.79784907904613,16217.979223233133,56.333156014074405,18990.376062738615,77.69210139870111,0.0945302211445889,91.0,0.7671232876712328,415,1551,0.0865196306238826,0.5003655400990171,0.3842117117447232,93.04077568658896,97.8700576850888
2475.0,2675.0,1310.0,1519.0,13141.836289425482,224.6891891097018,15655.051246766305,93.2343046438141,20080.116358362877,70.89738684692055,25649.09057352736,62.83668473097167,31534.317097000145,56.53034134365487,0.3075471315408895,77.0,1.343137254901961,1310,1519,0.0614698014037075,0.5676973479811669,0.4303491842208531,70.7312142240292,89.66904755831214
2675.0,2675.0,1455.0,1496.0,14195.882481749915,154.7606475106047,17196.69405289286,29.729966443966127,21525.6881670826,50.05936921347865,26771.551160788113,52.58238558307529,32379.334110410182,48.82811654388515,0.5178300322857263,88.0,0.9712230215827338,1455,1496,-0.0701965661886645,0.6074539387635531,0.3229001077279155,83.81879853944731,105.63961030678928
4475.0,2675.0,2399.0,1450.0,11120.998102594436,230.08045810854298,12640.860991328467,121.80677089992766,19465.698835641306,55.244332642877616,26527.58349249404,15.059111025162602,32680.36893426538,7.805987433375996,0.1722850015184331,92.0,0.8993288590604027,2399,1450,-0.0381785225126144,0.5747798292676854,0.3357040084994401,98.31619615816462,112.53910524340094
5475.0,2675.0,2894.0,1484.0,8323.869273507476,83.99301254690656,11633.778742795326,76.65201069763653,19009.48006861665,22.59481808391411,26051.001074733962,6.34198901713461,32004.959022414117,10.03741749371555,0.0130401418765426,49.0,0.6991150442477876,2894,1484,0.1990718234033742,0.4959463374406038,0.4989538912952351,65.57164538645434,55.87005768508881
4275.0,2875.0,2282.0,1560.0,15295.076461158445,150.14244273754596,16263.253459173411,98.52042045932387,21248.05158610661,43.49058103532259,27014.734337396872,16.38752795489246,32900.26942913213,11.912607400185998,0.0326037893290654,49.0,0.935251798561151,2282,1560,-0.4474752342059085,0.657618372124248,0.0665809051498789,123.9775429771408,55.87005768508881
6075.0,2875.0,3206.0,1467.0,8782.664378564954,101.06014151737611,11366.810287610773,52.86415327996193,18067.88886554421,37.657134991239595,24754.906804923652,28.61681713998839,30618.68246857576,29.278051685664618,0.15940251746747,57.0,0.7857142857142857,3206,1467,0.1837876459839014,0.4855367622489847,0.4932093447574924,90.11719821861269,63.87005768508881
7075.0,2875.0,3683.0,1487.0,13268.688585408801,205.9761628961453,11441.35392471387,30.960551821253677,14381.398512789932,32.719047673230875,19414.447612712836,56.32526575631004,24420.845299100103,68.96960799241887,0.3849645423347494,103.0,1.5833333333333333,3683,1487,0.09440537433447,0.4832173787728032,0.3803145368834335,62.699983517235,117.74011537017762
7275.0,2875.0,3880.0,1525.0,12833.962228803852,223.75187946908594,11148.901972459891,45.52908532657467,13487.278695991654,45.55502665386051,17941.619092194556,62.55614094383104,22617.24564387302,75.31703818677818,0.484173677377606,110.0,1.3458646616541354,3880,1525,0.0506926874692529,0.4967617303607602,0.3572698370672842,72.12880662591849,132.19595949289334
2675.0,3075.0,1425.0,1761.0,13178.82839168913,93.88538745191995,16886.955431784965,19.35646110337361,22053.751919484857,27.36113020409359,28417.667711720016,40.48004790546509,34309.49827406357,42.96079564129109,0.4910550608151327,86.0,0.8300653594771242,1425,1761,-0.0403727910917453,0.5223265034554648,0.3102961023082562,65.18466188432761,107.36753236814714
4275.0,3075.0,2282.0,1700.0,14063.286594278552,185.88217947110778,17942.320009906456,61.22724595773426,21849.015681263787,21.594631585453627,26838.596014384344,20.951357944061424,32717.070842139005,17.360783389093097,0.0339584700374562,51.0,0.8814814814814815,2282,1700,-0.3464045782532968,0.5818215835952704,0.0979160915498562,109.19444284726562,52.07106781186548
5275.0,3075.0,2741.0,1614.0,12042.386120238325,154.19371828333843,16356.268602064949,103.63165286678057,20914.094700751204,35.49905669114243,26210.488067252445,2.3224900846126646,32024.895955515385,7.07276311433152,0.4427629804910715,92.0,0.9929577464788732,2741,1614,0.0486661331199146,0.5792329240589245,0.397894957538705,58.06532038669516,122.89444430272832
1075.0,3275.0,585.0,1846.0,11213.216298348334,231.39391709617104,12790.360966674858,106.5387374930193,16487.47313855433,58.22326893874916,20714.07761647796,75.12520051480378,24946.39724557957,91.53739611947006,0.3413980828924656,120.0,1.155844155844156,585,1846,-0.0539946022809715,0.4576894280746786,0.2695597158225587,74.39866370406784,151.7228714274745
2875.0,3275.0,1593.0,1860.0,11969.015360092973,201.75566440581733,15753.885436426766,71.06891440819672,22501.24152843944,10.879343941233094,29406.800422052067,23.469555798908686,35422.78104104119,30.639539824427054,0.7374521371461623,105.0,0.92,1593,1860,-0.1899216504620125,0.5492273591627181,0.215171381799246,82.8871647346305,128.8528137423857
3675.0,3275.0,1938.0,1808.0,19830.647200772215,416.96691414090344,18241.58185982993,102.002337604339,22054.851916322517,26.307006083715784,27784.736683131323,31.987613612911105,33927.685273935596,24.08632122806822,0.6207402377702749,85.0,1.2796610169491525,1938,1808,-0.3087471786197216,0.4805063284479964,0.1062150576804019,77.26512476927672,104.71067811865476
3875.0,3275.0,2075.0,1780.0,20678.753713902683,341.4849947347342,19711.482595245514,35.70592398800227,22083.360131328966,30.085855216776356,27207.42683256167,35.195706379579164,33338.10638538887,25.095052900044045,0.0382553300775243,24.0,0.8983050847457628,2075,1780,-0.3548906906868593,0.6040689467273849,0.101529576427444,106.58012339302432,27.970562748477143
5075.0,3275.0,2663.0,1781.0,13271.710118439301,133.61001863821815,17867.067043774667,61.52048915692193,21337.97360845513,11.608624427718778,25985.226159102185,15.713550974842642,31811.92064812941,12.474574531423647,0.0060264888163213,65.0,1.4090909090909092,2663,1781,-0.2281007208602804,0.6204038986966739,0.2159548766600479,86.68855012688829,72.698484809835
7075.0,3275.0,3676.0,1694.0,9353.699033288569,159.84142718421108,10284.364818665556,60.80976928731468,14168.29342382701,49.20845913899373,19655.50279009561,63.66993026286269,24901.334304625787,72.39826769327858,0.2032682186286865,138.0,1.132867132867133,3676,1694,0.0611805103575195,0.4913811701261056,0.3640893599983972,83.75287199549085,159.78174593052023
1275.0,3475.0,742.0,1968.0,15546.642588841501,166.81848071269746,15855.282332381603,107.33015293974191,18774.72428124337,70.65621900180328,23381.30827479007,82.16044391430742,28007.75183241577,93.6164154804724,0.1356486185109778,56.0,1.0300751879699248,742,1968,-0.3144867999264961,0.6364568408957625,0.1566189842115972,123.3516112429918,60.79898987322333
2475.0,3475.0,1335.0,1939.0,12070.74064925954,185.62640619870305,16261.586700743404,61.18200500427542,23179.86044546884,57.6975889850115,30077.360068429458,52.01995537566692,35980.083280409366,48.45354418410721,0.4558995133262406,65.0,1.5051546391752575,1335,1939,-0.1355271807334515,0.602659926803256,0.2830829224008088,90.60792350465589,67.31370849898477
3675.0,3475.0,1974.0,1936.0,19870.82722882355,407.00717634191847,17884.07054234028,101.95489914576781,21081.033015475354,51.8770794741971,27140.37017639013,43.55035947912551,33794.65618752888,31.84033918873669,0.3944269466532524,80.0,0.7846153846153846,1974,1936,-0.1263767209011265,0.7850358133046688,0.4299893869182811,62.37862119749829,98.46803743153548
3875.0,3475.0,2096.0,1949.0,20017.755600236433,406.6448127798907,18676.17481930685,97.71384085108919,20908.365001011145,64.1384351012152,26384.84195145334,47.029921527167026,33039.86393873858,31.749224494187928,0.3705855829046749,79.0,0.7577639751552795,2096,1949,-0.3566646305304506,0.6275830294063113,0.1349642055352355,89.17525718140024,93.74011537017762
4675.0,3475.0,2497.0,1894.0,9145.212014901326,112.37110473450284,14515.532982023944,99.61889449408527,20012.84309324002,63.89150197631702,25050.44664516482,40.334301129642036,31369.223251941243,21.71946227805845,0.0781951756726845,57.0,0.9583333333333334,2497,1894,-0.1842731647576954,0.5744419019536898,0.2431465054930859,117.70699903488176,65.94112549695429
5475.0,3475.0,2919.0,1850.0,14485.93825391977,175.92151648768703,17999.11268627587,56.30056101931687,21303.078677779245,17.48327231529852,26008.004112852264,10.806527679561004,31742.39095429795,4.657381380665147,0.0824841785382674,29.0,1.15748031496063,2919,1850,-0.3860749771411155,0.5615155112794477,0.0685753063564773,105.5962429865084,35.04163056034262
6075.0,3475.0,3161.0,1835.0,8558.352630096197,68.56147139535652,13511.667826991197,57.54403998049601,19869.541733784823,39.93458561095693,25647.39217129828,27.21432397815394,31224.1893847331,24.282362006563368,0.3037393970037001,91.0,1.4137931034482758,3161,1835,0.0696709887886359,0.5283980376870093,0.4193333592067572,68.17745410687098,107.8111831820431
1275.0,3675.0,739.0,2099.0,15530.443289178456,116.98971990158226,17758.939196522068,49.92351719728121,20071.04799567951,73.01050523564844,24414.626603974913,89.48281560783381,29024.51579676109,98.6781760125147,0.0880089929207113,29.0,0.8292682926829268,739,2099,-0.2167483424618045,0.6348189496949525,0.2246948051999382,117.15374802144744,30.48528137423857
2675.0,3675.0,1507.0,2028.0,11456.775974570952,191.22488784709776,16674.374544952,66.63652926213723,24367.836898973794,60.43606663676533,31235.923092310022,44.45757689495333,37203.300126099384,38.91885437495693,0.1216757430008764,44.0,1.3495145631067962,1507,2028,-0.0624840679901705,0.6888144864564453,0.3785734962912946,101.48435254074788,48.79898987322333
5075.0,3675.0,2755.0,1948.0,11354.12180861923,177.07710706281972,15553.151456205738,144.91783617829833,19345.34547287851,79.04991976304393,24690.987351632564,40.46174212063149,31106.61317834003,18.20483750721522,0.2403186231295218,63.0,0.9117647058823528,2755,1948,-0.1498731396785527,0.7787865031585286,0.3718299989063428,105.47620656729514,68.62741699796953
5475.0,3675.0,2915.0,1989.0,13802.26550323391,211.70175468762383,16605.525969613518,95.5077669877276,20557.32322586961,43.88244190505773,25756.59116760461,22.03055385551419,31675.796625568677,9.959276140077653,0.5614696931099523,89.0,0.7414965986394558,2915,1989,-0.2831980544155646,0.6487437170750567,0.1884002986046112,79.89498082439765,94.62741699796952
6475.0,3675.0,3477.0,1897.0,9454.305860064167,97.2632754150488,13231.863106228999,79.49784620986497,19135.49855177936,58.499448936167525,24955.28109583666,50.73038803760344,30245.71870507199,46.46746916713553,0.2364109364098635,97.0,0.7738095238095238,3477,1897,0.0159818157924996,0.5126046478906265,0.340416706042333,88.74079786511426,115.46803743153546
875.0,3875.0,530.0,2213.0,9175.07870813752,140.2509784049578,12735.490274306923,160.96599042608227,16270.477000172008,115.63355091159302,20402.73660641532,110.84997330920667,24812.77072556077,114.89537117363285,0.2721550002049256,95.0,0.7928994082840237,530,2213,-0.0161429009726223,0.5337471975558292,0.3168164766114378,92.3496683119311,110.5685424949238
1675.0,3875.0,1007.0,2208.0,10403.087988966103,67.55009085814604,17428.269318984258,53.74474218693448,23717.369629540197,69.61381442993297,29199.064086208607,81.21143616193821,34206.50535974301,85.083057717946,0.3672339835452367,61.0,1.0310077519379846,1007,2208,0.0412229445203267,0.563237693370417,0.3754791683518791,72.64775247905011,82.36753236814714
2075.0,3875.0,1184.0,2132.0,9847.290755975679,76.60942899592989,18201.47743016682,131.72209474598444,25858.564967558814,83.69900123532146,31782.67071650652,66.62431661339585,37031.568208857105,63.65653171031322,0.1664947951469668,58.0,0.8106060606060606,1184,2132,0.1554053716583216,0.522147331591761,0.4585886169658508,79.09659477382209,66.5269119345812
1275.0,4075.0,766.0,2322.0,10972.477450513155,109.68337790144528,16816.442647039585,80.8009000707071,21325.008409427275,78.81316686987722,26177.551427361363,98.81485391557364,30965.94902260672,106.10686839618778,0.5042859446565653,85.0,0.5961538461538461,766,2322,-0.0097858473498005,0.5298050802812708,0.3434805509229195,80.88912091486603,87.72792206135786
3675.0,4075.0,2037.0,2219.0,7595.685618504348,75.52013122525219,8858.46271722763,99.03418619666033,16221.748590291778,87.23500327226526,25034.871472567684,72.28765789846794,33462.057742821875,55.08188500582555,0.142946563219435,37.0,1.1308411214953271,2037,2219,0.1514465393679958,0.706078678356513,0.5939698200140422,74.38691809417071,40.97056274847714
5875.0,4075.0,3155.0,2165.0,7845.804563718348,67.17258033634758,12783.572208808166,74.19151888749735,20688.282827484185,42.40183193824847,27042.49757601795,30.918222242471764,32531.124712376244,17.60999943761399,0.2111599468787169,87.0,1.353448275862069,3155,2165,-0.0109700366943563,0.6261921805614811,0.3976828962990095,102.7200138357079,97.18376618407356
6475.0,4075.0,3392.0,2196.0,12885.724620573654,161.5612866092105,16584.544239624924,63.79205789173352,21651.16901991333,58.51786053786607,26894.404742808554,50.09756409800404,31585.86053731125,44.04051783014365,0.3516890537465092,84.0,0.8169934640522876,3392,2196,0.1668989712476918,0.4990175173626972,0.434804238626906,72.33877863408472,106.19595949289334
8075.0,4075.0,4280.0,2131.0,9337.025446247477,161.81892613870107,9473.076933194385,121.72717556094328,10790.836669952181,95.61119893042874,13363.323086004952,94.09029108268489,16392.574801543436,98.39172407756779,0.1057220310982683,140.0,0.6931216931216931,4280,2131,0.0242361784262707,0.5472878597858649,0.3577230220418532,103.84765669581346,162.61017305526644
2275.0,4275.0,1274.0,2321.0,20789.997976668226,385.51027718932147,25391.935485105187,112.54637847566819,29666.41803406429,51.617945939249026,34902.148876990315,45.179678317831,40051.03078404382,45.59236530221417,0.5618423080122036,86.0,1.135135135135135,1274,2321,-0.2383380156186185,0.5674446100982977,0.1880132279959628,76.50462705964742,104.0538238691624
2675.0,4275.0,1493.0,2324.0,18083.587068543806,438.0561860631994,24297.35274301314,191.64179816690591,29074.944580245658,84.00724331871254,34483.61816008229,55.71475268283769,40054.36206192956,41.963304543861334,0.1073734049290218,28.0,0.956896551724138,1493,2324,-0.229774838164931,0.6012364701094675,0.1912934629242872,118.97285678401444,33.21320343559643
6675.0,4275.0,3586.0,2260.0,13688.197391834845,212.98616564014446,17309.087942766186,84.93601861393716,22127.71974774868,68.58135685873634,27002.419478726526,59.34073729918605,31243.784211576276,54.582509461890815,0.0512531370892336,32.0,1.435483870967742,3586,2260,0.2595209422351618,0.4826509480927679,0.5628398945916155,38.14748042563903,34.31370849898476
7275.0,4275.0,3850.0,2211.0,8790.116634328328,107.93108885498192,12048.277922411766,76.98288908197242,17744.534210439077,72.23148727729959,22400.812836439432,81.45933258621652,26230.402338025113,86.2224779364728,0.0916970779127414,95.0,1.1147540983606556,3850,2211,0.1412161434099035,0.5026972766905226,0.437108549250317,95.25750488358344,110.5685424949238
1475.0,4475.0,892.0,2465.0,8549.160768583437,76.9712820628268,14210.013927873983,76.66486943343511,22921.46751616194,71.63068337550371,29771.697447520426,89.4522103579407,35152.977563397755,97.31242935615107,0.075422089005627,96.0,0.7,892,2465,0.0478928137943115,0.4998324033851677,0.3956079687921265,79.2986583351365,107.01219330881976
2075.0,4475.0,1132.0,2484.0,16711.604189650283,410.80343676879085,21856.632222782468,181.40553893293585,28686.68304301485,74.46611194773158,34944.42074897205,53.608548484368,40238.5812358455,54.24756459087591,0.4266672695689053,98.0,1.2962962962962965,1132,2484,0.0718839595347409,0.5675797074312937,0.4521787542826,64.77989480165368,121.4386001800126
2275.0,4475.0,1270.0,2457.0,23737.906803585473,273.4402294292956,25671.47497134054,138.82339791999323,30260.324629157036,49.81883695116788,35810.69627161975,39.514573629572844,41006.642453646025,41.30824515896443,0.2308984555761694,92.0,0.9568345323741008,1270,2457,-0.3668019159211463,0.521892558835483,0.0763867344894578,79.64808245189198,116.2670273047588
2475.0,4475.0,1397.0,2465.0,25434.852334078143,164.51135965965895,27718.666527835805,44.3996583648423,30929.78929923005,28.841586546686933,36027.58177680397,37.25077853663664,41244.701245241704,35.855525201175176,0.1602496456053673,63.0,0.8357142857142857,1397,2465,-0.4196116840467823,0.5868186650620891,0.0674390618657036,80.41290137307415,78.5685424949238
2675.0,4475.0,1519.0,2443.0,23100.10302728793,233.1602557665099,26835.684696354547,113.88658789575717,30312.10852666625,66.69506063646138,35500.98889390559,53.595016961392794,40946.41480989854,41.30106730487479,0.1697434862490772,62.0,1.247787610619469,1519,2443,-0.3735800079193981,0.5943914006557051,0.0848279006316102,102.35504491221786,69.698484809835
6475.0,4475.0,3467.0,2366.0,13227.099136988789,142.72522648950675,19299.026263747473,52.59037501040212,24196.33925168364,51.35102883140044,28817.102851238542,43.35277905490734,32825.8182939066,37.66590218727945,0.0152282372703785,55.0,0.6666666666666666,3467,2366,0.2555186032009977,0.645956358555416,0.6637090885360968,68.40337726288107,60.62741699796952
7875.0,4475.0,4159.0,2305.0,13104.151119008859,203.50014727246824,13885.65492401965,27.528411315262787,15022.874490776507,68.9031957019195,17109.238908978128,90.70190032767992,19750.37231890935,100.22097877170692,0.2823143534740053,87.0,1.1101694915254237,4159,2305,0.0531339189740168,0.5161735834749624,0.3588412377276812,90.0749694467155,107.12489168102786
8075.0,4475.0,4297.0,2301.0,13350.175862060176,204.2350556930862,12638.912040246132,87.76399972414083,13224.677071026643,86.97476540652302,14852.09999495635,94.48701122435638,17254.437965973786,100.55262440910903,0.1316273399614971,94.0,1.126984126984127,4297,2301,0.0723514785319083,0.4785867205705826,0.3462182933545389,95.28477789094602,102.94112549695429
675.0,4675.0,420.0,2596.0,8908.684114354362,97.97874440663459,10818.438090510577,93.06167293642226,15243.105957573904,110.68296978119653,19974.19187736214,124.40727042247516,24647.284704189395,130.8998724999949,0.226773369091357,87.0,1.509433962264151,420,2596,0.1119231323169351,0.5148615080153844,0.4326322716352186,88.33785907582086,98.42640687119284
2875.0,4675.0,1616.0,2554.0,17629.023877198782,244.70600211544678,24860.65532731981,144.26523363897186,29476.563678426843,101.9397308389453,35224.6216866884,74.93758767600066,40933.05653187334,52.91492448322641,0.1494809185131931,60.0,0.8758169934640523,1616,2554,-0.3189295348066822,0.6405574576511583,0.1515231341393099,109.46978584337256,74.32590180780451
5075.0,4675.0,2805.0,2542.0,7415.706100232823,78.76512884708421,7138.783328942435,56.30977651312584,14203.905398165743,81.26237416344063,22558.307557936925,63.928389100673755,30466.519470508072,31.962083568307428,0.3953109056772763,112.0,1.018987341772152,2805,2542,0.1422197729194346,0.5301181255752556,0.4556900281590008,88.03967084120043,139.99494936611666
7275.0,4675.0,3871.0,2383.0,8778.170715604385,106.0008707927995,12706.388646853049,48.40387977717523,18948.78554570962,50.93708209539915,23622.667412779134,76.49784555515589,27065.395634345674,85.79561312119496,0.0338640140271912,26.0,0.79,3871,2383,0.2290792136592967,0.4553679436279851,0.5180441045809704,85.40012082509081,27.899494936611667
1075.0,4875.0,653.0,2736.0,8515.504289385668,76.30542786368547,13236.35533460386,37.13431146454006,20209.87423725414,66.42133969231615,26239.37679524049,101.7291976009941,31480.38191696074,117.25785294350389,0.1706988876586331,164.0,1.2123287671232876,653,2736,-0.086366635871717,0.5952195326515894,0.3338772189271012,80.80835561170959,180.39696961967
2675.0,4875.0,1508.0,2701.0,16503.245287311507,279.99856640820263,25260.44889845296,98.20681365463936,31607.27558533656,25.100322075215427,37255.93090609619,40.21935539108534,42477.41665599413,34.23482946812049,0.8363281571676562,124.0,0.5977653631284916,1508,2701,-0.2756799445604436,0.6772509858754541,0.2208274616801755,74.71929159108834,138.3259018078045
3275.0,4875.0,1810.0,2677.0,12014.417211395634,267.4063119140423,16647.705227918454,219.1797159669879,24441.9218366349,160.5342047036386,31995.206498418658,112.99957117519793,38694.18697909182,76.59002349201147,0.2988860203705672,96.0,0.7041420118343196,1810,2677,-0.0412009786613607,0.5869931877043123,0.3505703045389143,87.26942810080885,109.49747468305831
5875.0,4875.0,3174.0,2558.0,10947.060005857555,192.83233088349385,18982.16289912445,198.54926830198102,25133.204773264555,100.2480774040609,29728.03173915563,49.84775050376664,33927.266745829176,19.277035309015133,0.039267572312216,16.0,1.074766355140187,3174,2558,0.1518776927315334,0.5190186286623758,0.4780775360185239,88.90489651963131,19.970562748477143
6275.0,4875.0,3358.0,2556.0,14934.098315415922,197.87106106500585,22177.487327062998,71.5911510873002,26660.184771432225,40.44699201150121,30581.06212531636,20.955872936910286,34034.07835114287,15.882026795851067,0.1567898161631911,46.0,1.0526315789473684,3358,2556,-0.0464409762638631,0.5758426960438967,0.3133501192898239,108.9229508497196,51.21320343559643
6675.0,4875.0,3558.0,2556.0,12699.66177609416,240.75125419956387,18219.870401730008,140.84323862896773,23981.523330477332,79.2745046838642,28883.552809902023,54.62732320903459,32383.632775966173,50.24547503141715,0.036229017535604,17.0,0.9914529914529916,3558,2556,0.0681634912734938,0.5585239020394358,0.4088322862659179,100.32188126811872,20.970562748477143
475.0,5075.0,366.0,2819.0,9487.519957307157,78.22563070240939,11835.055851615853,112.19343262947265,14945.527936288532,126.86447331205176,18648.97496237448,129.93765886892652,22900.232869142237,134.55873704176258,0.0746177486350586,124.0,1.2615384615384615,366,2819,0.0408574628723139,0.5300710418238853,0.3751780297322096,85.32721885916989,152.40916292848976
2875.0,5075.0,1612.0,2768.0,17310.4110176162,241.83888203240326,24154.20064218098,40.63659172438728,31364.544896619605,68.54357965796602,37069.2412562848,60.1447009716959,42239.481853959536,46.23568536230467,0.0586902779019508,41.0,1.018867924528302,1612,2768,-0.0694183575421345,0.7291632891069121,0.3892326716357703,87.75811184889558,46.62741699796952
3075.0,5075.0,1722.0,2767.0,16750.024800693092,236.64214282968118,22019.75350304831,140.78287711875592,29258.177231284513,122.59884203903417,35420.4823374942,89.08736996246834,40971.66955368713,62.98105835648866,0.5418921587889451,87.0,0.9203539823008848,1722,2767,-0.0024953682260305,0.7432113688736786,0.4915029889415567,68.49628427655321,99.66904755831214
6475.0,5075.0,3476.0,2685.0,16595.14069798164,179.5522169839806,20435.5555570877,149.43880793883122,25788.12144909897,77.77843757219495,30117.567174947202,41.23374105431946,33335.7475412057,36.71511031968707,0.3513622097200584,70.0,0.6837606837606838,3476,2685,0.2239574703120685,0.7269516870347688,0.6792775307826218,59.117147082792776,80.18376618407356
7875.0,5075.0,4171.0,2600.0,10597.294643381249,157.66136750214568,12079.497964527978,35.57422338488418,14633.225009552256,68.89016351639971,17100.788323259956,92.39261688243091,19630.98470865135,102.68220721960132,0.1414722167636941,93.0,1.1129032258064515,4171,2600,0.0903565851119208,0.5348181838748088,0.4099508645666024,104.41193455705678,124.30865786510142
4275.0,5275.0,2334.0,2813.0,12321.511938012787,241.46222881307958,13236.257974298029,106.54356209529932,16336.01058261811,69.34588132333356,23234.58302555909,58.430034360381896,31455.325279653538,43.31621695089607,0.1076412054889889,54.0,1.0952380952380951,2334,2813,0.0327988984930772,0.5779023642575989,0.3690810707306252,83.43882391467594,69.15432893255071
4675.0,5275.0,2565.0,2778.0,11587.970233276206,237.92854994049577,12124.182574713914,77.86316422619697,15794.99117333303,43.747824828543074,22511.585248417992,33.775951165300704,30424.223270799816,13.23210404788397,0.155573288526206,89.0,0.6305732484076433,2565,2778,0.1357243623352125,0.4682175500130761,0.4093442774136778,77.75072533681232,99.18376618407356
5675.0,5275.0,3042.0,2793.0,17524.89042104663,372.35681353689415,22211.63201083673,193.65545087526465,25632.29644614615,101.2442729664754,29256.35090228017,55.65767894677499,33326.01884737238,26.166529272094618,0.2967929933789713,64.0,1.4024390243902438,3042,2793,0.1669847945648657,0.4562079011428405,0.4499758933134481,54.14903557945201,74.59797974644667
5875.0,5275.0,3203.0,2737.0,20909.253480326908,215.83884354746135,25297.10367638993,95.72859620254984,27546.090330104482,56.6106246758665,30385.683672576026,33.977442949476846,33802.446969459,18.504750773416184,0.058149185202705,55.0,1.1842105263157894,3203,2737,0.2228966945317892,0.5348470071035024,0.557737966159093,47.999092654931886,68.49747468305833
6275.0,5275.0,3358.0,2800.0,14211.216867264864,192.89117250846584,22708.63947010712,153.1505877309723,27319.761584973352,60.14270227239074,30687.94404998864,26.902049944961867,33647.44918291359,28.839175932652015,0.0412370703508392,33.0,0.7446808510638298,3358,2800,0.2519502926021776,0.450226918311249,0.4816629249424164,72.56164111658858,36.14213562373095
8075.0,5275.0,4321.0,2762.0,10404.953348078563,173.60815227485602,10008.750278767886,93.97367382866132,11915.453810323075,92.17193384193112,14138.942288724855,97.96319123846393,16566.15946745854,103.06314838360892,0.370503831620722,82.0,0.7452229299363057,4321,2762,0.1182979296155825,0.4767946345592888,0.3990976077110235,80.28788246096313,97.9827560572969
475.0,5475.0,372.0,3064.0,11600.417824243756,132.81277937597835,13602.633418504318,129.88750653883764,16907.010020295857,132.5289922626388,20327.418419924026,130.72984694377737,24370.617572538726,134.48510282252875,0.3974692489927877,91.0,0.7152777777777778,372,3064,0.0385836618510535,0.485865650015405,0.3618001219837318,72.00815820941249,102.01219330881976
1275.0,5475.0,799.0,2981.0,14204.368197854508,240.3973195809212,18188.38869327966,49.688393734137705,23729.73260321849,27.132617527300543,30069.031102902645,70.90762641028553,35856.796248236846,94.49864936384753,0.1512279611515531,75.0,0.7628205128205128,799,2981,-0.2362839243073921,0.6072516233100996,0.2007889691922111,103.0924546452555,86.01219330881976
1475.0,5475.0,926.0,2995.0,17171.29672871182,129.0193198400028,17912.09939406148,40.45483604198182,24021.784637193316,17.99446647285815,31690.195607259095,62.78078607138161,38026.42457334707,81.398165076825,0.1068953361767934,53.0,1.009009009009009,926,2995,-0.3509637174541948,0.6906960154325655,0.1496568136275923,93.91608692788506,66.08326112068524
1675.0,5475.0,1041.0,2985.0,15228.616621777368,164.85034078802877,17353.141402612917,38.235957297547024,24480.16528633218,27.614289170238077,33204.24051362616,59.856522867210394,39879.35698625342,67.95061398581231,0.1577617350419141,91.0,0.9112903225806452,1041,2985,-0.1770486912468336,0.5843732306142192,0.2233727148905059,95.67793839573548,99.5269119345812
2075.0,5475.0,1216.0,2967.0,13492.536990871156,206.51364218275614,17237.752160372635,57.383219401602084,27172.33064995789,80.67619574457004,36132.50171480063,55.7939337341659,42560.5024314789,38.70424145636103,0.6029477522801592,126.0,0.6666666666666666,1216,2967,-0.2145395057431256,0.5007662497042277,0.1616753822116329,75.99080956785548,133.2842712474619
4475.0,5475.0,2476.0,2910.0,14102.748787643086,201.20033149274715,14163.25452325051,61.08516385249546,16819.666804273595,34.87431457955067,23307.292112486688,33.344191898270694,31039.867460762518,25.69024129917363,0.2026642448316946,96.0,1.3888888888888888,2476,2910,0.0221471838874207,0.5014476326816061,0.3253136762100498,84.35243453158391,106.18376618407356
5875.0,5475.0,3182.0,2855.0,22660.983294727677,137.86175382727438,26011.5440234812,45.56592815045326,27572.83632081978,47.18260485718915,30079.3593851966,35.45394996650211,33332.33603882046,26.43029803135662,0.225893163769224,65.0,0.7718120805369127,3182,2855,-0.2618442646850555,0.5821980991525403,0.1489819676670886,106.88932945356528,76.42640687119285
675.0,5675.0,516.0,3113.0,12117.884487847317,79.13945879126437,17013.160457190577,101.18992354439683,20474.248305796587,105.60483547559947,24091.30825636988,116.13032797010622,28245.40578627676,125.91605523058243,0.2769530766434202,61.0,1.176,516,3113,-0.1924966875054069,0.5145747430638261,0.1875316519996862,112.6941589824702,69.5269119345812
2075.0,5675.0,1211.0,3111.0,13131.262419104502,214.50100027419353,17328.818527647993,79.46169809890671,26870.41841185185,82.45796862840223,35874.81493903193,53.842629007513054,42408.260370569646,36.81480334156079,0.3904915141507585,87.0,0.8095238095238095,1211,3111,0.0120177208958897,0.473257522636759,0.3759062527301753,54.67538512285113,100.49747468305831
2675.0,5675.0,1509.0,3062.0,22165.062247663158,527.1635731971442,27963.58996733007,157.2984158324665,33319.70547974586,50.18054707375754,38402.71087000112,17.466671676015032,43185.3880835696,23.61020658963191,0.0784846402771315,45.0,1.2647058823529411,1509,3062,-0.2666755793226382,0.5665144905183686,0.1493502862489002,89.47399941850479,51.45584412271571
2875.0,5675.0,1639.0,3052.0,23841.113878712084,467.0069537113557,29690.443534480466,109.83487993555802,33846.64345148781,18.256741011301116,38097.213401234134,30.32837910377315,42549.06392124454,37.82288754074634,0.078841086252467,33.0,0.8494623655913979,1639,3052,-0.1722067842552237,0.4929900504946734,0.1841868512110726,85.25661032146161,37.38477631085024
3275.0,5675.0,1864.0,3013.0,14728.62289969986,289.1582184871796,23685.99154123671,216.5959570833447,30477.920283595817,116.81767067807309,35281.75743495813,81.36479604278367,40047.528644472935,63.80927413419737,0.2555073233281685,74.0,0.9541984732824428,1864,3013,-0.0327711073601069,0.4686585597656884,0.3030041462594172,67.43506494597231,95.36753236814714
4075.0,5675.0,2272.0,2982.0,11969.015360092977,84.70340814278958,14963.862541586306,17.21476065080865,19630.12179446953,71.2103912166942,26259.76261767998,74.08665371766845,33296.174526932184,56.33963069226285,0.2871404852847452,86.0,0.825,2272,2982,0.090080135425922,0.5290816025434072,0.4164377807218793,108.867773016785,94.5269119345812
5475.0,5675.0,2950.0,3008.0,11056.228973135781,256.2820517269859,17403.463178319533,231.13787765307367,22700.656777742068,112.99898235773396,27338.480745109642,57.40721910554954,31939.304302988094,30.744573545431937,0.417237395328837,107.0,0.9328859060402684,2950,3008,0.0537952348138403,0.4745477056255364,0.3233392383441345,86.75335719803088,119.25483399593904
5875.0,5675.0,3204.0,3001.0,20921.542613781476,159.187466397995,24917.752633059063,83.86535399565821,26647.193226751333,66.10048706767797,29271.18478164171,46.911558429642625,32555.32444503389,37.44842955935324,0.2576015038843285,65.0,1.146551724137931,3204,3001,-0.0588308311007014,0.4964245436106087,0.2796975948102366,79.19731709152165,72.69848480983501
7475.0,5675.0,3981.0,2918.0,10436.680007072879,171.57777687249808,10750.315728262147,25.41716056066731,14367.272014390073,56.075274997760104,18647.87889652253,95.88405732980566,21996.44951681259,104.62621590968716,0.0613644765601503,41.0,1.2839506172839503,3981,2918,0.1892227095983297,0.3783478500828955,0.3997334003849555,71.43018283002596,43.31370849898476
1075.0,5875.0,705.0,3172.0,13309.411794852567,168.79102078719666,19157.50884782619,39.81056890404281,23993.430941859468,23.703764595834933,29292.721481877124,72.58355907498118,34262.65881916727,96.2059889822984,0.2233907557532492,74.0,0.8424242424242424,705,3172,-0.2902528959543604,0.5538311659030916,0.1669181666459327,108.7018522726078,78.79898987322333
2675.0,5875.0,1502.0,3174.0,27716.51998338463,418.1344845960253,28960.10505126741,157.3969802142919,32897.369301224855,66.80650808734946,37765.21310953562,35.829433036384295,42589.309801363124,35.20894224429228,0.1687148324276901,85.0,1.5980392156862746,1502,3174,-0.4211297564515397,0.652387466043552,0.0899298163090249,81.68611635350317,91.0416305603426
2875.0,5875.0,1650.0,3163.0,29601.361270306184,257.90356995843644,31157.94677230546,42.84630296603224,33634.22659041972,31.340506090280734,37546.03920908671,40.652582819703085,41980.29006629158,44.680017841161735,0.0081820568893275,36.0,1.2252252252252251,1650,3163,-0.4370368277024958,0.6239574679684732,0.0484690366747012,68.87932661732643,37.48528137423857
3275.0,5875.0,1874.0,3151.0,16436.28643837399,233.9433660107207,25181.104463986663,205.6819362575472,30677.069852041903,108.62220661969998,35041.496740329676,77.4784440249206,39641.00677271339,63.77462989582128,0.4122464748725832,99.0,1.8111111111111111,1874,3151,-0.1504920964509044,0.4975801652064966,0.2308690608752858,60.80331743332951,104.21320343559644
3875.0,5875.0,2107.0,3083.0,10805.389759331281,158.0947486523256,14867.515090680212,53.139991554425045,21856.76106023904,98.46417429571736,28478.295618813863,85.13943277924379,34741.88853966961,64.31631885355668,0.1048654753458996,69.0,1.1864406779661016,2107,3083,0.1519753522654714,0.4386550241558821,0.4338056453256004,65.14311561727858,89.12489168102786
5875.0,5875.0,3182.0,3121.0,18031.558409473044,182.5475238053408,22563.792633024594,121.32284292207369,24888.34304663647,89.72506550651242,27995.826185403952,60.67306799564737,31477.3652207689,49.05488689006521,0.2238750285801064,41.0,0.7128712871287128,3182,3121,0.189898728722258,0.429650435063493,0.4478548921942293,61.088728462094096,47.04163056034262
7675.0,5875.0,4085.0,3001.0,10403.330398881963,173.98060940642318,9856.922896532395,75.86352373514626,12077.865650945516,77.11692951807451,15308.62299524027,98.42275456985409,18390.203809781717,106.41193868712723,0.0117622060994094,23.0,0.935483870967742,4085,3001,0.2025002869694977,0.3830789828448385,0.4162768284404516,69.6664159879229,29.041630560342615
875.0,6075.0,586.0,3313.0,14951.2192447943,145.87848497720503,18717.3547758507,47.573095749054765,23186.378522611067,60.313077029565264,27892.180095718617,89.65304600685052,32100.35362864115,105.24182811644094,0.4207156023280946,63.0,1.5978260869565215,586,3313,-0.0936672645689795,0.5975777624559293,0.3192866638807455,79.7971576751922,67.79898987322333
2675.0,6075.0,1534.0,3297.0,22176.228040948274,531.9573295707149,27129.3401782707,206.32757269905764,31611.65946779282,89.92910015934861,36649.42132780516,54.38006663213153,41626.397320872056,49.03541293358154,0.6992467688058805,101.0,0.6217948717948718,1534,3297,-0.2705796504240926,0.5577647252623881,0.1521333898263126,60.95315226513096,111.18376618407356
2875.0,6075.0,1658.0,3285.0,24199.2615142457,415.7689829637125,29670.70182539029,124.00143612427682,32412.27718478438,70.84539894416326,36445.96200515881,58.73687594927278,41023.59606150515,55.73960681424006,0.1852290099233167,72.0,1.0909090909090908,1658,3285,-0.3288110045382333,0.602338735118231,0.1372307057313163,88.01917179802098,78.45584412271572
6075.0,6075.0,3339.0,3197.0,17091.61808008527,177.00954049466512,19476.14488880795,121.13251280278661,22595.08632236237,105.10520537205385,26222.969968564837,79.29181778167481,29725.16645464647,68.33455496499248,0.8084712686968869,121.0,1.7647058823529411,3339,3197,-0.0213135720734276,0.5855571595637252,0.338374357559208,64.68998815267874,139.46803743153546
6875.0,6075.0,3721.0,3147.0,10389.64470324077,173.2134962468157,11030.177480650373,18.772399005773206,16734.436513656117,73.25120520935681,21586.018552777823,97.51457022713309,25079.032254700476,99.02450227922925,0.082991251401859,50.0,0.8977272727272727,3721,3147,0.1632694381214807,0.3576179860613263,0.394872156325728,66.56856184272736,51.89949493661167
475.0,6275.0,422.0,3407.0,8390.612485685397,103.15570336202461,12607.568891582956,155.4080804011599,18589.080048858075,138.32342016082828,23105.80056973088,131.07850273273888,26633.75876271432,127.33561981014044,0.0327983099160055,110.0,0.9858156028368794,422,3407,0.0771640936067913,0.4813803870339637,0.3852203972148086,91.04395858770366,120.59797974644668
1075.0,6275.0,717.0,3447.0,12886.979135552529,179.98711077560554,17548.825731601642,60.838822279336554,24438.371618460824,24.63292389852151,30219.02002677011,60.99201799388983,34618.947057835874,83.02854386089871,0.1057928811002201,137.0,1.1838235294117647,717,3447,-0.2092057014044221,0.560665624228261,0.2029074682051999,84.41357019094737,170.3797256769669
3275.0,6275.0,1887.0,3379.0,12966.070884551578,188.27332700441926,22304.004733261216,195.87395905527924,27994.640819384647,125.60614211569047,32803.06802085657,88.60511571531822,37643.481674554605,74.51358454246287,0.4942760596599262,106.0,1.1095890410958904,1887,3379,-0.0696232868057719,0.5439921727072495,0.2911858487405759,77.69415844311182,121.5685424949238
4275.0,6275.0,2376.0,3279.0,7667.174375019344,74.88339365459694,9738.790080296312,48.129982173716165,17244.540235309014,44.16272186833831,24680.76005083447,46.26334176320906,31204.500201202813,47.8018028378123,0.0838979926531309,81.0,0.7142857142857143,2376,3279,0.1850613507132644,0.5022387286764418,0.4946819263322598,92.9445506468181,89.94112549695429
6075.0,6275.0,3350.0,3296.0,17595.84066176505,148.4949544096448,16585.500498717498,137.39256573382255,19892.23231711981,112.83281119847359,24179.73537554495,86.9334351813381,28009.346343355148,77.19866823282092,0.5525122401933679,101.0,1.690721649484536,3350,3296,0.0198641757919257,0.5930716485135783,0.3589498173866767,88.91115090028468,112.84062043356596
7075.0,6275.0,3840.0,3275.0,10478.446440649795,165.00228536362724,11033.451688515364,21.9092525021663,14389.78980565939,63.883232561340854,18135.84159557207,97.22079409851551,21455.446055815897,104.9264758312102,0.0684010261961062,39.0,0.9693877551020408,3840,3275,0.2703099397459794,0.4727953850767236,0.5524694310754533,103.99682894542146,44.627416997969526
3075.0,6475.0,1763.0,3503.0,13180.676985219076,118.75421136651815,21541.10423951027,163.39206454078024,26866.58197674658,128.87007677036544,32046.0268201469,95.49536390824997,37121.74991438195,82.79814281479076,0.3719796655618209,81.0,0.8549618320610687,1763,3503,0.1063804447953678,0.507203297067963,0.4015105757357083,70.7979182752505,92.01219330881976
6075.0,6475.0,3319.0,3437.0,13343.998000362577,288.47150135085883,12924.854694174692,157.62389155128875,17104.091078344783,110.80747107476874,22032.037950738166,89.6702574763517,26135.424007200443,83.71612541264368,0.4379033322807594,107.0,0.6516129032258065,3319,3437,0.1172370694756775,0.492993974893864,0.3900372553425834,80.06699444830824,123.8111831820431
1075.0,6675.0,748.0,3582.0,9973.330261366458,53.07392211857531,18543.889349260357,66.6653384606992,25983.654894676398,40.65694593215501,30829.875111959245,47.26893540883771,34093.71956468293,72.85246678728105,0.1344643480471683,65.0,0.8859649122807017,748,3582,0.1381647823696727,0.4823918478718162,0.4564755051035128,70.51264513621621,70.62741699796952
2075.0,6675.0,1222.0,3578.0,10229.71716227802,194.22522764606077,15183.539136943495,99.14168231668661,23534.364944679644,20.970919215069966,31655.411870562406,53.50348254337917,37669.80407054384,66.57440286761808,0.2021823489265992,96.0,0.7560975609756098,1222,3578,0.043689877429773,0.4790715702673601,0.3502380879022357,85.46716085124368,111.15432893255073
2675.0,6675.0,1560.0,3608.0,8587.262042215354,89.16736987986532,15620.56101574713,145.4631564750131,24037.610175144502,115.52998322833928,30889.399846126773,95.03945562321246,36639.634012727496,88.67968293768017,0.0714214106695309,35.0,0.8029197080291971,1560,3608,0.1177325865968705,0.4672225827384816,0.3905787994631111,123.244848645016,36.07106781186548
5075.0,6675.0,2831.0,3474.0,11135.505492687354,232.35878814762103,11838.788906115715,118.81490586552557,16415.960748970596,22.065933347479643,22008.80673262852,29.506400571289184,27060.95989207626,52.683970601563914,0.3316036746624001,105.0,0.8497109826589595,2831,3474,0.0836534269610438,0.5025019368978684,0.3586134208021286,87.0735286025446,128.4386001800126
1675.0,6875.0,1057.0,3703.0,15110.77600603277,246.21571773419564,19596.736264805517,96.98372608688226,25232.682625173475,45.56359139232355,31342.975443790972,38.52074801156734,35925.59782876335,62.12354384140737,0.0681419129033297,48.0,0.9508196721311476,1057,3703,-0.0789605355695258,0.4956002040744962,0.2672356970185335,99.91016471848062,61.08326112068524
3275.0,6875.0,1857.0,3693.0,13026.034059598542,169.80960607019276,13942.365034107612,119.29089251446413,19905.658071729613,109.78213702369055,26429.56907072898,101.16140682285236,32019.791444589977,97.83294462519075,0.1053019814673755,24.0,0.9680851063829788,1857,3693,0.1293845495898293,0.4385519419387533,0.4215211822391068,79.10556761547869,68.698484809835
3475.0,6875.0,1968.0,3667.0,12346.155728038184,211.61218934559457,12536.590763085238,107.74625582272058,18970.116169551427,91.20832340379908,25596.05963227406,91.55746718744992,31139.57408982215,92.67995373108091,0.0670644634778833,52.0,0.917910447761194,1968,3667,0.0886662462255857,0.4735253469415832,0.3672397564113988,109.81194751449252,56.97056274847714
4875.0,6875.0,2675.0,3610.0,15991.713990683093,142.8463906536496,15445.310918944431,75.51749568150322,17368.779705836427,25.815955698551143,21670.184056666556,29.09331860804271,26228.958556740625,57.26990812913403,0.2573144462384497,78.0,1.0076923076923077,2675,3610,-0.0291551029776934,0.5165747659854572,0.2985353191082626,82.84476685072174,94.39696961967
7275.0,6875.0,3943.0,3541.0,10436.164604392527,169.23368610870492,8772.09874313451,56.74415733194594,9332.752563552434,73.42684478859333,11298.92011112868,87.74405766941528,14026.452058127192,97.3273724732127,0.0447022732437287,24.0,0.8035714285714286,3943,3541,0.1677646470882206,0.3959280247132204,0.3741907626420225,94.41537198210818,27.970562748477143
275.0,7075.0,293.0,3868.0,13057.057218770557,312.8566375311352,16520.06129547443,207.51343033089034,18887.536279977514,153.2452143447595,21103.641081358648,135.95457099454723,22981.82376088947,124.47435918420264,0.1411572011229917,97.0,1.0,293,3868,0.1885552785244982,0.4182437190242374,0.4572353431722238,69.74050652802889,103.0416305603426
675.0,7075.0,517.0,3848.0,17888.629845005882,208.12927962240175,21936.915778554227,73.282996996797,24915.45276652514,83.59122516476998,26967.315858668895,97.01288276016312,28452.226525033828,103.00121466024298,0.0062072321453586,146.0,0.7078651685393258,517,3848,-0.2846678941757922,0.5464065349472272,0.1362114116151311,78.15157200112637,174.40916292848976
875.0,7075.0,641.0,3844.0,15355.61056231721,197.06842991645428,21955.426898766014,41.72615340668317,26490.609705977073,44.486947798426506,28969.36601130393,71.28985660527495,30582.27652667903,89.23554965075324,0.0267267866926246,28.0,0.8333333333333334,641,3844,-0.1485912271592117,0.5805624223854788,0.2588804569256321,112.2851179081614,28.242640687119284
1475.0,7075.0,951.0,3799.0,15049.611936934145,110.82199537053273,20982.70189769726,17.21467747038305,26445.755853363986,36.174656521667394,30772.231167368544,45.087972512907804,33988.51813430387,70.30926831400889,0.189225824749417,80.0,0.7345132743362832,951,3799,0.0457815520574427,0.5056763038560207,0.3951528270745703,70.91396197053434,93.91168824543142
1875.0,7075.0,1134.0,3857.0,17158.935745067633,158.3465406094765,19716.566234026683,74.61236049819229,23921.067356353644,65.95425856302509,29482.044957286136,70.89123644912385,34111.78591452506,83.55120778908376,0.3822360023849289,64.0,0.753968253968254,1134,3857,0.1239029579740517,0.494737863816053,0.4448250048455937,60.22968394588359,77.49747468305833
2075.0,7075.0,1291.0,3843.0,14255.887693554463,269.2408262289433,17277.107179802475,123.08296263973382,22303.42096556277,76.13306543459211,28548.994568893297,82.34728420639067,33754.99475820696,91.8532333103456,0.1629669899771276,70.0,1.3085106382978724,1291,3843,0.1739494697249969,0.4252708841583873,0.4462782538758076,64.5903970792073,85.9827560572969
4475.0,7075.0,2453.0,3685.0,14046.144099005222,209.78221568238106,14799.78980423196,92.66149909627772,17593.60808252835,17.45830499810645,21568.525535351928,37.96858502029586,25812.251692423324,66.78764183113945,0.3300155148967668,94.0,0.7974683544303798,2453,3685,0.0587098727442377,0.4190102238757016,0.3342352129591593,81.30990681030549,111.2253967444162
4875.0,7075.0,2740.0,3748.0,14791.661766730485,231.2239640863442,15981.965960949068,55.8447645645022,17649.472544220378,18.87140217690576,20947.44153113869,36.98942926521895,24795.224150892373,64.5475393710793,0.4033423316948769,103.0,1.2290076335877862,2740,3748,0.0540339669328535,0.4500121608630177,0.3187433102562789,79.40230566192322,120.2253967444162
7075.0,7075.0,3836.0,3660.0,10363.47388124009,174.58134910369432,7903.034938711225,70.2854949683955,8462.55326201118,71.66668770898701,10752.4964272917,85.00309677093284,13669.244596782912,95.03131508089331,0.1057869192815744,70.0,0.8536585365853658,3836,3660,0.0984806794321351,0.3961259684678553,0.3485861044883823,95.39975516025883,76.04163056034261
475.0,7275.0,459.0,3999.0,20098.776085752215,92.43327213892569,21391.968890371547,91.6379647397085,22200.57372648809,117.26135597375745,23570.1367873003,119.93076711498794,24818.00927445062,115.52889210029765,0.1374015415547208,80.0,0.8484848484848485,459,3999,0.0365689350594563,0.5146757517264282,0.3651124981977264,66.47554347411761,97.63961030678928
1275.0,7275.0,854.0,3947.0,11813.573807235893,167.66793476408935,20157.385049774366,63.117972823853265,26532.254965806907,44.43659779028361,29580.612416945056,62.05903490340871,31610.99196101953,82.872564685057,0.1212883197241279,84.0,0.8104575163398693,854,3947,-0.0498212834383492,0.5834186810682925,0.3254461852301363,113.52531749636516,95.42640687119284
4475.0,7275.0,2543.0,3867.0,13161.703048686668,226.32655449062483,14432.068381588628,77.26262623230642,17256.129435614443,31.704600669227094,20506.74176214733,49.059329061989175,24117.139476107797,74.04070698449397,0.1742474899097939,99.0,1.6631578947368422,2543,3867,0.1115646940822467,0.4564029645180782,0.3991495017129985,62.76511830829634,112.49747468305831
275.0,7475.0,300.0,4084.0,14137.806506031577,251.96546792672947,17172.004965813416,173.6622513067571,18001.64588881583,145.18984092745924,19397.213794685296,133.17885002905953,20802.112431999114,121.69282731717551,0.3386801242331048,92.0,1.098360655737705,300,4084,0.0783006134229967,0.4327479462488439,0.3329282474864551,72.55921734243762,110.88225099390856
675.0,7475.0,569.0,4066.0,13971.090655422397,314.9719373955541,20284.994001328705,128.35866610176618,23114.689291139384,106.3229206753939,24568.547030942143,111.03520603089187,25559.01303222654,109.97869659514394,0.0557975220778704,56.0,0.8070175438596491,569,4066,0.125641397303957,0.4739459049630554,0.4300233261628531,76.99421433745664,59.14213562373095
5475.0,7475.0,3012.0,3930.0,10419.957744819238,173.59944188734966,10737.025926148282,42.146625186340756,13730.760818364099,61.45513039599999,16477.983260347373,70.46575957863767,19309.60536970581,83.12761419574963,0.0951320449143455,37.0,1.096774193548387,3012,3930,0.2275149917512635,0.5301086629000469,0.5526165927033799,65.09975597345283,45.941125496954285
1675.0,7675.0,1048.0,4150.0,9841.484877278455,127.81173877646685,16495.932196268703,70.05598467218174,21033.355846463848,115.71621098769148,24192.567700775657,116.69713313214609,27008.821605109573,115.0947563033605,0.0310049447113774,21.0,0.984375,1048,4150,0.3476096865481411,0.4621148267105983,0.64582806573957,44.55877306212652,26.213203435596427
2275.0,7675.0,1409.0,4159.0,7627.545517957348,73.3986497810038,9452.732444824203,127.2402176110981,15035.762885519525,121.6678736084549,20334.46811072716,120.35375118781523,25060.37986303675,123.1045054561642,0.1141092730285065,97.0,0.8205128205128205,1409,4159,0.1628010014560517,0.4082251135119251,0.3977681185759575,94.32897988947734,117.95331880577405
3875.0,7675.0,2182.0,4112.0,8319.576523188267,88.6710765886532,10351.604540440183,17.570549582057,13580.447688093416,60.613400106338254,16990.330863060502,83.99678007471454,20778.874036879024,97.90730126883251,0.2961427954586679,97.0,0.7235294117647059,2182,4112,0.11293753209535,0.5131959764801372,0.4230546182912514,94.82233254139216,109.66904755831214
5675.0,7675.0,3152.0,3996.0,11132.250570888194,126.42542239456004,10463.664720415583,52.15875863552859,11589.564131852052,67.37162386597701,13859.921833077797,77.79177083912553,16454.482684701394,86.77489360376246,0.0569068736037497,144.0,1.384057971014493,3152,3996,0.0510594018345971,0.460404115777268,0.3273689620109441,81.39888701813061,167.02438661763952
275.0,7875.0,378.0,4273.0,8855.963982839176,129.83400515818124,10758.866196477842,171.03396391695676,13444.065136939324,150.47489827230942,15570.995536572487,133.36894380850654,17254.429575464826,119.48300321857619,0.0014806462115258,34.0,0.9814814814814816,378,4273,0.1688847864395401,0.3093037754501021,0.3720932159846186,45.97298662449961,37.97056274847714
3275.0,7875.0,1856.0,4174.0,12151.294927550114,206.52427394738413,9245.138769387795,74.04672250130224,10612.565172754956,73.46898223933408,14372.956165880913,95.63038219339906,18913.85577672502,110.54068464880093,0.0241894945610492,62.0,1.0196078431372548,1856,4174,0.136198214694438,0.3294894209818939,0.3382078812580512,61.80487503711863,74.25483399593904
3475.0,7875.0,2006.0,4162.0,12828.630543520125,155.216935857509,10289.006418737343,47.7932063066074,11169.78338910155,73.06632046221591,14436.564767822436,93.27933334352035,18630.77416360845,106.84332755864169,0.126996233943648,54.0,0.6811594202898551,2006,4162,0.1185277744265007,0.4382493553102368,0.3866369874227586,80.20542662710342,57.97056274847714
4475.0,7875.0,2542.0,4194.0,7669.17627696685,71.19133013291992,9051.24878146787,83.95249737892294,12644.05463652473,90.95967856947011,15345.560505792168,86.74827084970899,17920.967452527246,91.2277670570067,0.0036041789429652,58.0,0.8322147651006712,2542,4194,0.167494380767905,0.4163040670256359,0.4333049567514877,95.07217181006244,63.21320343559643
1075.0,8075.0,758.0,4321.0,8745.252447319119,122.11568051975026,11190.665039832646,121.60962243960765,15778.58480051399,147.08278858590353,18718.811426001168,136.387472454112,20616.77256808851,122.8419040149395,0.0124181250750417,33.0,0.8352941176470589,758,4321,0.2066439628482972,0.3761647137081477,0.4650302204145474,72.89454923709872,40.2842712474619
1475.0,8075.0,961.0,4312.0,14021.333616332584,153.9182920935843,13644.756707314205,101.95799068088098,15973.96586778584,137.3220921306748,18756.86583582858,134.769770483611,21180.10804748817,125.23451888280337,0.0857456294244679,20.0,0.9146341463414634,961,4312,0.204746936942716,0.4617343334221735,0.4975089068545399,65.87172809866163,24.79898987322333
1675.0,8075.0,1063.0,4318.0,13404.685683268764,215.68003656691445,12969.517308513943,121.91256072056501,15161.034113575244,136.74799567839307,18100.03323568837,133.8660734814593,20944.090349714872,126.38138359370544,0.2993552859135704,107.0,0.9193548387096774,1063,4318,0.1145349056485172,0.4332746561271751,0.3828298239119299,72.89922232123186,123.39696961967
5075.0,8075.0,2800.0,4262.0,7510.702590263657,75.28483736943157,7794.267286939084,74.84023618306229,10653.823763588893,90.77984778231867,12721.006567571836,87.15412985959858,14706.353376378987,88.05814466530666,0.0379022481025548,48.0,1.108910891089109,2800,4262,0.140934078991144,0.3480476342176891,0.3489291808829337,67.64795725086819,63.56854249492381
5875.0,8075.0,3245.0,4176.0,8168.607818715094,92.47221384820963,7495.921309256286,90.51525551608599,7997.989588855286,75.79758576701727,9520.783694824704,77.72833467975704,11667.63502221268,82.69528046751654,0.1668054138922241,80.0,0.6754966887417219,3245,4176,0.1348292897922368,0.3839999684427898,0.3533137976082481,92.88866600918914,84.79898987322333
