d200,g200,d400,g400,d600,g600,d800,g800,d1000,g1000,Dipole
12569.750538343143,299.9096195184658,15206.124552203179,190.99833541580438,18516.581353139394,177.51954645304693,23320.73290524512,190.6351507272182,28067.155154810178,192.44041703977163,0.6546043738057977
21652.258103001182,407.670313928599,25964.20445333184,305.4509232253886,30795.914911502,236.28633592733595,35669.05765431321,209.09657223510456,40262.81668742617,201.45623346146817,0.2462886210059593
21974.051582245625,358.7235569769168,29766.18088620971,301.62130000923537,33649.694392357924,237.48383817812635,37427.49574639372,207.40979287986173,41439.88343101947,200.1942720173604,0.0804161653935737
24660.57780837257,453.9838523613145,33561.981431063185,318.609252941372,37090.41389438086,236.7860754611344,39331.763175445674,204.79428455121993,42527.73788252277,199.76646293719878,0.0184375332334325
23792.642285163496,310.4065487962945,33234.85579108172,335.3427703131963,37008.456975205794,244.53429364406168,39129.7244479565,208.015262361819,42343.03296578824,201.65415381418492,0.0
21255.611039384414,230.59613626938585,31183.09213023689,349.2652444723594,35503.931588578394,257.6046602923494,38069.54385562508,214.53055209531954,41671.26172434244,204.7572217380105,0.1351063766302338
17811.58672858309,280.2368939113413,27582.641842747358,348.8573049393036,32674.01655416867,268.951182527911,36235.973941409204,221.40011081124337,40572.314453846426,208.16805218062623,0.1880034658214589
9047.198398402057,144.2763701465685,13209.813339131568,223.66613540108506,20778.1356715449,223.1391230714089,28580.768248137887,214.3986231327799,35932.6892956251,211.3544842641416,0.387975557078747
15240.125780736611,339.8168474359921,14144.18833449029,183.21870472753693,17640.928212899835,194.99998981260623,23964.25002090449,216.04650310462532,30449.951495186902,217.8725552117843,0.8907852905129832
8437.881478168145,99.07109676917085,10987.475163388257,183.2851736136966,13101.387504399565,152.91343713462953,15366.511225157104,144.59915350472866,18063.017772763098,145.10323758186007,0.0037439904006402
10523.585525576505,184.65449781844018,11676.365797209777,174.9316220300666,15116.439817432065,174.54705206897984,18950.564474112583,178.8920987147589,22879.130416500153,178.1677823748403,0.0342602934842889
18118.207057862775,295.8205553670904,18693.359153398178,122.90029221767479,23938.6227942579,163.92606846590485,29785.198452124776,190.01945274650885,34762.347806498896,193.74712801448257,0.7101321883184188
20909.142873423596,375.2678694653549,25503.504490226933,226.39611386455925,31895.03119777314,179.1373277085266,38078.75126383771,180.82542371680304,43339.10203519894,186.52303681701727,0.6672660127441346
25111.89087001029,154.8864546968788,30287.664716412713,200.85205441805442,34956.6909545217,177.13241242101955,40091.27764517527,175.75170592052646,44881.450111390084,183.13580234038088,0.0474633852364631
28944.99041536714,234.69400805809255,37191.5497267817,135.8487021584363,40326.906132902244,151.47923718693323,43218.58646653214,162.85291263919035,46908.989406533976,177.97573731147273,0.3252209535203159
30909.120456011125,139.7622804962045,39081.57751824849,126.46887736126543,41790.99512684584,141.38558003262125,43903.55793576703,160.21941501380695,47260.76844431837,178.05706412477113,0.140499882034844
17849.278461562608,170.72556893594452,28324.224835337252,296.50692296786144,33541.194732623866,237.11798995278482,38491.73945836255,200.77495747923186,44027.92382530464,196.67952969482127,0.274982981769482
13047.63624650338,215.2557186269801,14345.885849867853,186.76864297658463,20221.940720706814,204.09698531143698,28118.483126887888,209.8446212468679,36435.037499148726,214.4742035949552,0.7079793756223073
13369.606249578746,208.7647905942435,14644.040981732232,191.28814842304894,20933.991851890227,213.47905411624092,28476.988533201515,217.38223939736542,36352.08364006398,218.52778098359923,0.3002293202793944
18725.265994808957,214.80911915961505,18208.61816716879,153.40134108972012,22649.018939382266,204.16767302459056,29500.64222674575,225.62074643240976,35956.46292348237,222.61836888009583,0.1382921638773417
17065.396414105526,312.049987044847,17937.954712212384,173.24052606247463,22242.515218368033,205.5862996178218,29112.738834936692,223.24658633236123,35370.780745824064,219.02637577526303,0.9852725365114452
10418.97006013006,180.2251739307814,15158.471398252885,210.48508642757494,18918.055341866642,170.64004590079978,22614.60284915449,170.89446874916607,25969.775380470433,172.27183306996935,0.2109744631953776
12092.29902157672,113.35068811890794,17183.782436094105,145.17211417508275,21401.145950995106,177.2711754636477,25533.81581205556,190.69232999441232,29392.969362725424,188.50542716798807,0.4521303440239168
17599.51639024015,275.1658849161567,20957.363090591978,39.39538165474013,26174.353849497158,150.0043500053149,31459.36829731415,183.17982200219407,35864.34787645529,187.82074312068713,0.1202984130421345
17856.35949836271,305.49058103219403,20507.355456564936,51.1594280937728,27540.342064917786,140.89448314858296,33823.725750129925,176.95581000432009,38699.00485360631,184.83604612262374,0.3043486494645935
18333.117021097598,285.0131001756174,26544.023721538375,163.91641721596605,34385.92211540201,123.42057053761572,41644.30379721031,145.6443301997386,47404.72886264636,164.91078005786704,0.0946363015489856
23769.56493939224,485.65302200535535,36334.71851619886,181.88506020000662,42179.43571972295,88.87682476378764,46533.552381681366,116.21665943710708,50988.25199491838,151.57932125486533,0.0042347387809466
27379.5778890232,310.2967523410649,38948.11215732227,149.25508009745093,43826.072142592115,57.2172071762701,47267.952995970525,110.77052752092969,51381.53247815666,151.38904349419107,0.006700773097177
25932.95311911176,249.457950630125,40070.35805232051,85.53699990547929,43238.320935812706,97.37348914347966,46337.44766146645,132.03842913657746,50739.20970587005,161.01815189439375,0.019262767414109
15289.04790316601,291.44462973796885,23782.913782649655,285.05383676399197,32048.077256949455,205.36669117145857,39781.01524277325,178.41014033438725,47014.63664877051,183.21737485792897,0.2731600548678306
24502.924924767533,378.8046376925874,37016.859095928216,231.79836400713893,44211.62576801095,45.570200006430866,49511.48890318801,70.97084228981282,54805.51885280913,126.95320218972095,0.099622690844341
29695.541142448554,140.78848028185442,38163.64772048075,148.72278110852398,43675.087570066215,59.68254139646902,48822.47114393703,90.42124995306511,54361.43995263454,134.3996347635676,0.0064039611177958
26982.01822444271,251.4277173607625,35974.41627770061,186.48517950464293,41531.976222144345,117.20493274770286,47375.29360582781,115.5179646990032,53523.18524084992,143.95548287173034,0.0221554123368888
20046.549237416082,338.4006491478746,30478.19654908812,275.46211613731094,38030.356219532456,162.11830055479862,45351.642384931896,136.6752600556269,52389.891639027,153.6038971814634,0.1383351285988946
9136.725653872762,110.60085274080403,16344.396747091372,179.01607160329792,27170.5768083315,157.64332415615937,37598.00449261948,171.32393547280964,47150.53122369019,185.2655530853796,0.5912210045751382
15282.353926641941,210.8236365278964,24671.940165346427,209.92699262753356,31585.23477505184,207.33564196278982,39103.63513923014,203.38528879830787,47007.906509602486,202.89914092648368,0.0311845306415742
16186.207972680468,255.29927583084694,23794.059172560595,114.69856981836689,32687.357125299368,190.91615927842656,40581.465553998576,210.78233104095855,46778.153309418434,207.2717349044338,0.0605197300595192
18052.63661307791,120.65723505015208,24395.539518583155,114.97132851856661,32338.39257083945,194.34164895361994,40030.016085608455,208.6432985717929,45931.607882151664,204.1659380595943,0.6038132520607108
19452.0802419078,299.22909116544764,22732.424162048974,117.87943257020343,26355.37824795127,132.95860729646043,29598.462359035348,164.59510729026715,32599.412604225447,176.49074955205862,0.5202652736166103
21888.716489521365,136.0557484288477,23235.53683223855,74.83816411905225,24378.517817258264,131.07207032814654,26546.250342482068,160.9584362151833,29211.00567000114,171.59723281968448,0.2511339832320458
19095.65369543152,203.77121913008838,20757.249985993894,160.21769710287762,21462.22153617859,148.32496245022088,23157.02234263822,159.23993353225435,25663.77144686494,165.732175308977,0.8095075913984205
13578.621131922526,304.3494405554008,15893.426133345598,222.34066585516632,17719.102965444163,166.22373659000633,19548.131638866416,156.56336281426596,22064.401966585574,158.0498808746097,0.7690781743316739
9386.562779296359,108.4800669328955,20982.84499608003,45.708972902253215,34246.285451280775,67.92054924799072,43634.19575915729,102.96697028256638,50036.764038312445,133.51718241814027,0.0978685707861186
14852.52345722627,139.31324028148163,23024.553159076684,77.45408874563778,35419.373705731006,36.38290836640603,46098.89053397533,76.4126471504765,53619.21807415155,115.1685478917857,0.1536812753819785
13531.608042058982,222.0763179651324,23114.15742948936,150.0620334929967,36456.59882631765,67.93560198567282,47369.069668080425,67.70589102609391,55033.74194053086,107.54423104398298,0.2458683126137457
23590.32491540277,422.5138128451529,33664.71915920388,206.2248234183381,42596.21461454961,66.67590065839242,50385.390901291394,57.543578983851305,57332.79729439359,108.0671509006665,0.0160317683401106
20493.654209427175,421.21417213624295,28749.363523411284,216.37370780082313,37139.11063125311,178.94654184685356,44725.02349481779,185.584088381316,52182.58355684136,188.35577495933464,0.0435648859869068
16055.058930117353,104.35762956874659,26564.30845182502,157.11747196694927,36279.504002979804,178.77414396149985,43877.60504556799,182.6804801517351,49248.0132450819,184.05700069021904,0.5363847253515777
17619.291704672913,277.9977722313051,24161.237095929373,32.16005380748417,28714.315088167215,120.64904504933025,32176.668172038175,163.31002639739998,35304.44821943033,178.40755774408396,0.8305196496039984
13761.80611468242,235.72918077267977,18962.542656910424,232.02587185229626,25253.65249543638,219.27218796794168,29731.87605377611,202.99671520792685,33046.28710240364,189.09050983933275,0.5281191653886519
14638.298910600377,278.7918198648006,25285.97056057283,148.219781797163,33119.43295686975,151.76098558701398,37873.90293704626,162.553930149907,41194.002332132186,168.72731170972693,0.1089350810514192
18264.88735285898,129.85193248802003,29586.03563623778,128.3756018743094,40395.01363888487,63.68750064896984,50579.7074719688,61.32513865144975,59231.118677938386,94.4021206670438,0.1657712781980627
11374.883821729785,115.89200278976212,21910.61446201621,223.64820290368084,33794.7556551035,139.66141614901542,45126.79987667351,129.26022744802904,55427.90595447774,144.4302452991525,0.0617775807101813
20234.662794858214,385.87325949250567,31254.646144799142,177.43259589792393,38478.691351428824,151.47196308287138,46845.81003387252,149.02643942312764,55774.92820432581,157.06040017013342,0.0498943419858979
27761.26317947729,198.6840012351603,33494.28956865203,121.46738877549942,40180.73375485208,140.85240939136403,47938.12842445736,153.56035020554782,56178.34310017823,161.64100541282892,0.0347739917349275
25701.16686771894,306.97172774570754,32952.571641556824,147.25536527312906,41060.29947532354,135.44368681036585,48915.29851064543,155.3089850662554,56588.50394612351,164.50195055744885,0.1733352461702047
14352.381521852167,63.555985306967436,28501.22470887555,102.9847547172645,41045.81705662938,136.93436154090494,49816.73975802506,155.17696411442773,56013.35710041118,164.2423632609306,0.0811231407974029
19927.975336166142,194.36677309085923,29436.730969775846,172.23340738508267,39188.624051750936,148.92711578298324,46150.17389579381,154.13876223001932,51037.61622411905,167.10962440828874,0.3092821995029147
19269.383418696652,308.4720148062902,27911.069499499023,181.67181198487077,37568.2213394818,145.18715429478692,43887.88969701319,154.91005781020397,48328.51381212947,170.55997147079444,0.3929071064580573
15172.120795371045,152.62875314043004,21651.22268416931,251.07829024275725,27311.946033864573,226.24299543078533,31453.072399380853,203.0197914016124,34561.04758932872,188.0776590929207,0.0809115712708692
21448.946893609427,328.2255332464328,28932.300592924596,148.39228297561357,37620.81245563565,104.4461969883502,42760.59525518971,117.30655758488965,46431.74755870569,142.2978463565008,0.1016232489971677
14738.202198384683,289.3928871058941,25700.736917733146,154.92514915789957,38696.51281855398,79.23123066342183,50718.8447181918,67.03150911783214,60772.38768662506,83.11919624963541,0.5034568012665968
25476.79403328502,273.8659806152688,35182.47138337127,47.84478216743941,42811.96360471953,96.29114716833558,51204.57645272732,122.46665698425538,59862.43023009035,135.1962192500686,0.0122997558546184
18998.18374004123,141.64107621627366,33020.55845048403,105.54737984127574,44058.355845975886,86.00234323795146,53044.20350320401,120.10266221000963,60669.977535244456,137.36152026174867,0.0203034311631646
16467.311872409973,114.99600951426783,30090.12500272073,75.62533005017244,43990.48633357136,93.88960492713827,53559.01548704798,118.49203532299396,60425.05274416029,136.61748754022153,0.0280283337497294
20737.701367814705,170.46108311569438,31423.01205715447,146.84368977482688,40086.2851504865,123.94841487042649,46341.35785052786,143.08922744776223,51055.88255969733,163.21735210633108,0.072086024331355
12456.09671539269,77.63240459853412,25435.266774789558,124.8612287122933,33861.62857312002,150.5786911822717,39213.57092063395,170.00933816237833,43483.73080327414,182.22709698899487,0.0615782699463061
12622.59452161389,62.25276947753894,19350.415523303625,179.54180779840365,25495.836939165634,188.5202635788728,30237.18138026798,190.17788632877907,34501.80391068333,191.38653482592264,0.529152598318932
20904.317498251163,249.2189148652021,31627.14512452697,97.90389899995691,37474.97054625293,125.5470644938545,41075.9479253933,139.35807415570477,44039.446924573334,155.1239499016739,0.3377984490266394
24054.74165997895,159.42871812738628,31896.705017256023,90.97929802319692,39474.92508879838,75.19602524616347,43956.78863539312,100.82501324154205,47562.39318551537,133.9509608181146,0.1062065619085498
18900.11571786642,308.0335462353536,30756.253389362464,113.24361663507831,40060.94994901186,51.965853379262164,45876.96879745767,65.79346501971116,50535.26322202449,112.97773432493138,0.235469573531116
16598.73978133745,237.8904497218174,28627.898381035593,123.30806454494925,38458.22266767534,64.55428684712484,47551.30001827664,22.307243145226355,55005.452996298336,78.86342273278105,0.127333991243963
18617.22824838968,251.94869377658904,27223.0550724621,133.25490848923496,36971.07536929644,66.13828218770962,47849.957702317755,14.49613181570073,56680.60999339232,67.57403081596051,0.072903007647987
12101.02357614908,261.74001230487573,20062.27587666845,179.5463317872881,34406.69228709729,29.214214801099757,48662.07953341333,25.607378098914534,59363.19870870693,53.844073768709144,0.0304455838235305
16041.640720582805,256.8955111724615,27459.3952554632,162.1805073106304,40322.44600536213,49.74119184340612,52634.87559260979,27.23948170652342,62850.30890445688,45.50688255434203,0.0397021393985956
18431.485047804286,93.91599633365887,29123.26476737086,93.17892168555709,40628.02575866135,44.70144900921009,52531.316051193055,39.8306089711587,62799.15490772545,53.4334592513465,0.472888336117383
16014.66034503523,171.31520929462994,26416.808958396563,162.4130376106008,37955.74629156288,100.05970915864859,50280.49652381005,84.11463408091934,61430.68593331223,95.5093738810593,0.118667528655699
19401.219586453575,192.4717755850129,34701.272104099386,64.45333706971988,44155.5590025088,62.34809089576149,53614.81993971502,92.736781000324,62846.33247385042,107.48093215898022,0.1162390912986585
19183.977753610976,85.12376044769388,31948.232331165378,46.186048395993005,45727.24202608155,45.63518560442324,55986.45918080787,82.25684577251732,63776.19326479545,106.86548207167182,0.0297843451451274
18623.728490210437,249.43293015550918,33390.096791540636,79.54759513549519,45770.92036967057,55.785050719220585,54695.87535898656,90.05159908387796,61142.310964142715,118.71697908975584,0.1063742757798291
20398.946541241574,86.9403407018845,35241.43016252539,65.37332656225826,43797.823725059,87.80435889904466,50870.72884834831,120.0855393426004,56424.97049951516,144.51948000870846,0.0652332710958153
10468.51572219955,184.31759677200586,12437.823498297717,198.0431493522467,18961.528125595378,211.2476136562417,24956.438465345127,202.96048881720068,30356.37537958893,197.72923406478571,0.1663967913260335
17400.554883994268,256.78018132796024,24426.432028866504,262.90136806336585,29558.34770934782,229.51422341315597,32952.06344152742,201.27054482565592,35931.3443457808,187.24849535325626,0.246384870401196
18706.4315714441,256.43253633028235,25728.5136848577,171.5583576708831,35699.68457406829,54.42845715786512,48110.857996569845,16.267554191959405,58534.95809994458,54.00803732696316,0.0321391964927433
14035.318735015579,209.75929714426903,22546.704649508432,64.9641646941841,37299.82877016558,61.13366771069998,51455.90709166498,58.34619224812672,63243.71869841991,61.18647233746098,0.0
17229.968319968786,114.51331850981816,24246.42245104793,103.67629396869106,37640.527598305074,59.277324410641235,51466.87165128461,58.59858642929067,63260.74904508611,65.91453918482149,0.0035232620541348
17346.5019499163,59.53855005939638,29741.997264012993,106.94331065418774,40885.589205111595,81.04603758723859,52859.68437336266,68.18290462886088,63914.291797394224,75.40016307071474,0.1792510305895617
16235.765119178863,166.28315626933346,31707.814351482477,25.316904288572072,46386.705837970716,15.007634710701927,57593.99555323433,49.41276325466012,66072.4624840152,77.76929660692639,0.0019443795442389
19917.304470731273,271.44836164632005,33805.64030863505,67.080476325763,46591.564691460946,20.226483846083966,56124.75152643352,68.82831639542616,63201.485379014375,101.80351541491525,0.0402037222599939
23235.08948202227,88.77926216967948,35332.75193476141,53.46521086327146,45902.12515435312,45.15157525576424,54390.63730978107,91.22909176834148,61003.39937040787,119.82525612465942,0.0087596881408615
18614.55732039263,315.5611329217872,29260.09661904832,223.81092622071537,37618.22644271588,180.69642329770753,44553.305759748044,175.91395712939715,50495.007304928215,179.71790169225935,0.0211159878833356
18191.790369339626,278.2240239927614,24238.22310872084,263.7680246967532,29306.813204399878,229.05872770061526,32604.243784279854,201.6087786788,35786.518763774795,188.19899964062583,0.1828942564437427
19419.045158295638,123.41359731971187,29640.88021065445,165.45983761557454,34369.360258766676,178.48014928528326,37257.4475394952,173.75919783512936,40307.254073792785,173.95872867320827,0.0905404663115072
17573.841694457868,63.01023086426335,32411.296530812837,63.411903180223426,39732.54003499528,65.45154542146979,43868.65411524241,98.29795247272216,47951.6645416873,131.78179750419974,0.0591595811779541
21329.852428560902,241.97447399602308,30136.724342451478,86.12668972320132,38136.49880318132,77.5508635256539,47170.36918402705,32.525318000458824,55418.28855069853,73.98050188766348,0.3102457603652701
23396.99339532836,129.64687638691507,28736.828581615897,113.08178138278052,36693.22420035423,69.38275464842579,47428.8571010206,27.48306317908362,57099.62042883334,62.73330035624059,0.0644453036177395
19826.207286588153,356.4116238225687,30232.980931458103,260.1956936407979,41620.67915717676,113.79782475700704,53150.42240717119,45.394291570920025,63831.40654155958,27.480153150552223,0.049604885589688
23101.37025528998,185.17678088479457,34174.79812358105,171.84971790807492,43312.711713100485,86.43057617717456,53971.87119099136,33.92912041606638,64341.26597667449,21.971055935280948,0.2062460946886812
23140.166594892322,297.5824235563403,32593.89566278763,171.62676698024475,42947.119224388895,86.30053542620631,54128.09843382097,38.19036639801213,64678.83902214704,25.058087674736342,0.0571266496795248
17315.73498360994,352.8569682732434,28269.090086737462,186.5530262310634,41327.75638321317,95.8703348652021,53640.45789746041,45.240749248692126,64614.136094295325,30.124491552602738,0.1679728906837945
18202.540206937847,187.38540536327744,29326.292879545064,110.34156165146956,42494.96052696349,65.3473168972557,54974.88243308665,53.19718982361579,66019.73674231808,54.8778363733095,0.005427757098535
19168.697034205925,152.8558806744118,29913.471409483613,115.42122837138126,43919.537238760146,57.69059827296193,56125.23143643091,51.46897423660041,66681.17138476878,55.72262756627532,0.1176281072787076
16081.172105201551,194.29870521771886,30274.82904974129,96.15749285237375,45026.54292736614,44.86488196734043,57178.510880424714,44.66950472310115,67263.20354047536,54.139260780005735,0.0018815411526012
24182.197151641834,176.6329135812625,34243.6125065206,99.11750481634867,43806.02594031092,101.3532500094088,52209.998526681266,124.46641385789395,59292.320676896146,139.59950877945957,0.1563587533488077
25206.85921730355,122.8322040050545,32366.30738530074,156.68860731886699,40806.52405680745,151.57996231053622,48686.85845986714,157.38276985246742,55601.42719511764,163.56859181166544,0.3226169860518725
20327.87979644394,355.15583608037605,27798.837136035483,241.91769213239465,36571.26816127203,198.27614376243105,44381.06680843533,186.88842047021083,51304.368476849195,184.5570854235828,0.0065560308343376
17211.013949757853,88.82132242103351,30344.224102116557,117.09061269909495,37893.929937391695,103.21581419608063,42661.48362659185,110.74447275423455,47347.083427185185,136.40867889971463,0.0259239566446006
14750.631019067094,205.81748889188563,27528.242600099962,172.24086898963034,37440.700367253325,107.08114792815859,45598.78988881763,62.33142887375597,52901.03971078451,95.32516653555228,0.0300648146071849
20199.150608584885,272.2079762944055,25789.845683661577,173.67863471593606,35232.213063062365,83.26981820866267,46615.18228042364,42.4585845179319,56732.53467035158,68.05706115698737,0.0900769722805541
22428.865769173284,145.17439509332533,33884.90262420421,196.9980446483682,43324.758945738286,104.57828058321766,53502.0197389492,48.39589690544668,63933.24181868979,29.102388956449772,0.0249261531696216
26713.677256561146,123.01755254951792,36782.11549102107,74.16428202945298,45328.053345224835,53.817740536907046,54895.64109520291,18.811632840800215,64910.171342224225,11.74914987325877,0.2014731634427071
25103.647123257753,282.0503684882214,33804.41242926242,168.22642777790847,44439.76756497671,74.5638313150347,54830.32387399043,22.799294558986638,65078.48086196497,8.361511266935908,0.0001902505934071
12090.622170551045,83.5729484606442,25238.820649722657,64.70756910550216,39672.08873266398,30.32584673322516,53706.51601970314,26.148439658016105,65705.4359681946,27.260276611411406,0.0902376810667259
16443.106890494688,223.71329743360045,31027.90265245041,45.80993916888476,45873.57320380143,26.96694740964942,58721.32129924997,9.725381299699832,68634.22730162635,28.83756090236176,0.0469365515007512
18080.020086054716,281.7188933159889,31774.00881831522,26.601850424057588,46136.62693415639,31.243015012889863,58110.44606887881,36.1085421568754,67185.94930570386,60.20133585715952,0.0133093773123937
18191.695089247114,398.5422432004445,31390.056461531105,127.27745496061767,42671.792526325225,113.03124641458304,52048.52122227515,130.62493708278413,60039.248555468075,140.12410838316555,0.0884962569279136
18240.125280056684,173.10940877919614,26461.612112074396,173.08177225779016,30442.68670600837,192.66770926477574,34363.73346891671,182.8445622421245,38614.881380350686,179.624824246076,0.0821115583051995
12343.716455502494,206.69379321951104,20758.952630074193,149.65775204041108,33172.35019604862,68.94145847023499,46332.67495526132,50.79490434173782,57745.45299351594,65.72893004322341,0.0502658703714739
23030.598376119455,284.80442173144746,32259.94468962395,185.73824868311587,41815.407268422096,115.98977450892362,52106.80546766383,64.17056028483756,62853.80120315397,42.029353656822856,0.0003250547316097
22524.14531566631,264.5614486820981,36654.95469162072,84.93365173027803,46186.632144689785,22.912553868117122,55070.00812807256,11.141713239596163,64804.888174883745,17.645057346213832,0.023187481648411
22824.054351853723,97.37207022792488,31670.541480371456,18.261800567465126,45586.20681599506,22.787749945207914,58545.568837736864,17.67722167145078,68674.19792856606,29.733725662665037,0.0884952767560969
20521.78743003503,257.90395628003074,30998.76269492944,59.5688473262059,45331.692303177195,37.66290522982011,57913.345457767085,40.23326808078161,67678.97123419087,54.29856473129005,0.005936643580171
12662.391643261195,111.97792004831346,24412.26888315337,176.76524136470135,33982.927381918314,196.82174944032488,43465.14632980742,193.58120162193114,52286.37398613895,188.96942837769762,0.0190354886492921
14858.855988202658,329.1146722158642,18877.070413608115,255.73266214052308,23134.27299373629,222.78765945451383,27888.843968209258,202.11889141727033,32828.16296810488,191.4991457264599,0.6530608816842607
20164.924519618617,145.4690710100745,24756.35496872848,161.76475637723945,30348.74827301826,160.39454175041047,35923.51573881489,159.99781774432395,41437.29528105092,166.70529941661457,0.038777192219392
15304.528325714651,304.38804475765227,23477.635020375867,179.7568321757538,31901.102926677566,132.058666081387,38832.85376661875,131.0365850256248,45140.59808043429,147.73379522917924,0.2369328994575202
15208.203395716593,306.88410257916945,23867.424883475796,197.37829620650365,35719.27006816772,118.8698828643993,48307.870773861876,70.59589500660599,60058.90624784178,57.280985740377496,0.0807458922342871
22125.741396716086,268.01715172410803,28881.65996226505,195.5759439017475,38794.24593494028,127.9302306088189,50031.54296755659,73.06268852671705,61307.151765147566,51.50449315058674,0.1134007056752614
25123.223133037936,158.23987185092375,33105.19437048798,137.56419548711676,41840.07430629315,115.39478074764752,51723.23584315124,67.98138404441598,62383.36702036281,45.28565752200784,0.1280370579036631
20568.190115677575,313.3941640243932,35515.569637406225,77.94484532395252,44290.14594970595,84.42151231069133,53163.41008306634,56.06926686341899,63253.658861192715,38.80060986173235,0.1243271219536841
18912.23175973842,165.43829054737444,33081.113824116575,113.36716266697962,45294.84962629074,50.88834916373481,54656.74877701655,31.07862751975788,64531.7123220825,28.81413878909605,0.0010478346667771
17851.239444049712,135.8725870996255,25651.272437104806,39.876376745302736,39840.57130548759,7.089175380272206,53436.611538878555,31.276771439484705,65572.4362461238,32.40448930572804,0.0152329209214205
14754.678789123005,223.94280754557434,25312.99476100684,21.316408295953963,40271.164715072126,29.24063163532561,54036.2598335439,40.39167024835493,66205.62258798529,35.63145923572008,0.1032453837527224
16585.431403712864,204.02136099529116,29928.214016662492,77.09280179753246,44623.4836738173,30.572532826998923,57794.28804589017,32.55439255106183,68978.62866572483,16.446553664262677,0.0313821968481435
19066.108378084482,152.61793998138063,31133.5840151195,27.00053538184729,45131.49779293448,12.54528179149486,58230.02535547609,20.551460305301955,69122.17786129183,7.402881687640647,0.0083949842636114
15316.438576941373,343.6321209049541,18858.299190712456,222.2220302785431,24100.445982483638,192.91035257160902,29954.375538841647,185.00990279791495,35855.51627527408,183.32728406821505,0.0758535737408252
19743.504498085575,101.79294042088249,32468.913024206024,53.376681997858796,44237.51919358917,72.46002068327188,53563.49748184788,58.190580107111316,63637.56897683707,43.02727126392501,0.0
17331.19087564093,321.70542122116274,28587.783949589717,101.45226793706556,40712.84698487132,50.05722460992131,52361.45736643018,55.133705701345804,63936.53511086983,45.643003896866745,0.029507069169601
20898.78677231762,131.13795990686037,27491.20134046602,69.66281702208964,39872.11266408813,31.583417192921694,52246.99613311633,51.437546177551354,64247.58090054764,46.2602088071553,0.2832805850981879
14148.90732399719,247.4971971010189,27856.768594608096,111.24076206956684,42350.14172411188,55.51549794851853,55221.99733071988,58.58176199967548,67184.64089951121,46.128167832270385,0.0764073090064332
15430.98556521599,181.3155158937672,28696.963237099844,82.44140603701709,44086.449443070276,41.36066336470123,57111.37656025911,40.18863254874197,67838.15874309729,45.277846093689064,0.0323454104297379
14691.855600946263,158.3564690479619,26974.69856622858,67.35807875582026,42932.6000590362,57.290293911999576,55856.181853633796,65.55048845305285,66365.86447160722,73.08977646068591,0.1746093703500847
12490.964098459244,132.64592372890397,26133.70764392802,20.721214465784172,39347.63376436614,97.89646566226574,51140.385735024174,125.02697175105996,61259.5484217181,132.04941153883937,0.0433302359803079
20568.45739758294,215.47314239161187,24682.085095272007,114.67747315570203,32790.94483719192,169.30791307718127,43434.91111463132,181.86384606799226,53394.584315129934,183.5181492363238,0.2681218054196531
16771.37396636599,374.8538720857546,20534.95947763875,214.79624996189474,28146.417295027204,200.77671131808933,38651.12471521865,202.56451687537407,48626.506256498906,202.39701982865955,0.7338758112915441
18410.88269122851,85.95206616323345,29667.308096381865,134.9473889546322,39269.749693192505,112.078208469695,50016.64904025757,64.6686653861744,61007.879489202634,43.825111600285375,0.029812143410329
14963.29793844233,98.64449059584095,30380.102398923435,151.84911784301352,42013.05427453771,114.26048817165422,51725.48997701754,69.2998310504832,62111.25554321445,45.09085648626176,0.0688004137853755
19406.368995087483,141.72932924700623,31271.987276940843,81.77315402609212,42087.88444984549,108.63023623590654,51820.74800701241,81.62071722449534,62424.70261856787,53.40228120370203,0.4950117153192045
17989.773924441153,287.89867070048973,27989.03425899438,85.28563582260018,38892.7350094471,62.36486285998546,50666.67841282628,74.90873230142273,62990.32321058781,59.25076659681672,0.0536984896794441
20872.23087894277,93.12282988319787,31986.62302496847,102.40676332590539,43568.038135819115,54.4491348702632,55371.97269962361,63.351960349721914,67248.13127290645,48.77036165441809,0.0093210880364357
18116.07830083547,219.3486969330953,32774.70086353986,66.73025136440202,44620.12563095343,30.40847176646123,56399.23674570745,49.51377733567116,67999.3839194125,36.69521124635026,0.0248676476199965
21553.423791613037,152.32328960238502,24631.32540810931,104.17522767046347,33099.447235187254,156.0504773317165,44152.984267100255,173.47907079642314,54229.75222170211,177.95153868022444,0.0475797221800179
12575.02368996124,299.8107000446564,19152.99326354097,123.53837058262442,27482.895166033883,63.22192227304349,36576.26722859271,112.94719884447986,45245.05754134136,141.20212169581922,0.2913866825179859
17395.702260341503,247.3495587766879,24755.179376685268,142.55880277120156,35795.90601861219,82.6093814424625,47979.96221668977,50.48638305679015,59519.05187183183,41.15721349962446,0.4674218625310862
16349.324620640564,230.67654170852595,26773.89747983852,164.2222479923525,38461.427228183085,109.14394920850798,49619.950317269824,62.658139578657845,60746.215251897724,39.83189008686187,0.0054830931189793
24650.23247553319,273.07425335957043,30370.6016372294,124.12437788157818,38587.80900826063,134.3380768737044,49148.58568628121,101.03857441322666,60939.96812788686,62.49791977054038,0.0152122154627771
25367.274865122545,297.64365054367613,30677.915414758863,99.09421975647349,37983.886152624975,126.05625108109915,48720.04271976369,100.63266692918285,60936.8916883756,64.63223995098764,0.0110151627006033
20074.69546113482,214.4405839405588,31009.58680562304,125.11500569969188,41195.357009287276,91.76642251292955,52723.95270540629,85.88234884368005,65226.78577767361,64.34725666878312,0.0028403493478572
11955.540402047438,129.73300912463233,25766.381812210053,13.9886595279231,39460.73638045879,85.0207238857452,51817.87318562322,105.6237568344397,62275.54357278233,116.21459259482448,0.0377428561308845
16257.347302316592,297.89016556457204,23747.460479901092,105.92185061707033,34109.91958827356,146.49756828713996,45393.98578579862,164.72114797791835,55269.24518318283,171.03766351268115,0.0795110614567033
19780.72071328749,376.7006726629158,23409.823623820957,179.24253028104778,29692.47539231898,77.92322468955005,38869.78099369696,100.63200493837066,48060.81102443535,126.84287635903296,0.0322020023908154
16854.030262814922,224.9192113811251,23403.490462308215,75.52408811764488,35152.023550212805,38.976501076851896,47485.275952216274,30.29493403861411,59067.14823912754,31.394464038842617,0.0598948770986203
21931.341712842186,483.926442017412,26337.201629602787,214.566626617603,34946.18983556441,155.4450045426807,46582.26127438075,105.92687715547723,59376.79926740327,61.61692407066007,0.1480705370139096
24989.709942223264,350.4098695585073,26942.244446807872,201.41213279073327,34497.68423797259,153.42439575069753,46126.117650625376,106.57174851706806,59315.30808747195,63.90063689884757,0.0341189141500972
18098.393489223297,445.2141244859313,25296.33049747147,216.52142654634068,34022.190369250646,147.25587780201144,45933.688096733546,104.28771591108938,59464.76122151095,65.33051510880235,0.0804334318869555
11234.707901957368,208.82592596786145,23184.580676647696,152.7071870868796,35346.32774221232,130.60880776686398,47896.64642527736,101.6662940399838,61593.24274684438,71.26396467692432,0.0444057043688877
21839.22644187694,99.70813284371268,30319.320859363586,153.24090737755773,39481.656404026675,124.11602801050351,51085.22129824717,97.42290102660569,64104.98648781168,68.71995724875208,0.0978386666617065
22858.457367840183,97.7254718712907,33726.16546277339,58.772237798684856,43171.15701985548,73.91329461172062,54309.69948810476,71.03700796346615,66508.6311192727,49.063267291408465,0.0122598325676229
23001.05196844758,126.73387010756599,33191.4032131566,54.78416331153464,44013.153751394835,43.89179202488786,55452.02628307269,49.78796424992854,67315.14926571853,31.998456571503368,0.0206766444369805
22213.68518652611,157.7770472067041,31845.02059404342,64.81253285018056,44144.96225909325,24.477629456076038,56097.27159188789,26.12671951503875,67679.10718926926,13.493068574063406,0.1475982622772134
19484.095579530604,292.2214024235623,30191.081960514843,76.42171489033461,43725.69688600655,26.2300090270192,56170.2398182607,13.608065219108372,67491.62128224778,20.133425268331994,0.1425848914634732
8575.209069357232,101.87474486363493,16914.070449435385,153.67677951735,29121.665970711772,203.95398998410047,39146.24689563837,205.22426883223,47648.015592828044,204.72898754194395,0.3870025616432886
23002.645172750563,331.78592168980515,24748.55975952641,165.7613365884587,28621.437868066343,128.68086395138454,36074.913429955675,137.67141589856718,44414.314259801045,151.85031134821787,0.0761920374525071
25018.71263560764,218.78520383664775,26893.94592430998,98.61126568857348,31146.66814023147,98.56833032887685,39199.04105713648,114.59935781450253,47969.217998675136,132.35539998664103,0.0165239549460031
13750.327651608497,222.37634471115842,21999.92103190362,142.9513946515842,34010.61690444778,87.6208356310936,45139.19917262424,61.74180480596255,55547.95290124021,71.18211345707878,0.0084439490965511
12310.28583926363,244.7315872069055,22001.274190508924,85.62191616862083,34863.466923364394,33.01924656137084,47307.95001166469,21.735562289328097,59126.70797604246,16.206344868644564,0.0353495364763733
19184.48902741833,217.59308804518395,27369.544274778924,204.36520458062085,37039.896655200915,149.54958750390665,49391.659032084084,103.30384213664168,63079.295355078975,70.03975172847682,0.1180186153959851
18693.149283127095,347.7332322243362,31208.355635919655,140.9209405872179,41494.94217717814,101.00946079216287,53170.33758897309,79.42301209435529,65841.48662924378,52.77032637132961,0.0009327489153092
18991.598831207317,224.91899004317932,30554.962842268076,33.75605858775366,43530.985128057306,13.74033891101611,56009.88296503114,8.314006081117087,67467.09105491274,10.68699894738051,0.0512400758714803
16944.60284997804,223.92854033788618,29081.77606296828,78.37023533281075,42618.459762749204,47.287245431628826,55044.93099175254,50.76144105010875,65628.56607519623,67.12297741004816,0.0904473608330437
13334.912214572552,356.2456693093113,19393.389832819805,259.5564658447625,25280.72454215407,184.92220353811854,32456.357276832496,171.90352081557572,40331.08816425627,174.44185929123333,0.116000541020092
23549.4535500492,241.404102690632,27811.630558136472,56.16420830797836,32488.766724428973,109.71578586674175,39885.38984283035,127.162342505443,48191.21276279022,138.26258115040056,0.0217710092382694
14756.954794238496,113.60188453192487,26180.77568447037,90.03720388943633,35491.810186313596,80.71339565710146,44674.98376070419,82.85992719569569,53926.92814529294,93.89203837026801,0.0673403289685064
12861.435751191138,158.03023994302237,24551.63302944216,112.67832753864924,36403.694951639845,74.65895174572283,47049.3966281927,46.250413178966404,57379.024538034195,50.538815108162765,0.2169229940558814
12234.556740478261,263.55629475178534,19422.507534892007,231.96510474500573,31504.56842862106,155.49102166547976,45757.26819514955,100.69040738030856,60694.984928199156,68.68602272900416,0.0723842176650351
20174.874727632247,107.41398851172178,30610.363650662894,50.365679233881046,43473.25382327916,34.53753100354037,55691.58636746061,38.79956655942809,66113.50424984175,58.719226630715696,0.0288598892759876
13929.148878523574,257.3982572209677,29162.79441579576,140.53311739751203,42140.753221233645,89.32044119599779,53025.56000874961,94.72588809055942,61939.49725969111,116.4900806385401,0.3205633752358619
17211.907316342084,480.47056997161604,21123.322760335137,322.6668534547964,25780.770120180787,258.1124542849736,30505.6364982711,229.673816456076,35626.88802859408,220.4468962165288,0.1027686716306419
16700.891566204617,313.86490884648555,26648.667700980583,98.79803341433488,33493.542503372075,116.82842437163633,40799.60865785286,136.44246833785553,48693.4793683241,143.92783214330413,0.0928587353120363
8373.938898644305,75.24132337212137,13223.989275492433,65.11014325217798,25573.089212529274,72.33573956913956,40688.30580300439,51.916950877852884,56058.21765778496,24.62596860602879,0.0357284744026479
14385.893600260277,149.09006536198825,26898.036667393673,94.078699521936,41639.48098469068,64.82269058396028,55024.835268764306,50.820687165904395,67333.0769785855,26.065705942696944,0.1213315311769488
19434.252751663065,204.1926050193406,31371.178987237203,56.07386434478414,44209.61738142739,28.02176932187513,56294.006671178606,28.54905333242747,66560.98446712569,52.11212003529921,0.1110152329502563
17835.931921413532,392.2789624049134,30598.60207912906,180.5298435403795,41989.73267977404,112.85582307051475,49656.804753426426,131.60894072703368,56138.4907963985,160.3145175381428,0.1017222562472345
25202.271634509743,518.0789318299817,30898.368453974977,257.4138968777792,34277.61902833821,214.5605589508043,37814.964969849185,209.21427427808644,42204.92240073298,212.43652985950675,0.2502662951286905
26521.040886804894,434.8000717360625,27451.493317616252,301.71659866266907,29549.979457166624,245.88533984962567,32724.660993846872,223.47021184395194,36921.804735064026,217.89883364372602,0.2615661484887964
22175.84471420216,466.3490483197868,30962.743730999002,101.6399232209457,39308.42515193882,51.8588566102335,49194.19227588614,40.51481048993167,59372.72140300439,34.240097949663756,0.0153656139934047
22205.04635330874,352.51153223396244,27986.22800722809,203.90895338381836,36526.234381868846,100.8443268086111,47638.5727216781,56.3606673608217,59312.81741604754,26.2682589289972,0.008980068934785
16197.92352684029,404.2953944007991,23061.953873202587,243.2590642947221,34016.519038189916,117.45468554873062,46239.91409189965,64.8490274373566,58747.16391265502,31.24065535323567,0.0326051123516222
9570.272934352975,77.86408647870813,19928.489219944553,114.36838889193825,33990.17026684957,120.26748946022069,49098.60400403118,97.81578443108299,63630.40562836263,69.60744492636606,0.0152165648529725
15592.350590921453,136.29062425744402,25485.069882449647,66.26474729582,41260.517820505556,72.03045479681907,55147.92211871659,56.6791724162061,67528.74123697187,29.564166867544472,0.0258457370334335
21232.40778595274,120.46685282305016,32910.66567851704,42.969469695937256,45015.096263425025,19.22190269821072,56153.36549976416,39.97324718804001,65394.973746302036,75.43137160942122,0.0887525103157674
21981.54259024437,129.6702276856717,33495.70982164222,24.10485007657053,44927.506585809926,25.386091272117277,54961.163429307475,62.641139301150396,63193.01554704922,102.62326314928464,0.0891346945559873
23423.495046488562,133.80850250998998,33601.381769667576,43.726603983553716,44521.38380119954,38.28272895323632,53171.1977513525,87.22515040241183,60315.80312565886,129.19009428950233,0.0858116986006114
22979.70597440839,158.4730597376663,33959.833310300426,83.90025210063845,43772.86013140121,56.874001819765766,50741.5904546345,114.0541852642841,56791.92282489465,154.24832851552418,0.1018456195784302
30636.735633750777,349.4385459883509,35435.44185707699,143.68105409339074,36782.926825997536,179.884204987529,39228.10946156585,197.92095200829323,43015.7654456239,208.4702348228101,0.1484031986317188
30036.377470544663,416.93121715779057,31166.19924727534,266.11614515229707,31892.049384604692,229.2179246596526,34110.275082568696,216.7213722538701,37732.78553525643,215.3241700579808,0.5626028968331677
14827.189454133102,89.91390876161357,25529.717222501913,23.51192112972011,37269.82501670403,80.9166633811239,45930.04151750415,113.21465549343377,53670.98103472375,126.88082684208332,0.1735149542146351
14189.19047001162,126.2864561770806,25915.969827376044,40.99096028491765,38828.583108512365,53.85604663332292,48130.87306334411,83.7330248326945,56329.82440103101,100.49079782473385,0.0616786613066081
20873.554163728335,413.320939995495,29549.478751841216,114.57544162341377,40304.108158573916,25.641705896447604,50194.608133086076,43.096913151433206,59547.00991382876,53.34785293731578,0.1373900443864146
28545.307251508693,210.48597860895816,31906.6092018517,75.50237229455385,40239.509627280975,32.595412189435564,50180.300549056075,41.896591185828925,60185.551239882065,38.24411248204295,0.0162461512083229
28411.220009245026,181.883866326175,32406.82149548715,47.45800496385122,39404.59054424278,61.826370906712405,49565.608773522814,52.12276441239744,60280.850449345315,33.27207668079254,0.0128677302685288
23856.378716554795,329.2635884932988,30042.31424676023,155.52092177760542,37693.09698112001,95.71954689551853,48447.85836936709,64.73453421337149,59937.51387362024,36.429329147251075,0.1615439878776502
9432.661919819686,81.13662698943308,13297.153664533449,96.15653043095134,24790.599291345945,76.63050045960401,40055.96418344297,45.230783474163765,55915.084906426004,23.940266163935586,0.11968371501354
13000.13629151879,147.2583751016933,24148.844008170392,69.05980485851204,39566.659772634834,98.36131958250758,54024.66219813706,79.59780841066328,66986.4757608992,48.72760542197485,0.0354912464012507
15487.110526152394,174.64537016964394,31250.00601329637,69.43425395945596,44978.59637614099,16.32078151574134,57050.868855537075,17.840413529348872,67110.6268838385,48.768650936674014,0.0986314100538987
21522.613981815564,79.53094153275548,35718.24733031063,86.73062011488892,42767.19809452402,69.65010966652719,47868.21665665509,137.83744553949478,52849.64864934671,174.78897808611634,0.0251734471434217
29359.39214746238,286.52216449172835,35905.05638971331,132.5999944474198,37261.23100789648,169.91773222253994,39577.57192706869,193.47418364921378,43236.61060515279,206.696568500728,0.073678519170416
27453.121073574708,454.51294681417414,31120.926745028242,281.8995902321818,32348.693787244218,225.16663818746258,34479.0481134099,213.67849421347387,37967.928603798195,213.91762023583962,0.3468342148818404
10177.023663451966,157.8401688890437,15626.935313487005,201.02030112179096,23318.860325011286,212.04297483429255,30619.90757789141,211.16838784504577,37761.39672044735,206.7061739513369,0.0986784888008544
17190.529354543538,267.88137829580745,23392.660819201454,123.2618367587164,32435.535195669174,155.77455635932236,40150.0778007772,173.2713700127495,47292.45851456228,177.59693428913735,0.3941685156800466
21100.592496717953,502.91746242732404,30104.443272953802,137.8941027739893,40710.85508026076,16.124846819378757,51147.18344361421,40.10341917576689,61119.24084064882,40.991664847896764,0.0
11508.33267103023,183.76886444540494,19210.860673954085,166.94571031304156,33381.78897551843,147.8569856885987,48689.173721134204,116.44510777060977,63182.08869944649,80.33195497963656,0.140921877669774
17189.298524153575,296.4239706957369,31138.331393830093,177.93267072178398,42370.58823921615,99.92282178828584,50224.87758013256,121.72288653666708,56567.355183481195,156.61801114188003,0.0620625382645888
21472.587333322088,179.83980394512741,33759.802705998445,191.2506510974037,39047.94452295682,147.63866074455836,43298.04678984719,173.4072603478817,47829.308710914134,195.0436736344222,0.0292961185935949
19407.207132815256,469.93303127480164,27795.677560544205,313.0836901906027,30930.41209750764,234.60743144222332,33808.05322395235,215.36768987082743,37599.58458441472,214.07649497747215,1.1590762468679547
18189.08072133316,236.65105106249194,24861.62251792347,115.10957833056901,33592.425363071794,149.59222778987157,41227.19474862296,171.69183502748763,48328.74078123438,179.2967014174063,0.0409966027914514
17252.175043597686,231.4352231893453,26516.954787714832,69.29471095796809,36607.11731870009,107.3125327807107,44998.29324277577,140.66352209165422,52380.22005298015,155.23115907592663,0.0253057700407404
15120.814761716132,87.22446297054461,28494.673381210763,73.94310932219038,39431.89834937685,59.772770319704684,50532.95952548739,63.91575159963243,61746.75971764442,46.299704238135845,0.0180143033715705
12296.447469296008,211.7060202197171,21794.968698850345,132.9848828794388,33794.31467086374,116.38977627210659,46255.98682417154,87.17691585418791,59342.180109976194,55.99460667161332,0.0761685906544603
12088.85866050518,123.3899048598736,19416.387229648713,141.17670371840728,30341.59561674575,136.45178560092015,43514.565473075534,89.50741662249494,57936.83630395716,53.38067117891219,0.0022258010961157
15208.011361769893,119.40083940158947,24971.243593268584,158.49897547275626,38804.66205557714,156.5082026102504,52841.988535132215,115.56327719708533,65894.94512031694,73.70817349424568,0.1105896417119076
12855.911853945632,133.58482594137757,30172.638796140058,146.9836430320264,44660.6597445476,93.85896874845251,57421.20013595531,52.696652066722386,68779.97718010051,21.307618935432483,0.0303718686282791
19857.814505810486,344.64432524203585,32229.579273075135,78.3446810938968,45514.73544033438,31.27511420612249,57720.939038571814,21.66575776882048,68146.21748203074,37.60647778972842,0.2209739433532557
24465.35024681648,192.35054576286603,32061.717317172242,44.64125057431268,44843.17682308844,40.56732973135665,56935.42533239971,44.722228136788715,66892.50689327928,64.523127596829,0.0512826970743081
20473.822906126683,333.3718111439834,30410.222079623116,105.89136254589897,43662.4157196075,71.15448449628606,55595.086712127864,70.72956958302429,64999.05819524607,91.6323676983683,0.0612262803874283
15783.418237667725,313.6726971767885,27328.217292923535,239.87895512137965,38015.99461861966,160.20318990082063,45432.12937039171,163.89454555383594,51471.48797275942,184.0195895093864,0.0369806958147107
9700.919077089191,88.1090517588234,14872.267302317132,194.29520219483675,20941.78949372245,217.020754809988,27492.512179046313,219.07376985393768,34403.213109227705,217.3032220234405,0.0593571399273131
17089.685740042158,125.07782683445836,27095.07356893321,36.40059822346499,38919.330047130345,67.63115898223552,50482.11454942338,69.62063019838749,62108.818079820834,51.60151978173345,0.2252303824043878
16950.729479674486,129.08072755906204,25820.3139169089,86.76759075613775,37449.992240059764,87.70524761598783,49203.78336317747,77.85874640630189,61315.82549810301,55.46639045722272,0.0423576442021275
12384.603999376848,102.17626531879377,22229.895083873027,94.33500469083128,33860.01309499566,113.35464103190839,46102.29905591872,86.51569900897178,59433.81796321443,55.880333995409785,0.0241358051191502
19616.27292741918,506.96878370919825,26093.133996710363,252.30909777044738,35764.93994159649,169.75917259154153,47849.35752558304,118.44913887157486,61337.15557749494,77.95189312636535,0.3768117944595839
18436.277288973095,127.23141706972929,30402.166978196663,154.20097749157154,44011.982511472044,138.23609838395112,56578.79345681594,92.46096824595546,68157.05397786427,52.53686599701012,0.0677167463479135
23247.244600901075,252.40485499820468,31971.305670156988,105.65811229943091,44527.3176127164,78.5368231164667,56520.58653146191,66.88846109038924,66418.91536414681,78.12541907988165,0.0393220301278899
12898.896357649523,293.4316286117026,25034.82362448963,181.96932197664165,40138.198229492285,124.54234416446879,52388.23110912698,117.22424153256884,61490.55532561546,130.4894680732517,0.4575153782987258
12884.344324863996,84.40907062675446,21210.695998986535,227.20174130895958,28698.2861604064,217.53956132830862,34797.53478954772,211.5184016447389,40375.952716934364,213.68749250107922,0.6011239239280947
24049.125482553314,381.1111208423947,30527.18011013333,63.84118513701736,40039.29903625236,51.93164076212979,49670.40250718433,99.75916316409703,57805.17803788699,124.70644642189161,0.0587339587239859
22410.47632020535,467.4282505053431,29868.17349536616,103.28815266283387,40853.771657818186,26.14214864983961,51638.45713946658,69.75349549324349,60400.00838464204,96.13298488028525,0.1043962736479327
11061.295850390055,67.63756872866284,26234.78199198599,44.01780134710268,40996.741769120665,16.18943714183932,53276.68579419242,37.826027151352235,64054.146616656566,35.16838156777488,0.0544418069219275
21286.092851487778,410.32268672314706,29986.51101512146,165.3160889500498,38295.12822737123,128.61946304319574,49134.188398558756,99.45690165527256,61828.88877740098,68.27773330237054,0.069530200255226
28012.61912408565,188.11036410025812,31382.75060095752,163.21298746541962,39477.21019718335,137.28418051647705,50358.75540933868,108.6144009808609,62856.13799007971,74.4899146575228,0.0491096305488912
23683.299635498704,412.34116046634216,31161.720419559188,164.10002811348693,40699.03772913321,140.54012433255224,51889.10030555683,114.09251007465352,64117.25180815485,77.7592938313783,0.021855532134122
14809.382282714256,205.14415619826335,30739.748961472298,119.37351730853088,45099.58546970443,128.55242930633665,56957.149524036955,94.76987027194758,68063.73098758876,57.51836367736944,0.007873036225424
22085.74072520979,158.6176461180708,35587.71451768742,134.3958561085573,47997.060957081114,90.51317282977897,59097.01695803044,50.49748244893313,69447.7764216996,19.640363080492914,0.1364333705396986
22676.607469270162,213.61640554297955,36831.43774966902,106.81227998801306,48540.63413880937,63.089495386969766,59318.328770671025,29.366127812140704,69409.5686015579,14.747640355002595,0.2699790588707015
19888.518566678147,87.61726259910786,34416.92504330414,110.1928846222322,46512.4415168041,83.10936469229418,57678.4384517697,61.338687809928715,67545.26688121616,65.87174626503152,8.175268774091952e-05
10564.760583131178,185.39505243056087,13967.07684480564,196.738745915921,20940.01922526049,216.68218729436552,27457.305725967737,216.0954805555851,33487.29060742567,215.78032732219788,0.0220033571268679
12789.819734153236,209.62901532426804,16755.84719318075,202.99101781421592,22855.77450054174,218.892315770849,29538.01144631956,222.89066352185804,36345.729694033,221.39640524218052,0.0
14110.90012873733,166.64420114041792,24914.763944743252,123.96202812480125,32724.6199218498,168.14561537335166,39903.508385354326,191.7051304878999,46810.09419459766,198.86985644849597,0.0357473251830617
19315.052620710536,334.5031413995145,29731.144458718893,77.32386583696952,38899.310369069,81.4778038352333,47762.53728333702,128.88691305692586,55414.31049438253,150.25740340757747,0.197779246205077
25778.23546302257,308.48360569606814,30992.628391697523,43.491949166813434,40428.32172941772,44.750003492548466,50448.86963540817,95.95544657488477,58699.657877643906,121.24242300296767,0.0288409326491441
25897.89993338168,228.48128268767314,30994.381587497468,38.00915444089283,41165.763215148436,19.47475318352027,52336.58214109639,66.61965644017702,61242.84973439276,92.23401941138938,0.0924439088525063
18166.78916196412,322.4180180422645,28056.451689621543,77.44480762296938,41415.94402207348,8.93575358371056,54132.79249386633,28.079873440227622,64203.06887013904,43.02574599873343,0.1095634915171167
15528.00299593664,221.3930778023632,27028.26845448529,77.79781315814813,39061.00915514318,56.226555970644476,50831.0237793233,56.16936601079332,62709.27859441708,42.78633465431249,0.065690529140149
13639.391149011466,176.25194357134893,26610.483582874975,91.61340646091598,38367.62696193978,58.019684791033775,49709.32314640875,59.64390283374208,62032.397322769204,46.3508619339777,0.0301690071617373
25110.28701697465,315.77212095591176,33845.514310363076,54.299673437066254,42024.666437927524,92.27882984994962,52405.01759874691,89.90263030458982,64192.30675663167,65.61153010012441,0.0181495038100568
18001.001125584244,316.3895302107852,32491.16293281903,79.43500171333939,44652.44302583524,97.18047269496827,55583.15619267765,93.78445347711539,66674.95764768397,65.04514930522032,0.0088005247673257
25144.453590748766,89.64398647266779,38828.080560816554,58.357890473368016,49707.37196948845,36.290139237583396,59793.62419756371,25.385796958240494,69377.39461718874,26.948189873089177,0.0730824004295539
17609.783224365594,213.2883121813092,34345.37231591411,159.6070706311004,46511.221219505125,108.26724074350359,57243.29259090404,82.42863313936138,66860.85947469184,82.0459902372889,0.0354388459923798
15089.13666415067,163.12256586218683,21573.95882783906,167.4336231273207,28689.937018909284,199.59495057832214,35919.080512931134,213.0867776623408,42648.55795662125,213.47197160296102,0.0471520618342962
20647.7688581575,272.29048365217596,29227.39991917001,71.95669904299234,41579.33845004949,9.024870518146047,54131.065276629364,40.65457877578174,63663.34891294521,59.80120049690865,0.0060367488110296
19426.44852447214,267.26838948760593,28261.263703541656,51.15066682943064,41645.87721481783,10.270156354370009,54703.39550152276,25.488473934513863,64760.86536037898,36.256714833504745,0.0023475260347632
19316.532597684658,260.4628447873172,28931.545048707347,52.741190715671756,41712.623451279505,20.88812423384714,54104.79346007736,33.36134290314,65085.05071673354,22.956983878881314,0.0040607867419411
18990.163780573337,195.86704130014735,29788.42672269116,34.20851949296611,41412.641253658985,30.132696398387214,53389.313686543785,39.73443712915947,64591.77510046302,28.59985782754275,0.014986875228681
18639.994748258185,128.91280704001775,27769.618333152972,81.83565958926276,39865.04903181708,42.79712310728254,51746.69999449131,41.214539825533464,63451.50623990835,30.342423162711803,0.0145862983671096
16245.468132738502,75.56642959550399,29095.66462949188,121.14574362966857,40052.936924514295,52.819519784841304,51418.72782083632,47.4703835445733,63438.66221073117,40.38484980011954,0.0017180304702443
21533.507348439176,172.32640578771267,33725.95804978037,46.80523710162973,44659.93231356497,64.64875209852937,55304.96628618342,74.9272720463165,66331.70168236841,55.18892351830583,0.0970202641645901
16764.727859831655,279.14451307856467,35842.66322954661,112.85839170181995,49669.842434662576,38.69478102541225,60192.981289984185,21.454259580456803,69739.16275657815,8.778559164015634,0.0065553431823121
26197.674723123804,139.08767711832692,39478.37698190571,27.040188103312545,49927.93059188345,36.35806426703598,59740.48735140529,39.911331383175764,69007.93814371811,43.97517900444247,0.0762266184014021
11990.77388362191,222.3671238930357,20803.58771527002,133.48706854836573,34909.41206352131,155.1471988603258,47239.94421876828,161.25107100282418,56868.60025324708,167.3592759313333,0.5057962764435285
11300.80811833593,217.30033889888307,15797.082269677072,28.68788361961874,25261.168259856437,139.27919258787915,35424.62379996796,191.8570633559401,43975.378380717244,208.38994875037517,0.1412145878949551
14182.619077463081,162.2446010767706,25975.665179481177,43.862913896232236,37076.77796833225,114.42965219444685,46054.60383349725,156.1602492969221,52978.96636218171,169.34988301623187,0.0277707872410239
20433.624224700747,194.30678467568953,29026.704102711858,61.50667977378089,42182.17823367842,18.121617734845923,54529.410578293464,27.187450293271482,65304.676334166434,15.775278348192991,0.0156463578629538
16459.769514235268,181.1816345169627,27894.555239997942,98.33307534173609,40171.36194839162,44.57030790745387,52214.7535950511,31.55251436461534,63817.25641142343,18.778369857075656,0.2119913531567861
13533.516038541698,213.02487344519247,25200.875389413643,102.48497904468842,38626.294650777214,40.884800060872,51359.132710697304,16.5708356640881,63534.93593975898,18.51687700281942,0.0333309620742603
16909.5415652526,237.53739622155945,32084.86644723587,84.34410052466117,44676.810707041506,72.03389154227614,55898.41022171457,63.53060739029936,66809.16824130731,44.44786453286692,0.0576844468162745
16809.508468421704,148.62905028275625,32803.639187947105,21.04466888568844,47634.84154529701,50.89245896625068,58748.2087534008,47.00475598550759,68745.1275047226,30.801666484048642,0.0813725179424864
25166.503361320687,268.0306111086466,37716.99191320284,96.84012283370673,49701.507916245566,44.031165263522155,59964.649162909656,34.049487034662256,69167.0432711524,37.81591098894456,0.0107372665824023
27118.97190922358,127.80683938474793,38617.21909916467,71.54622340366257,49085.48412305353,70.66028840557692,59098.156114177036,61.61113729891963,68251.88365621485,61.994520083551,0.0188116859877671
16321.136607047905,220.74205495050768,33164.532598039375,187.03291003340996,44805.9873984572,136.90067948288697,55287.742610056644,115.397684457893,64604.43881703784,112.58699695200089,0.0487171747207082
14881.814197839236,121.22670672456398,24279.620575976944,151.27996040939425,37644.153375536705,158.57409917231294,49166.16421999743,153.65502774720383,58661.98392652653,157.4740740134257,0.047569864036937
15072.246412975735,152.84677624873623,14354.885763359096,89.1716618009762,20488.192659264758,147.79704511425305,28919.647731639132,193.25876637191277,36959.828969316615,212.33209918077162,0.0477409812963468
16269.01987048262,149.51599145751723,24705.574442202673,83.03826541382878,34444.21543821457,159.58090809390202,42769.596553373165,185.58050559594477,48994.48416525861,189.00195181074412,0.0399301372867643
11841.121199733187,80.18299820416412,26361.34467400944,17.0622640441625,42551.00017410728,29.400866136783993,55511.78167854358,11.107655558992532,64908.99650383661,30.60809927636254,0.0106532708445136
15448.27350800217,283.76859998834743,28633.82777596763,72.72739441666562,42578.630948020174,15.952763111197374,54645.52182243053,26.690895981903225,65094.4643613385,23.71222133042271,0.017075304094493
17627.26279345917,198.6502542932992,26583.568689113494,152.43183836101477,39714.57498319223,98.22972790991267,52892.52410046959,51.56307357079915,64855.58622686805,35.147837683002734,0.0288521315863815
18614.178878993014,92.22383757469507,32811.78179283339,31.7488990041928,46997.10380835769,60.852962089069734,58448.61762489279,47.42131978010409,68438.82219155671,33.02588198079998,0.0644481046396722
19876.7638664475,386.7960656519016,35392.10542580779,131.9618574530763,48152.518700086686,81.81436320911025,58994.69129397793,58.62539813925533,68231.40559721424,57.7124408535857,0.0259890777972056
23032.20939345555,144.84285457346795,34981.74943312211,144.74931695987186,45546.102881636776,124.6178011670144,56141.46493876633,104.66045086749975,65345.57975519319,102.9391892891947,0.0366898328574197
12557.39819249202,175.3540681915168,21053.29970684385,93.82987943526842,33081.856785910895,139.9810729615941,43831.06581896738,167.48094980660682,52909.90963349622,181.7972162171857,0.0995556796746169
12858.660680677585,247.5064508852707,13455.527121024505,113.99503569527882,19337.507090197483,151.55893084962952,27015.243330739402,188.92152231428847,34786.043057542,209.31047540543796,0.1614825624932053
9223.089392788432,142.95550022764036,16847.574266129264,238.80576140276915,25875.445333624957,233.01821208363984,33320.4285240592,227.4731983548806,39065.04682219526,216.26360768273858,0.2970265946183076
16137.620064720662,218.46048298565654,26542.905072495196,70.47384585474158,38874.45038648796,119.97950786098734,47634.20018821252,146.04616939663637,53458.9125283628,158.17269328692043,0.0790843741854739
10335.897849848856,162.01495593548722,26384.47328250421,116.52841409131098,43095.93085017605,52.61649827995344,54476.61756435625,44.09992898438911,62015.400117945064,75.50758121604903,0.1087457975572818
20191.170252855496,224.92840764385898,30331.642550548753,56.669466675872314,41258.02630800793,52.609093009869774,52673.922248294766,43.602601839452745,63511.15765199134,41.064497180790816,0.0070647370641898
17489.699484166456,333.67796599130463,27881.453134663025,140.43862405494733,39746.92019451308,69.72852034604627,51808.3507291861,41.392238889694006,63132.9859290311,36.93964563179454,0.0232926875946853
15952.61737556839,321.2159483261591,21270.374848704992,151.16463725240962,36503.43411510849,78.57589259554737,51299.59660504567,43.32057605630836,63684.4443195638,37.415566737020846,0.1680681485272288
17328.334637173943,278.08571029742023,23138.150531670617,160.96582807561632,37985.29204426298,102.46221265558768,52315.094605384955,57.19633688859022,64424.21654462122,43.20465938525221,0.0489134168112084
17948.24134538079,270.3373988471848,32754.383109827464,46.28028632568142,46477.750822632865,66.48077425492161,58163.256926614995,52.61627106236818,67839.2577520047,50.21645225090255,0.0336630915279872
23479.16314308139,131.7996550335971,31657.706453397106,168.52080939830515,43027.70853147532,134.35348743145653,54377.803285487644,115.17827178657507,63600.77544455153,116.92657898505044,0.0020298702455593
17080.600609237357,165.49323480040547,27656.219903348865,136.7750532531438,37118.254311547644,163.51337269418727,44148.241152255236,174.21272352424432,48926.66651950959,178.2796343907944,0.3714769619402791
18883.518222147384,352.9083780355256,30896.46211037861,159.07220028996343,44227.07383890174,30.488148914334094,55025.07356570119,33.766951683636464,63083.54065512144,65.02720069985759,0.0241408634159797
22613.331900503596,116.13290324281503,31081.40697392559,56.22689740641591,40829.50630571244,61.75280591038954,51811.456552509786,56.980387876711404,62289.82997944656,62.45106579624478,0.0688641936391575
19641.152576668628,474.5002324891471,31392.98845012858,123.1470135113112,43178.56913014796,83.99881962561831,55420.357934005355,66.90765240330548,65841.14585459957,62.488756057881226,0.0560413112169518
26070.578081515472,249.68491342555507,33046.48820765656,25.598414515291218,44455.72970208727,62.95635631119467,56332.02736765876,62.09846157469754,66279.84894540253,64.34489564700618,0.1188268275864676
23011.608022831508,228.37113665083965,27393.7966063886,182.3999721577523,40266.892531646336,130.62750840046624,52348.09267381878,121.66591250300175,61502.48824305257,129.68766475125852,0.0372106165671329
19050.3705315853,420.4810192056189,25949.77172716981,162.99220089078403,38381.147809239184,124.94586403319447,49955.280738543785,133.83382096878424,58932.996860306186,146.83814657607837,0.0499981383002296
13246.414229065465,240.43026863735795,20896.743921992525,84.14814210444878,28810.338898036603,121.71643434234961,36654.18878035195,171.11257557273123,44248.043003461025,196.71841603965035,0.01621049378202
19155.614345736827,174.20848781191424,31634.15138934219,104.38817642271692,41557.511990566614,106.42386191336239,47907.69478179282,130.5050575907348,52010.62971739387,152.2169738347393,0.1219196994801076
24910.815043499355,331.7870339589597,35495.41596992427,145.76077854082672,45041.69037034403,19.485316845556614,53883.603828339685,59.98898024193371,60561.58229620852,93.30278078918687,0.0931499077330203
25503.666641890577,293.6844678309256,34413.74575508507,141.60186027523469,44442.28579095603,34.943898717313324,53785.636726034376,68.19161065941972,61176.95763445297,92.58278839929164,0.01588342059124
16175.368515211027,234.16057991103537,29848.189842261014,42.8490564521857,41874.123165643636,61.195481222527,52014.01621098631,81.28829342582347,61072.510397542996,93.5860411512699,0.1092383899038357
23208.28917178278,69.32088190568906,31316.999715672493,45.70401732010467,39933.44833184841,71.14457407154678,50425.85605515533,73.69913411528135,60461.648798545495,86.33554172087472,0.0065343870730881
29041.33597627412,150.14868024068193,32672.810929319752,46.64090791317605,43227.53085836607,49.99331323858989,54831.838818308155,67.15015954742698,64450.856981223085,83.23572579690146,0.1393262447048192
21030.74451930527,521.2675453410307,30442.703541947747,151.1030037435628,43251.42532311589,59.5516118537669,55035.96521971511,71.76292568956693,64369.873484522395,89.43416055283718,0.0236022045362641
16485.61502309023,403.6748625074183,23095.10571169127,155.45029138706465,37694.28478363518,114.35121287285148,50146.32317475524,125.72685068889652,59054.27745276007,141.61796536831085,0.633441036608482
15166.35717846912,305.2290449065306,22476.455078514056,33.77238510044537,30741.54676653538,97.6241163940682,38693.881534872045,159.48732111768527,46016.62969679896,189.40295722757756,0.0171572899907044
19514.989486650626,347.6033269226213,29389.021070423154,187.2373169616414,35148.8025898172,186.4442524122536,39265.200183375855,190.851511351924,42436.429843496044,190.05335713377818,0.0444492961439623
20731.288433936923,109.10625790886246,33339.937196132065,37.71883874306672,41940.43506817526,90.19553862966653,46977.002077704994,130.43975111234852,50305.51266945052,155.76591399865364,0.0030863995141995
21663.545977793012,259.28748686323456,35277.126333558386,81.35500229998227,44571.5519629598,43.80477429069105,50980.62083116099,92.86411462969144,55472.70896215045,127.9487225927884,0.0954342699243042
25214.694882210446,217.23712556509344,37043.11487138167,73.16639339620046,44776.85971040854,48.93607542035925,51743.60159628648,93.21949508404086,57033.81856534769,122.24848625281246,0.013446644794485
27396.04006480554,265.69102818654045,35739.94813513325,126.7150186650612,43378.95481754799,88.27216238678365,51612.755567935994,108.78423170137346,58516.8758241893,122.49134002730196,0.0101512285955873
14800.559595618557,138.3772607425183,29134.327736604202,118.26907064958814,40946.428087185464,106.0939542822126,50416.24720595898,114.68771620603,58600.10765706664,123.39365141282558,0.1136692761780047
19734.980963147893,229.69721918531914,29320.155002304455,124.64938501176854,39249.32463264141,95.32808662166752,49070.71350414687,103.80022068629859,58180.24278718618,116.73204480582109,0.03877528139257
21079.998522811322,151.00806418896056,28446.5972938026,121.45878376011277,37295.21668291145,73.62315906494365,47945.36375868099,81.59952319083591,57935.607705934526,105.08488447552506,0.0378880699942941
17058.340101274796,236.73100598186227,24824.31871324017,172.2726540316479,35865.27664392073,66.23195216577685,47577.84347531655,69.4613738074081,58019.64608129124,99.60468117948787,0.0403770556123909
23476.410096147447,320.04478823227623,31006.302683688897,101.58062104930092,41388.42733874022,63.04590924479173,52562.74759516221,72.95046826054421,61950.982245066865,99.00056424627759,0.0361819810331509
24978.122937507014,371.2097860079776,31691.28258845469,67.1210947624664,42292.74852114492,35.52265412523492,53136.80613318494,73.41426407849308,62130.74175772703,102.80305478478753,0.0301011201923309
21793.925843069956,125.40893788772227,22736.983369461508,46.168346366026555,27303.924774385225,118.60541389166953,33199.94862437599,166.95895893853495,39377.87429218277,194.63680640158015,0.0481391866866756
17932.010175270563,305.05346701106083,20515.364096673336,138.09792539748946,24176.594503465836,146.26344169197932,29347.2807749268,174.21141870167406,35179.056333878296,196.02903041668563,0.0619874386532555
8804.241698580094,131.3850063621867,11621.897290869698,188.4662820074833,16252.039872219364,172.79149722183408,21130.64611852161,175.4777280462912,26611.461924821142,188.00059666939154,0.0632756900756114
13830.478254383275,338.41201228158286,20079.95825301297,288.91507394992783,24421.68792058504,239.07667365248318,28148.520378545327,216.10987057021674,31488.09254693004,201.04261285881094,0.1260888426504902
23527.117010485836,101.85238231977225,30786.26100511111,120.59410109076914,34969.70873689415,173.75699174284296,38034.516665637115,187.84051916071144,40608.38003932341,188.87225100909393,0.110903471027758
21568.175167545483,238.61185630566874,32496.698875412563,54.286879918082775,38563.38051193772,130.70257097689043,42000.46607680185,164.06827460021415,44540.97093138111,176.7449444758428,0.0162341043215357
21632.540403702173,226.83435483688558,34068.2707428423,142.4505129867366,42776.31711132214,108.8295383997615,48420.27950836402,129.23316458506503,52506.329365831865,149.68505271158816,0.1572521438595628
28024.112845588228,165.16253018253667,35896.328323053734,156.0354259659162,41887.20843384619,141.52864133754053,48838.441013011776,144.21768285296508,54682.851666192095,150.33792531387675,0.0081560209092772
24348.674644679504,412.22758603684025,33521.34828495999,214.55886817234995,40625.6940367246,155.9172537533294,48406.84992351244,150.53087529720446,55090.95007378345,152.29082377339358,0.3008553747720355
16997.225756810174,282.3858930845904,26763.016281247776,153.07691907110032,36259.30646016631,100.44438510196461,45883.08030140863,116.36375222046959,54915.91914848802,135.92665539502968,0.0706909237636071
12558.485802669085,192.46669887822395,21535.710293362958,136.2721328057146,34291.95034931508,30.39730925448961,45784.005757253406,75.56404206851127,55642.1112227716,118.46334552006614,0.2255246902461649
14323.897489238667,224.21386753771478,23386.92925162184,175.7467429623382,37105.13808640014,84.11301174356892,48886.97683572284,79.926811917071,58271.67966821141,115.25825831587375,0.0788528853838013
19061.468567761665,282.4446773755864,30376.637068096465,74.74347637368253,40868.58698038654,54.36694949426305,50784.956734669344,82.47774099743026,59242.99248139623,119.27768487904906,0.0191172347603379
18970.29028312496,263.4585240857003,21451.186006434833,99.97606427415259,25980.787146310202,126.34206499983672,31164.670764053546,167.098549857674,36706.554219787984,192.79181096080623,0.7505894782761042
21569.102348203593,126.01528685362005,26583.30353654942,200.39266578517402,29017.28729001001,209.84281560963584,31568.99975110301,203.98528759702907,34082.11797692283,195.01582996004126,0.0430842679555619
13386.705659797639,277.00117551633144,28822.88036663516,199.2067240773795,39107.822188292135,158.033831425629,43856.57018827797,162.86034781559601,47069.10488409854,172.740154801758,0.0945178271332545
22710.41079005012,293.13615585094146,30610.362079194005,265.8475574955603,37668.16889906139,205.55550999463475,44740.34438771311,183.81074773352915,50618.551269331,177.13327814838846,0.0635832689195214
14796.31486156913,134.17497474981266,24924.539557083786,137.10997299529342,37043.585903568965,71.73646578840848,46993.944732884425,95.48093953357508,55192.75657371902,136.54426996719866,0.126246570264445
12801.645625638588,305.2252866226937,24481.232165877205,162.22694458686416,36998.82567214285,93.08845455112008,46336.791494090445,132.75012020213455,53420.03416452472,162.81728258756408,0.5100128427379949
13204.501018065272,238.1736476562531,20179.864092617805,46.91024417910152,31324.718233058727,82.37541132113893,40255.3422939429,151.1139964503131,47008.82155859538,181.96699493902085,0.1111512480015872
12014.486539998155,205.53294491166753,20431.413796625857,66.53260163192317,26631.166635879545,114.64466810410647,32094.50171768961,163.6737751303574,37496.82923468479,190.9360489567774,0.0363761367575495
13740.919934516049,330.8407289192993,18764.96684238728,273.7306052134022,21782.189176582415,225.97017306346214,24658.06304098665,204.328556710252,27460.39447383836,190.26462706619193,0.2181110405571075
19356.71525373292,165.9479218113528,26797.604070382713,168.66372001328804,30319.715220161073,195.20718257665013,32811.138227768184,197.27593787966015,35071.588722745066,191.74568819146663,0.0854807757434847
15239.333637706359,336.05452114915494,23576.45975013577,290.57838677957994,32152.621047134817,243.78779169562048,39769.89545741311,213.69953770109356,45928.794902607486,198.66013101582828,0.0117356924406887
9871.435658470866,79.84542786427689,19909.414005575803,171.26907971934978,30233.930821597532,150.0305829094643,38869.21841574824,164.62476057598124,46997.35603070952,179.34079817718984,0.0446565679852475
13759.41538334295,187.75830725370605,25205.328076094786,86.64275917746178,33349.14519219924,48.20289465974924,40977.110821026705,124.60720037554093,48695.7093644342,162.6630493894952,0.1020654652659737
16894.045751598544,238.07952841505082,31023.496025155895,31.509984845325818,39344.532993049856,78.57532681187575,45866.57311061883,132.8421755663523,52104.698058505586,165.60786076171297,0.1396705954931146
21553.15194375114,321.949620123156,29824.00411832113,113.08599692865583,37610.004636481266,98.33177762059627,44538.157080742836,146.25723220356696,50727.19488975967,174.42085065708673,0.1046576004205505
15531.479371429936,141.54996499940754,21052.346700737045,29.28609337740964,29669.302639427046,103.99490304067056,37112.34194640877,163.7820811574293,43190.38533164934,190.10714215771407,0.0102134958159875
16982.362672034855,185.35311557304382,22244.200640189807,208.17003221725201,26147.77541666429,212.3752596574181,29010.556988562246,202.9573672559835,31526.880947553895,192.46723827103963,0.0519336985853199
8440.99047220892,110.21992689170436,13158.477696921269,217.72824021138044,23444.801919483838,233.67411981337136,33188.93827506154,223.49312067764328,41137.83824589938,212.85029155142,0.6208685205845705
18207.824145314753,201.3851668291091,26403.191472705228,50.82936261415319,32441.01752452089,83.3074091248073,38600.59188715528,147.44617191339987,45272.81522787875,178.76183830368595,0.0078365039875196
15185.35155494639,166.14477975625942,25563.24663278428,29.765881683006157,33630.0650916817,94.6941621351944,40403.467847589636,147.41240082891522,46787.579348375184,177.50822356313404,0.1001638775533991
15435.845080889005,126.79698853168699,27476.959506535943,85.51935958825334,35522.18505346241,125.30528225075392,41826.64670214611,155.58634709667433,47770.73762133329,180.0467439458449,0.4027134889528478
19785.21410705472,179.76751268385888,30277.05312117491,92.31488821729053,36720.96532439438,133.99605213822255,42161.97623709269,164.33180212998306,47730.618553528126,184.98049254812065,0.001296847904602
25783.75386074099,112.26154629822678,30390.49670396453,83.95323236901781,35172.49074275034,139.85693098145669,40731.0482866553,172.90681729204246,46291.41646183081,190.94481410408574,0.1045083055348244
22738.856136972998,330.48195111331324,27983.47958108151,132.63295374688812,33386.63740728882,143.85700667050838,39352.191931260735,176.30500111853647,45003.32307655336,193.60202679535038,0.0392875851009114
15054.569917266193,99.24900348401029,19765.80048448701,79.44364357332132,25487.73542876786,138.12834897601797,31201.530610957303,176.40945737729118,36497.315890793325,195.18835646314645,0.7125310397588643
14222.032042388802,115.36557688700091,18012.74753256838,180.16167772801546,23027.55088367443,216.41322260991672,26897.208429582988,207.75936438043655,30045.677692153396,195.344759374349,0.0901956392510665
16941.332151266874,361.7656187767908,20693.57494631917,216.11939592357317,25112.77347791325,184.71595954146431,31151.34603870144,190.38112777519126,38120.307292938494,200.488523228168,0.5146781969496179
22620.326461322446,219.37212300675006,24595.670063139343,146.07826223475908,27292.55846147149,166.38344039646316,32423.844449624794,183.64284526349786,38949.69852595528,197.4624603753369,0.0773782084043723
18817.882732828853,247.55553977576702,25622.477212243466,110.4854235426957,29691.62563852593,142.33469351604305,34680.28715345192,175.05340395660744,40678.48754386177,193.87633107567828,0.1625379154749669
18511.986347227572,108.80554942643103,23997.356563779067,148.20354760965776,31142.848814718287,167.07818970371278,37081.829757302265,181.7032333441691,42721.526012566195,195.23578748731256,0.6347364437745783
19924.422843943834,254.1285896194748,27731.08857679403,203.87218329438315,32296.09831855081,192.74987689278026,37167.27859358074,196.41149333495775,42363.37342377233,202.55052105132313,0.1175469085981914
20269.724864094296,296.6231989321902,25222.518787539346,213.4220387725903,29695.22411146385,189.89376427777833,34924.120048366305,197.86733181363397,40232.66671088768,204.45164742220425,0.6819449807445347
15337.431064155944,160.29171386785742,16172.864536919371,150.20185895990042,20326.94354885165,164.56768583745722,25031.577000535333,180.05419836263283,29782.584852116634,190.96024559792363,0.5392546463170336
13093.304743277758,239.34182127279252,14642.112194138641,150.1783844917686,18396.81516163083,162.9761960969129,22615.61522819003,174.48523336741155,27072.620847498638,184.55424041687897,0.8379454974569167
7518.635524803355,76.70666540637127,7293.558177254923,107.56850371051803,10958.07720173762,142.50791171976175,14611.410237773009,149.0051492889106,18467.127560596473,156.57716720877661,0.0536303189574703
11762.104758380481,147.12444257078116,13534.16129640683,157.43965363547093,18328.66659655294,207.01005365908114,23149.534828193602,207.855329721183,27233.017311337335,196.94201768166795,0.2021727078788585
8681.09857676291,116.74641799122013,10728.264352086513,140.25053019472236,17225.351323738854,209.40085490462258,23688.179386158365,217.87830850210696,29202.355493358253,208.2761084344181,0.3588025125606937
20767.712885020803,366.60405189279754,20851.658343889518,229.30853144341594,23123.045758718155,198.33877190487956,27821.924877566682,197.11255904862747,34000.370114541634,203.6282606761313,0.0173345411226317
19666.427093599697,374.90316344970364,22144.937377234342,220.7193085527997,24668.240048042266,192.80426785206708,29068.99089940958,195.56438680912348,34905.91742097296,203.02086475689543,0.2870515230407766
13830.720771607743,300.4865011074571,19135.918189405005,233.04520086343354,26371.140385934497,213.2752032080964,32252.54765544932,205.225673509847,37704.35621093605,206.47139417172082,0.7303374063912398
12368.146882137702,271.8509274039113,20773.13073600963,280.0480781912978,27228.048833954905,235.41542677865652,32550.6770087166,215.53890187201753,37768.07717050854,210.94952747175793,0.4091636987865867
11449.552812131338,257.85202651452255,16983.56973295582,255.02810619556217,23068.065905604144,216.088120987297,28509.83255922193,208.10722223266683,33782.76033249333,207.68110343736683,1.0375815583337749
