,density800,density1200,grad1000,dipole
0,-1.572354903970567,-1.8790751385568738,-0.9305299909806893,0.0055332587754482
1,-0.8614497612179169,-1.3687831680222593,-0.4791143385395309,0.0022894392720515
2,-1.572354903970567,-1.3687831680222593,-0.9606243678424383,0.0028202706837453
3,-0.8614497612179169,-1.8790751385568738,1.3265482711395695,0.0263547174250458
4,-0.1505446184652668,-0.34819922695303057,-0.7466199102638525,0.0216666916057743
5,-0.8614497612179169,-1.8790751385568738,1.3265482712464862,0.00870964127675
6,-1.572354903970567,-0.34819922695303057,-0.9305299909165393,0.0006903217470908
7,-0.1505446184652668,0.16209274358158407,-0.3398625198604004,0.0083311854354938
8,-0.1505446184652668,0.16209274358158407,-0.7351835536332144,0.0096355776726594
9,-0.1505446184652668,0.16209274358158407,-0.9889690624161522,0.0314431925403671
10,-0.8614497612179169,-0.8584911974876449,-0.8402468603400902,0.0158611090251435
11,1.2712656670400333,1.1826766846508128,0.8338344290444311,0.0251567904485705
12,-0.1505446184652668,-1.3687831680222593,-0.365544610435442,0.0029541813027159
13,0.5603605242873833,-0.34819922695303057,-0.3697421658024466,0.0154758266937526
14,1.9821708097926838,1.1826766846508128,1.224666479011831,0.0004549698372322
15,0.5603605242873833,-0.34819922695303057,-0.7613376037890951,0.0030355922775743
16,-0.1505446184652668,-0.34819922695303057,0.379718290851902,0.0098432254646428
17,1.9821708097926838,1.1826766846508128,1.8197513524413467,0.0274920629833098
18,1.9821708097926838,1.692968655185427,-0.4069282960340885,0.0055210182703898
19,-0.1505446184652668,-1.3687831680222593,-0.36554461037464864,0.0042657762370335
20,-0.1505446184652668,0.16209274358158407,-0.8741399857966399,0.0051529940156456
21,-0.8614497612179169,-0.8584911974876449,-0.780058106780991,0.001226929010261
22,2.6930759525453336,1.1826766846508128,0.34438590769982047,0.0093629672869834
23,-1.572354903970567,-0.34819922695303057,-0.8183345847419677,0.0078568773777297
24,-0.8614497612179169,-1.3687831680222593,-0.780058106879273,0.0195032897508798
25,1.2712656670400333,1.1826766846508128,-0.18993602609333202,0.0592290121922222
26,-0.1505446184652668,-0.34819922695303057,-0.9954126056839584,0.0149566105193388
27,-0.1505446184652668,0.16209274358158407,-0.2844382927765427,0.006745772574865
28,-1.572354903970567,-1.3687831680222593,-1.081001874940211,0.0158007388168889
29,0.5603605242873833,-0.34819922695303057,-0.5980022123835909,0.0123240009582003
30,0.5603605242873833,0.6723847141161983,2.3648966557794306,0.0667638784503625
31,0.5603605242873833,0.16209274358158407,2.0311281240310692,0.0008372801139082
32,-0.1505446184652668,0.6723847141161983,2.4031450868652535,0.072045485839137
33,0.5603605242873833,0.16209274358158407,-0.7184281939163786,0.0128452676488598
34,1.2712656670400333,0.6723847141161983,1.6362769669179518,0.0239497426650781
35,-0.1505446184652668,-0.34819922695303057,-0.2364093698073355,0.0090371753182488
36,1.2712656670400333,1.1826766846508128,1.83976358044673,0.0254020546472335
37,1.9821708097926838,1.1826766846508128,-0.7531043280989769,0.0381784236417925
38,1.9821708097926838,1.692968655185427,1.1038051759557983,0.029521649510067
39,1.2712656670400333,1.1826766846508128,1.5743813538877536,0.0041718341790423
40,-0.1505446184652668,0.16209274358158407,-0.38316322727847835,0.0039635758312968
41,0.5603605242873833,0.16209274358158407,-0.9166483051527459,8.486025381701512e-05
42,-0.1505446184652668,0.6723847141161983,-0.21965054929684233,0.0287434161464814
43,-0.1505446184652668,1.692968655185427,-0.25770128903010453,0.0006846167992695
44,1.9821708097926838,1.692968655185427,-0.5190278468844145,0.0152827463197258
45,0.5603605242873833,-0.34819922695303057,-0.4627791389733408,0.0317996748025568
46,-0.1505446184652668,1.692968655185427,-0.38977491176851986,0.0298782982567872
47,-0.1505446184652668,0.6723847141161983,-0.3873056854983669,0.0067628721476875
48,-0.8614497612179169,0.16209274358158407,0.3797829648591461,0.0307618560743748
49,-0.8614497612179169,-0.34819922695303057,1.434793243468133,0.0142410280264394
50,-0.1505446184652668,2.2032606257200418,-0.8025543846051891,0.0992434428415669
51,-0.1505446184652668,-0.34819922695303057,1.0394987684819208,0.002915212676061
52,-0.1505446184652668,-0.8584911974876449,-0.4381391361170676,0.0048335395076255
53,0.5603605242873833,0.16209274358158407,2.1976332824199356,0.017738549782111
54,0.5603605242873833,0.16209274358158407,2.223143745453795,0.0637052846920759
55,-0.1505446184652668,1.1826766846508128,2.246000163959192,0.0350101602337471
56,-0.1505446184652668,1.1826766846508128,-0.9393812782097674,0.0318464137072623
57,0.5603605242873833,0.6723847141161983,-0.5079361327861277,0.0007881206153671
58,-0.1505446184652668,1.692968655185427,-0.1412530476093419,0.0180582308072519
59,-0.1505446184652668,0.6723847141161983,-0.3257457208751714,0.033708606088196
60,0.5603605242873833,0.16209274358158407,-0.3653430111477989,0.0806975718139072
61,-0.1505446184652668,0.16209274358158407,-0.473979310552934,0.0018132693436589
62,-0.1505446184652668,-0.34819922695303057,0.41103776596339764,0.0262501229937507
63,-0.1505446184652668,1.692968655185427,-0.7378197815252742,0.0384695336089661
64,-0.1505446184652668,1.1826766846508128,-0.18899246830219568,0.0181820451775303
65,-1.572354903970567,-0.8584911974876449,-0.9472490891170127,0.0498950424070826
66,-0.8614497612179169,-0.34819922695303057,-0.9429119096482392,0.0017829692911688
67,-0.8614497612179169,-1.3687831680222593,0.12277319789854325,0.0145726238966878
68,-0.1505446184652668,-0.34819922695303057,-0.49520981589650453,0.0113614019026742
69,-0.8614497612179169,-1.3687831680222593,0.12277319814802823,0.0002310643827835
70,0.5603605242873833,-0.34819922695303057,-0.8958057099824667,0.0123486830485671
71,-0.8614497612179169,0.16209274358158407,1.3647584071600851,0.03074272025403
72,-0.8614497612179169,0.16209274358158407,1.1966670400358912,0.0907605897113538
73,0.5603605242873833,-0.34819922695303057,0.7579565833833318,0.0458542712701098
74,-1.572354903970567,-0.34819922695303057,-0.8807201062376895,0.0081961191287521
75,1.2712656670400333,-0.34819922695303057,-0.24723084836979514,0.0251570878797005
76,-0.1505446184652668,-0.34819922695303057,-0.9353825749883508,0.0107574507022673
77,-0.8614497612179169,-0.34819922695303057,-0.3984213908346136,0.0060217107010389
78,1.2712656670400333,-0.34819922695303057,1.0469919178293203,0.0662197056512809
79,-1.572354903970567,-1.3687831680222593,-1.081001874940211,0.0215247004409936
80,1.2712656670400333,-0.34819922695303057,-0.24723084827894548,0.013221191752376
81,-0.8614497612179169,-1.8790751385568738,-0.7800581066751489,0.0
82,-1.572354903970567,-0.8584911974876449,-0.791095863235582,0.0112930048153886
83,-1.572354903970567,-1.8790751385568738,-1.081001874940211,0.0222081273035799
84,0.5603605242873833,-0.34819922695303057,0.7579565835061686,0.0105877747806437
85,-1.0290506262149297,-1.5182973931403503,-0.7837852988677464,0.0219621918558721
86,0.3858939848305993,0.6937915240177759,-0.22505550530791082,0.0192766029109604
87,-1.0290506262149297,-1.075879609708725,-0.7364581813952958,0.0223859573916343
88,-1.0290506262149297,0.6937915240177759,-0.5646788642351818,0.1223739819263417
89,1.8008385958761286,1.5786270908810263,2.747025051236158,0.2773906196850023
90,1.8008385958761286,1.5786270908810263,0.05077260333800265,0.1778021619692798
91,-0.32157832069216524,2.0210448743126515,-0.26620514660981864,0.0021001633830027
92,-1.0290506262149297,-1.5182973931403503,-0.7837852991231099,0.0121473962999926
93,-0.32157832069216524,-0.1910440428454745,-0.5601256605400887,0.0492047663681213
94,1.8008385958761286,1.5786270908810263,-0.40707547975791786,0.2099495373750533
95,-0.32157832069216524,0.2513737405861505,-0.8967518914579509,0.09398572027106
96,1.8008385958761286,2.463462657744276,3.2324331399546633,0.0557806734492772
97,1.8008385958761286,2.463462657744276,2.946183332705409,0.3847674801829033
98,0.3858939848305993,-0.1910440428454745,1.8775046772730228,0.0042267750035978
99,1.0933662903533639,2.9058804411759014,-0.6712395939381309,0.0270420217960121
100,1.0933662903533639,1.1362093074494009,-0.8379770623923146,0.0071450675738442
101,0.3858939848305993,-0.1910440428454745,0.8622960646563474,0.0121110094339016
102,1.0933662903533639,0.2513737405861505,-0.018055030897488906,0.1119520795622634
103,1.8008385958761286,1.5786270908810263,-0.16523442770815663,0.0088882305739481
104,0.3858939848305993,-1.075879609708725,-0.3692353482737459,0.0359146131538898
105,-0.32157832069216524,-0.1910440428454745,0.7094773062650275,0.0336833408165157
106,1.0933662903533639,0.6937915240177759,-0.2684622645272174,0.0194211294370016
107,0.3858939848305993,-0.6334618262770999,-0.10440568083082782,0.0058707780196512
108,0.3858939848305993,0.6937915240177759,0.13714034127995883,0.0460655994882833
109,1.0933662903533639,-0.1910440428454745,-0.49451881320294655,0.0173095901149609
110,0.3858939848305993,0.2513737405861505,-0.7837852989195593,0.0268503695599853
111,-1.0290506262149297,-0.6334618262770999,-0.7545035585115819,0.0471952421755425
112,-0.32157832069216524,-0.1910440428454745,-0.31866135409875856,0.1398370124364039
113,-1.7365229317376942,-0.6334618262770999,-0.898617943831672,0.0480543903315768
114,-1.0290506262149297,-0.6334618262770999,-0.7179013827438787,0.0321019937347256
115,0.3858939848305993,-0.1910440428454745,0.01744109412517801,0.0042953387504887
116,0.3858939848305993,-0.6334618262770999,0.8622960647014425,0.0467964549195467
117,0.3858939848305993,-0.6334618262770999,1.9979765982152278,0.0073839826273776
118,-0.32157832069216524,0.2513737405861505,-0.3585071281082448,0.0688742957007396
119,-1.7365229317376942,-1.075879609708725,-1.0473209642792685,0.0018087335600153
120,-0.32157832069216524,-1.075879609708725,-0.6960100739803319,0.0075142386989838
121,-0.32157832069216524,-1.075879609708725,-0.3263417158817653,0.0219377019677009
122,1.0933662903533639,0.2513737405861505,-0.7843240669093454,0.0851690967572221
123,1.8008385958761286,-0.1910440428454745,-0.7772951823003502,0.0157502045091956
124,0.3858939848305993,-0.1910440428454745,-0.7837852990120823,0.0242616482167693
125,-0.32157832069216524,-0.6334618262770999,-0.2578049558839596,0.1065995122773013
126,0.3858939848305993,-0.6334618262770999,0.248160254578914,0.0356522463372218
127,-1.0290506262149297,-0.6334618262770999,-0.9374431395790147,0.0035116455555241
128,-0.32157832069216524,0.2513737405861505,-0.3884818008675258,0.0531474365254324
129,-1.0290506262149297,0.2513737405861505,-0.6161119744059684,0.0192214310853006
130,0.3858939848305993,0.2513737405861505,-0.009756917897230634,0.0676815033215227
131,-0.32157832069216524,-0.1910440428454745,-0.4437196372446809,0.0032924414428935
132,0.3858939848305993,0.6937915240177759,0.9726975681189003,0.0683706120420291
133,-1.7365229317376942,1.1362093074494009,-0.5733363219267658,0.0357551682448564
134,-1.7365229317376942,-1.5182973931403503,-0.94545864076315,0.0008511511522281
135,1.8008385958761286,0.6937915240177759,1.6379383276700221,0.0875329322917941
136,-1.7365229317376942,-1.075879609708725,-0.8922999847640146,0.0089737468490805
137,-1.0290506262149297,-0.6334618262770999,-0.4573676467783411,0.0599240323094464
138,-0.32157832069216524,0.2513737405861505,-0.5238077471559807,0.1401059530512932
139,-1.0290506262149297,-1.5182973931403503,-0.4665583490844792,0.0367428580713532
140,0.3858939848305993,0.6937915240177759,2.1511013459322714,0.2834747313367232
141,0.3858939848305993,0.2513737405861505,-0.627591127145825,0.0810600073800711
142,-0.32157832069216524,1.1362093074494009,2.2127475193931248,0.1679303401781019
143,0.3858939848305993,0.6937915240177759,0.6139678825392829,0.0222502385502583
144,1.0933662903533639,0.2513737405861505,0.32357978042882396,0.0587367848713729
145,-1.0290506262149297,-1.075879609708725,-0.53119484741169,0.1074798150014537
146,1.0933662903533639,1.1362093074494009,-0.6931211653704795,0.1177600112006549
147,-1.0290506262149297,-0.6334618262770999,-0.48244061233465574,0.0537369556403823
148,-1.0290506262149297,-0.6334618262770999,-0.5374860030463493,0.0211909679428597
149,0.3858939848305993,0.6937915240177759,-0.250695734700552,0.0692949554119011
150,-1.0290506262149297,-0.1910440428454745,-0.43336071222166217,0.0297662558944172
151,-1.0290506262149297,0.2513737405861505,-0.7650007050782646,0.0236793347913705
152,-1.7365229317376942,-1.5182973931403503,-1.0473209642792685,0.0232449616676513
153,1.0933662903533639,1.5786270908810263,-0.0012994036436258752,0.0005322806003338
154,0.3858939848305993,1.5786270908810263,-0.2532204713180913,0.0560394506191271
155,-1.7365229317376942,-1.9607151765719757,-1.0473209642792685,0.0316956247820302
156,0.3858939848305993,0.6937915240177759,-0.6516210296757221,0.1485604834858375
157,1.0933662903533639,0.2513737405861505,-0.026002938923904366,0.0051212777284476
158,-1.0290506262149297,0.2513737405861505,-0.5601213592039592,0.0923526989082575
159,1.0933662903533639,0.2513737405861505,0.5482227713414606,0.0378697610549619
160,-1.0290506262149297,0.2513737405861505,-0.6998473063917732,0.0850863281922479
161,-1.7365229317376942,-1.075879609708725,-0.8842352053140611,0.0146768602533205
162,-0.32157832069216524,0.2513737405861505,-0.38618420360389183,0.0494705204336365
163,-0.32157832069216524,-0.6334618262770999,-0.3549344175718777,0.0070796483398544
164,1.0933662903533639,-0.1910440428454745,1.3868053784547287,0.01614576588097
165,0.3858939848305993,-0.1910440428454745,1.8386217014214297,0.0576541390223725
166,0.3858939848305993,-1.075879609708725,1.1173620870947354,0.0714840273663003
167,0.3858939848305993,-0.1910440428454745,1.9260600646723083,0.2297943462877267
168,-0.32157832069216524,-1.075879609708725,1.1294088512637686,0.0524813686779951
169,-0.32157832069216524,-1.075879609708725,-0.15297142806446798,0.0148166142516558
170,0.3858939848305993,-0.1910440428454745,0.0030944893735961637,0.0477022579743014
171,-0.32157832069216524,-1.5182973931403503,1.83925082757563,0.005601112982978
172,0.3858939848305993,-1.075879609708725,-0.09134389003624523,0.0328312890253637
173,-0.8691883705947525,-1.3506488422000498,0.3188342819961516,0.0139516041663058
174,-0.3649630727359182,-1.7765291077586238,0.414577818440894,0.0114305938108196
175,-1.373413668453587,-1.3506488422000498,-0.918686749633321,0.0645847581362959
176,-0.3649630727359182,-1.3506488422000498,-0.20116681497640168,0.0041722773199011
177,-0.3649630727359182,-0.9247685766414756,-0.18475454123547178,0.0170745538131522
178,-0.3649630727359182,0.3528722200342469,-0.43942620286284095,0.0152744012254999
179,-0.8691883705947525,-1.7765291077586238,-0.7973024690228198,0.0190046795028005
180,-0.8691883705947525,-1.3506488422000498,-0.8054027672576198,0.046828754839477
181,-0.8691883705947525,-0.9247685766414756,-0.6324882801587436,0.0028313417862278
182,-0.3649630727359182,0.3528722200342469,-0.5230652634512694,0.0095714591542517
183,-0.8691883705947525,-0.9247685766414756,-0.9001557924658176,0.0249367801564887
184,-0.3649630727359182,-0.07300804552432741,-0.37063047965304674,0.1051883620534293
185,0.6434875229817505,0.3528722200342469,0.5547894525568996,0.0016931585303935
186,-1.373413668453587,-0.9247685766414756,-1.0177934395388732,0.0053016364998586
187,-0.3649630727359182,-0.4988883110829013,-0.49734913970814576,0.0263667965832578
188,0.1392622251229161,1.2046327511513952,0.6723387717861967,0.0080044743115405
189,0.1392622251229161,-0.9247685766414756,1.3101227208441935,0.0946888308694857
190,0.1392622251229161,0.7787524855928208,0.6855974061785971,0.0835240488452271
191,-0.3649630727359182,0.7787524855928208,-1.1279411648080218,0.0636619733996581
192,0.1392622251229161,-0.9247685766414756,1.269549726031841,0.0011149386698195
193,-0.3649630727359182,-0.4988883110829013,0.5056983547442918,0.0089925914203849
194,-0.3649630727359182,0.3528722200342469,-1.0415361689274245,0.0148514357904366
195,-0.3649630727359182,0.3528722200342469,-0.8527451529705423,0.0231051484204134
196,0.1392622251229161,0.3528722200342469,-0.49318067282951056,0.0343333295019325
197,0.1392622251229161,-0.07300804552432741,0.12112460241397995,0.0025596251107577
198,3.164614012275922,2.056393282268543,1.7789208107891348,0.0830454085276709
199,0.1392622251229161,0.7787524855928208,-0.709837288991352,0.0580212883536583
200,0.1392622251229161,0.7787524855928208,-0.1383129222860203,0.0258689363318202
201,2.660388714417088,2.056393282268543,2.6724489852056297,0.1409150447977731
202,2.156163416558254,2.056393282268543,3.5495323937186805,0.1707855978779091
203,-0.8691883705947525,-0.4988883110829013,-0.8200975078220194,0.0456572580616084
204,-0.3649630727359182,-0.9247685766414756,-0.7098963655133985,0.0044590393247621
205,2.156163416558254,2.482273547827117,0.8439704609856871,0.1354063180606256
206,3.164614012275922,2.056393282268543,0.681011158636512,0.0162234957324222
207,2.156163416558254,1.6305130167099695,2.427476758351955,0.1442852149252655
208,0.1392622251229161,0.3528722200342469,-0.4839207492766184,0.0669460154023234
209,3.164614012275922,2.056393282268543,2.335325116500593,0.1801000555532425
210,3.164614012275922,2.056393282268543,1.0532562054702517,0.0365924787328925
211,2.660388714417088,1.6305130167099695,1.8113900660484739,0.2036967709833589
212,-0.3649630727359182,-0.4988883110829013,-0.7247125683306115,0.0165733171713593
213,-0.3649630727359182,0.3528722200342469,-0.5442502476241402,0.0006816737865586
214,-0.8691883705947525,0.7787524855928208,-0.7219115054250477,0.0276835667723629
215,-0.3649630727359182,-0.4988883110829013,0.1247166747858493,0.0006311840219955
216,1.147712820840585,1.6305130167099695,0.7349394550596079,0.0162257558199954
217,-0.3649630727359182,-0.4988883110829013,-0.6232823143535492,0.0266745313256823
218,-0.3649630727359182,-0.07300804552432741,-0.1495191968361414,0.0111009336312756
219,-0.8691883705947525,0.3528722200342469,-0.810815195888744,0.0182378764169409
220,-0.3649630727359182,-1.3506488422000498,-0.7049783278749392,0.044394473443471
221,0.1392622251229161,-0.9247685766414756,-0.5566430523033032,0.0351450559268613
222,0.1392622251229161,0.3528722200342469,-1.0026152132687784,0.002245402648303
223,-0.8691883705947525,-1.3506488422000498,-0.7769203977593457,0.0532080624903871
224,-0.8691883705947525,-1.3506488422000498,-0.8669642967690965,0.028887238632573
225,-0.8691883705947525,-0.4988883110829013,-0.7101385488576236,0.0178136801803733
226,-1.373413668453587,-0.07300804552432741,-1.0265870429599013,0.0024032960311747
227,0.1392622251229161,0.7787524855928208,1.6000719464012723,0.0321041571248811
228,-1.373413668453587,-0.07300804552432741,-0.9498028258335668,0.0054717579080142
229,0.1392622251229161,-0.4988883110829013,-0.4125632534717197,0.017949698403302
230,0.1392622251229161,0.3528722200342469,-0.7132437205009423,0.0033811146270825
231,0.1392622251229161,0.3528722200342469,1.4180513442987137,0.0486995646639117
232,-0.3649630727359182,0.3528722200342469,1.7610183601403198,0.0268768808924667
233,0.1392622251229161,0.3528722200342469,1.1730962830954954,0.0257601976043227
234,0.1392622251229161,0.3528722200342469,-0.0734475132865382,0.0223038953143929
235,-0.8691883705947525,-0.07300804552432741,-0.7935426528062383,0.0331952831296969
236,0.6434875229817505,-0.4988883110829013,-0.5325633446994851,0.0105322032864533
237,-1.373413668453587,-2.202409373317198,-1.1760783011446052,0.0155807939345575
238,0.6434875229817505,0.7787524855928208,1.1554929158157692,0.0280310438574118
239,-0.8691883705947525,-0.4988883110829013,-0.48148191664350554,0.0051264207722796
240,0.1392622251229161,-0.4988883110829013,-0.2935615727248889,0.0174693215635979
241,-0.3649630727359182,1.6305130167099695,1.2207258057568606,0.0422251845089289
242,-0.3649630727359182,0.7787524855928208,-0.9122260343608802,0.0388062657378868
243,0.1392622251229161,0.7787524855928208,-1.1462695300578276,0.0120937599954302
244,-0.3649630727359182,-1.3506488422000498,-0.7253236837497729,0.0006900484169275
245,-0.3649630727359182,-0.9247685766414756,0.30930915214658816,0.0586441420509324
246,0.6434875229817505,-0.4988883110829013,-0.6079501173641036,0.0021742496281608
247,-0.3649630727359182,-0.4988883110829013,0.21075025718152612,0.023797863721805
248,-0.3649630727359182,1.2046327511513952,-0.2854070445436068,0.0280822479122664
249,0.1392622251229161,0.7787524855928208,-0.7417217717953795,0.0376001215939567
250,0.1392622251229161,-0.07300804552432741,-0.16255990674979576,0.0165445168345508
251,-0.8691883705947525,-0.07300804552432741,0.24115856982558953,0.0531699302520911
252,0.1392622251229161,0.3528722200342469,-0.9421402071988312,0.0
253,-0.3649630727359182,-0.9247685766414756,0.502225784897788,0.0217008011296198
254,-0.3649630727359182,-0.4988883110829013,-0.9126968093076067,0.0647697725669833
255,-0.8691883705947525,-0.4988883110829013,-0.655509043217206,0.0009665669418517
256,-0.3649630727359182,-0.07300804552432741,-0.6598958968298205,0.027594856857342
257,0.6434875229817505,1.2046327511513952,2.295589089463045,0.0179504515799366
258,0.6434875229817505,0.3528722200342469,0.16977714752171882,0.0053545669716165
259,0.1392622251229161,0.3528722200342469,0.8970572387693633,0.0012524190604735
260,-0.3649630727359182,0.3528722200342469,-0.5943239850640949,0.0011826870773051
261,0.1392622251229161,0.3528722200342469,1.0123249661844638,0.007936018751351
262,-0.8691883705947525,-0.4988883110829013,-0.5234349164870675,0.0038341166523401
263,0.6434875229817505,0.3528722200342469,0.2230385679734928,0.0065341983569269
264,-0.8691883705947525,-1.3506488422000498,-0.5830880464200924,0.0336084347275501
265,0.1392622251229161,0.7787524855928208,-0.07272851105114453,0.0421997194935322
266,-0.3649630727359182,-0.07300804552432741,-0.39820458101470374,0.0211642863801381
267,-0.8691883705947525,-0.07300804552432741,-0.6715453043684856,0.0020689679367525
268,0.1392622251229161,0.3528722200342469,-0.5710047474950065,0.0047568617560404
269,0.1392622251229161,-0.9247685766414756,0.08344199397094043,0.0060851396209837
270,0.6434875229817505,-0.07300804552432741,1.0227180464269658,0.0003061481459739
271,-0.8691883705947525,0.7787524855928208,-0.8715911679085072,0.0271439185565581
272,0.1392622251229161,-0.07300804552432741,-0.8405271564644492,0.0038245999200518
273,0.6434875229817505,-0.4988883110829013,0.8065692187417934,0.0107802819826632
274,0.6434875229817505,-0.4988883110829013,2.300227083165552,0.1011262057577769
275,0.6434875229817505,-0.4988883110829013,0.4388177955300725,0.0050537435811605
276,-1.373413668453587,-2.202409373317198,-1.0079006356604312,0.0045062908923711
277,-0.8691883705947525,-1.3506488422000498,-0.5097207479919406,0.0223110049170667
278,-1.1067971810589325,-0.9103664774626048,-0.6661314342335235,0.0659440402571254
279,-0.27902449942662133,-0.9103664774626048,0.7841084072215803,0.0114150103714098
280,-0.27902449942662133,-0.9103664774626048,2.171889345430041,0.0177058008435047
281,0.5487481822056898,-0.9103664774626048,0.6810873509871149,0.0116926561645761
282,-1.1067971810589325,-1.7769185255286135,-0.8983124928643491,0.0034339402041299
283,-0.27902449942662133,-0.04381442939659592,-0.49758306475097114,0.0096347701219798
284,-1.1067971810589325,-0.04381442939659592,0.6120883772914203,0.0177023739146899
285,-0.27902449942662133,-1.3436425014956093,2.3600049685729223,0.004694161914124
286,1.3765208638380009,0.3894615946364082,-0.14544583805265032,0.0153464147648896
287,-0.27902449942662133,-0.9103664774626048,-1.1119726539595653,0.0208680338535632
288,-1.1067971810589325,-0.9103664774626048,-0.898312492686452,0.0127357823701067
289,-0.27902449942662133,0.3894615946364082,-0.5468798303142158,0.028940237927043
290,-0.27902449942662133,-0.9103664774626048,2.3600049686962716,0.0052090570969339
291,0.5487481822056898,1.6892896667354216,1.4298556410493373,0.0210881212864124
292,0.5487481822056898,1.2560136427024169,1.5974622859334395,0.0206520282324868
293,-0.27902449942662133,0.3894615946364082,-0.7905843180806865,0.0026881806678749
294,-1.1067971810589325,-0.4770904534296005,0.5019570297263035,0.0009237925628378
295,-0.27902449942662133,-0.9103664774626048,-0.6151036633822718,0.0149625366835099
296,0.5487481822056898,-0.4770904534296005,-0.020273396208329957,0.0045677673860904
297,-0.27902449942662133,1.2560136427024169,0.040955390237602925,0.024306798687881
298,-0.27902449942662133,0.8227376186694128,-0.6688373256229302,0.0049891849555845
299,-0.27902449942662133,-0.4770904534296005,-0.579277048755411,0.0005225066326701
300,1.3765208638380009,0.3894615946364082,-0.054973334369548085,0.0002792116718823
301,1.3765208638380009,0.8227376186694128,-0.14059918871333546,0.0109662251822542
302,-0.27902449942662133,-0.04381442939659592,-0.579101365642251,0.0042752235410566
303,-0.27902449942662133,0.3894615946364082,-0.9027194166327566,0.0181855953833069
304,-0.27902449942662133,1.2560136427024169,-0.814960510526808,0.0123879871694683
305,1.3765208638380009,2.5558417148014296,-0.41090183340824704,0.0274727300418107
306,-0.27902449942662133,-0.4770904534296005,-0.7781463394096249,0.0240109994842348
307,-0.27902449942662133,-0.04381442939659592,-0.4578082450625766,0.0104438158642926
308,1.3765208638380009,3.422393762867439,-0.25807014386572164,0.068720997534086
309,0.5487481822056898,0.3894615946364082,-0.6909766085036271,0.0601556427629322
310,-1.1067971810589325,-0.04381442939659592,-0.8342144444258742,0.0437065739836414
311,3.0320662271026233,1.6892896667354216,0.4168999385021198,0.1372347229381945
312,-0.27902449942662133,-0.9103664774626048,-0.49254311745539,0.0007591705454964
313,0.5487481822056898,1.2560136427024169,-0.636081016202522,0.0018987164962809
314,1.3765208638380009,1.2560136427024169,-0.5408658383433743,0.0363710743459148
315,2.2042935454703123,1.2560136427024169,-0.42099902719295346,0.0987577684535534
316,0.5487481822056898,1.6892896667354216,0.12882410459395485,0.0109452525284621
317,1.3765208638380009,0.3894615946364082,1.4752894775032521,0.0543092199928367
318,1.3765208638380009,0.3894615946364082,0.32601995548871016,0.0027024253596754
319,1.3765208638380009,-0.04381442939659592,2.6142275657597858,0.0731621525620516
320,-1.1067971810589325,-1.3436425014956093,-0.4600593431161527,0.0052398560236609
321,-0.27902449942662133,0.3894615946364082,-0.9311951897280819,0.0229008713480281
322,1.3765208638380009,1.6892896667354216,-0.051610118125171495,0.0096806500839443
323,0.5487481822056898,0.3894615946364082,1.7437637465507556,0.0141322197130165
324,-1.1067971810589325,1.2560136427024169,-0.4434248783640186,0.0225720526934712
325,2.2042935454703123,1.2560136427024169,0.3057155557472825,0.0015477961954785
326,-0.27902449942662133,-0.04381442939659592,1.239525768763843,0.0091685144120404
327,-0.27902449942662133,-0.04381442939659592,1.8957973697817219,0.0416684151346834
328,0.5487481822056898,-0.4770904534296005,-0.7154032852425533,0.0355786381170293
329,-0.27902449942662133,0.8227376186694128,-0.5833552444052534,0.0073475330775168
330,0.5487481822056898,1.2560136427024169,-0.6267342532129586,0.0
331,-1.1067971810589325,-1.3436425014956093,-0.8342144442815502,0.0290753962678464
332,-1.9345698626912435,-0.9103664774626048,-0.9485854718960971,0.0246382237792778
333,-1.1067971810589325,-1.7769185255286135,-0.8342144441957358,0.0217788708205669
334,-0.27902449942662133,-0.4770904534296005,-0.761893776377477,0.0234603099709274
335,1.3765208638380009,0.8227376186694128,0.0421854211838249,0.0231451750665515
336,1.3765208638380009,0.8227376186694128,0.046173477080942625,0.0212348731374359
337,-0.27902449942662133,-0.4770904534296005,-0.06856136131697461,0.0142810920543233
338,-0.27902449942662133,-0.04381442939659592,1.521491191169194,0.0262550709448335
339,1.3765208638380009,-0.4770904534296005,2.1814665450560904,0.0510495202193556
340,-1.1067971810589325,-0.4770904534296005,-0.9640547832730015,0.0409064607044504
341,0.5487481822056898,-0.04381442939659592,1.6882736809561176,0.0083395319155854
342,1.3765208638380009,-0.04381442939659592,0.7196032548336069,0.016139593718284
343,-1.9345698626912435,-0.9103664774626048,-0.9485854718916096,0.0215764259616005
344,0.5487481822056898,-0.04381442939659592,0.6795471463696642,0.021983447226065
345,-1.9345698626912435,-2.210194549561618,-1.1119726539595653,0.0154195007314345
346,-0.27902449942662133,-1.3436425014956093,-0.6929506032856478,0.0074815820162397
347,-1.1067971810589325,0.3894615946364082,-0.6187270910471053,0.0067651475827404
348,0.5487481822056898,-0.04381442939659592,2.345674392343462,0.1064791451579168
349,-0.27902449942662133,-0.9103664774626048,-0.7026610015615334,0.0329562413975123
350,-0.27902449942662133,-0.4770904534296005,0.3646867812515454,0.0443533614659456
351,-1.1067971810589325,-0.4770904534296005,-0.659815047436863,0.00483395207879
352,-0.27902449942662133,-0.4770904534296005,0.3197851214921012,0.030378406057022
353,-0.27902449942662133,1.2560136427024169,-0.842458967670736,0.0293432196760637
354,-0.27902449942662133,-0.04381442939659592,0.19562573508192466,0.0155771482282191
355,-1.9345698626912435,-1.7769185255286135,-0.97309354928002,0.0556986453559555
356,-1.1067971810589325,-0.4770904534296005,-0.6164283520004866,0.0069643824226457
357,0.5487481822056898,-0.04381442939659592,1.7674160074759608,0.0490085918244763
358,0.5487481822056898,0.3894615946364082,1.60987090117639,0.0312240792833197
359,0.5487481822056898,0.3894615946364082,-0.8466768118751475,0.0189394445399349
360,0.5487481822056898,-0.04381442939659592,-0.9401580982467987,0.0019355736792659
361,-0.27902449942662133,-0.4770904534296005,-0.5982121349943724,0.0207979276403321
362,-0.27902449942662133,-0.9103664774626048,-0.6003330885236576,0.0180174055557207
363,-1.1067971810589325,-0.9103664774626048,-0.5564562343498286,0.0080642850673393
364,-0.27902449942662133,-0.04381442939659592,-0.40700743513316057,0.0008872194771765
365,-1.1067971810589325,-1.3436425014956093,-0.6310133102509361,0.0097613507308511
366,-1.1067971810589325,-0.04381442939659592,-0.7457464695998397,0.0150755913878341
367,-1.6854852619461869,-1.0397387880811453,-0.8750280166382962,0.0030895433686887
368,-1.6854852619461869,-1.0397387880811453,-0.9546793753629663,0.0163704461234459
369,-1.6854852619461869,-1.5012813720586293,-0.9546793754375434,0.0212275062650552
370,-0.036246994880562974,-1.0397387880811453,-0.6763283295818834,0.0006597102584891
371,1.6129912721850608,-0.5781962041036613,-0.7835957489263343,0.0225171497340863
372,-0.036246994880562974,-0.5781962041036613,-0.6763283295727375,0.0018211444581317
373,-0.8608661284133748,-1.0397387880811453,-0.7740925624846886,0.0041383949178983
374,-1.6854852619461869,-0.11665362012617708,-0.9515402129079285,0.0099406483542795
375,-0.036246994880562974,-0.11665362012617708,-0.6672171687037731,0.0154444055400809
376,-0.036246994880562974,0.3448889638513067,-0.6672171688467888,0.0056031972989848
377,-0.8608661284133748,-0.11665362012617708,-0.8528552727760734,0.0309233080023747
378,0.788372138652249,-0.11665362012617708,2.401239179435559,0.0011980137306582
379,1.6129912721850608,-0.5781962041036613,2.3976254449508345,0.0512617693484498
380,0.788372138652249,0.3448889638513067,2.0555401969357985,0.0145720096195613
381,-1.6854852619461869,-1.5012813720586293,-0.9764988260025924,0.0002210532801496
382,2.437610405717873,0.3448889638513067,-0.577162094732484,0.0006473650326193
383,-0.036246994880562974,-0.5781962041036613,1.8725298852288905,0.0209909873092522
384,0.788372138652249,-0.11665362012617708,-0.8960134246060424,0.0044196672517025
385,-0.8608661284133748,-0.11665362012617708,-0.6449311046549817,0.0238682533638065
386,-0.036246994880562974,-1.0397387880811453,0.8009047225276595,0.1267242411182803
387,0.788372138652249,0.3448889638513067,1.0760156464356783,0.0122445766167326
388,0.788372138652249,-0.5781962041036613,0.5389784249039409,0.0372476250422831
389,-0.8608661284133748,-0.11665362012617708,-0.99703918323476,0.0068579541287462
390,0.788372138652249,-0.5781962041036613,1.6370260330294866,0.0159639535455524
391,-0.8608661284133748,-0.5781962041036613,-0.7611260564207641,0.0369965856257204
392,-0.036246994880562974,-1.0397387880811453,-0.79341132813712,0.0077022772937069
393,-0.036246994880562974,-0.11665362012617708,1.2124097124021607,0.0622578421221966
394,-0.8608661284133748,0.3448889638513067,1.471707536070638,0.0335926722914866
395,-0.036246994880562974,-0.5781962041036613,-0.8226364464942965,0.0189204305908488
396,-0.8608661284133748,-1.9628239560361134,-0.9099215282006189,0.0126440924555468
397,-0.036246994880562974,-0.5781962041036613,-0.34968407251974176,0.0029999986079595
398,-0.8608661284133748,-1.5012813720586293,1.4839105272268776,0.0884923878247025
399,-0.036246994880562974,-0.5781962041036613,1.2168591897396699,0.0641031595604826
400,-0.8608661284133748,-1.9628239560361134,-0.9099215280757414,0.0040974437469797
401,-0.036246994880562974,0.3448889638513067,0.07740768145076636,0.0324164432604316
402,-0.036246994880562974,-0.5781962041036613,-0.8347430321852309,0.0110974548360474
403,-0.8608661284133748,-0.5781962041036613,-0.754787720175768,0.0454236064889948
404,-0.036246994880562974,-0.5781962041036613,0.12785964171141945,0.0150097240328278
405,-0.036246994880562974,0.8064315478287909,1.231996266078066,0.0088101460442773
406,-0.8608661284133748,-0.11665362012617708,1.3845253028704905,0.0085411310224284
407,-1.6854852619461869,-1.0397387880811453,-0.8292933378290329,0.0162336425107601
408,0.788372138652249,-1.0397387880811453,1.414111368128118,0.0337205126400034
409,-0.036246994880562974,-1.0397387880811453,0.8959425647934951,0.0066223688801479
410,-0.036246994880562974,-1.5012813720586293,-0.20716116162741924,0.0078667330712211
411,-0.8608661284133748,-0.11665362012617708,-0.7076621349062324,0.0388990188818381
412,-0.8608661284133748,-0.11665362012617708,-0.8256792003206967,0.0001190437948819
413,0.788372138652249,-0.5781962041036613,-0.6464959895881477,0.0081675760786852
414,0.788372138652249,-0.11665362012617708,-0.01923570474457039,0.0002211598471515
415,0.788372138652249,0.8064315478287909,-0.12676058873767235,0.0377444698202562
416,-1.6854852619461869,-1.5012813720586293,-1.100142379067707,0.0174133162518382
417,0.788372138652249,1.2679741318062747,1.213510095068899,0.019955412110591
418,0.788372138652249,1.729516715783759,1.36718575388118,0.0790594831335593
419,-0.8608661284133748,0.3448889638513067,-0.791033496292171,0.0132025828607944
420,0.788372138652249,0.8064315478287909,-0.2563721416921407,0.0005178226014213
421,-0.8608661284133748,0.8064315478287909,-0.9099215281808212,0.012847108907778
422,-0.8608661284133748,-1.0397387880811453,-0.522844816581696,0.0036234836800349
423,-0.8608661284133748,-0.11665362012617708,-0.5558096250462492,0.0217253073853109
424,-0.036246994880562974,0.8064315478287909,-0.7566706674688681,0.0349939821426525
425,2.437610405717873,0.8064315478287909,0.1807747284551368,0.0537763387170846
426,1.6129912721850608,1.729516715783759,-0.7634792103387997,0.0448076993703109
427,-0.036246994880562974,-0.11665362012617708,-0.7588056971589395,0.0018076905499384
428,2.437610405717873,2.6526018837387264,-0.9324837198183401,0.0040475899442225
429,-0.036246994880562974,0.8064315478287909,-0.9101223864204485,0.0462381195895852
430,0.788372138652249,0.3448889638513067,1.6329124978975489,0.0343221856864762
431,-0.036246994880562974,1.729516715783759,-0.7385932349984728,0.0392318132984032
432,2.437610405717873,1.729516715783759,-0.3150707304745016,0.0250899942220075
433,1.6129912721850608,1.2679741318062747,-0.5768789423054035,0.0115196230459294
434,-0.8608661284133748,-0.5781962041036613,-0.7963116173899365,0.0226590155346892
435,-0.8608661284133748,1.2679741318062747,-0.13091634471996721,0.0134586654134757
436,0.788372138652249,0.8064315478287909,-0.6309714140922937,0.0026816192646521
437,0.788372138652249,1.2679741318062747,1.4667309602353888,0.0460560924234591
438,1.6129912721850608,2.191059299761243,-0.6379596941180835,0.040962979379493
439,0.788372138652249,0.3448889638513067,-0.7847244086536347,0.0226478257674343
440,-0.036246994880562974,2.191059299761243,1.1589712589164252,0.0144584090517882
441,-0.8608661284133748,0.3448889638513067,-0.966062082263191,0.0016317545772827
442,0.788372138652249,1.2679741318062747,0.9250245583889787,0.0440158479324202
443,-0.8608661284133748,1.729516715783759,1.5289567825524113,0.0165120021235646
444,0.788372138652249,0.8064315478287909,1.1347357153558946,0.0426600130379385
445,0.788372138652249,1.2679741318062747,1.3963968475339725,0.0956894671601363
446,-0.036246994880562974,0.8064315478287909,1.2703757140134595,0.0084735071470144
447,-0.036246994880562974,0.8064315478287909,-0.0011680203139538673,0.0694685603383717
448,0.788372138652249,0.8064315478287909,1.6606553921264608,0.0331728252439273
449,0.788372138652249,0.3448889638513067,1.372728685210682,0.0118037839484656
450,-0.036246994880562974,-0.11665362012617708,-0.1374204062225182,0.0125826028327142
451,-0.8608661284133748,0.3448889638513067,-0.5903469494520802,0.0351317418089301
452,-0.036246994880562974,-1.0397387880811453,-0.34968407252895933,0.0277557836743698
453,-0.036246994880562974,0.3448889638513067,0.3437117431653571,0.0515639696959396
454,-1.6854852619461869,-1.0397387880811453,-0.9546793753509809,0.0171624112820883
455,-0.8608661284133748,-1.0397387880811453,-0.6055681662099476,0.0220922507710625
456,-0.036246994880562974,-1.0397387880811453,-0.5695682919198214,0.0087545842504917
457,-0.8608661284133748,-1.0397387880811453,-0.48192461320846475,0.0088057067220859
458,-0.20139194874715283,-1.1705423466045468,0.6824819383566855,0.0492187799094379
459,0.43874674548486914,-0.6720817301078739,-0.25095915192865165,0.0220343447911313
460,-0.8415306429791748,-1.66900296310122,-0.6207940507128547,0.0169369077377897
461,-0.8415306429791748,-1.1705423466045468,0.32914885264045673,0.0150809447307775
462,1.0788854397168912,0.32483950288547214,-0.5273614284645207,0.0528866527423591
463,-0.8415306429791748,-1.66900296310122,-0.6915184414307446,0.039062448816296
464,-0.8415306429791748,-1.1705423466045468,0.2180733618401576,0.0183444872860891
465,0.43874674548486914,-0.17362111361120064,-0.6033980742264086,0.0194942685597716
466,-0.8415306429791748,-0.6720817301078739,-0.6931523230728419,0.0121333581077088
467,-0.20139194874715283,0.32483950288547214,-0.519375973836165,0.0377515179952913
468,0.43874674548486914,-0.17362111361120064,-0.6254996814607303,0.0034628822545713
469,-0.20139194874715283,-0.17362111361120064,2.2891071754980925,0.0356750323072559
470,0.43874674548486914,-0.17362111361120064,0.7596947788946915,0.0344349766297888
471,1.0788854397168912,-0.17362111361120064,0.1979248092410755,0.024361289012099
472,-0.8415306429791748,-0.6720817301078739,-0.8438834629706625,0.0137208631466326
473,1.0788854397168912,0.8233001193821454,-0.09347161164421706,0.0077086560086961
474,-0.20139194874715283,-1.66900296310122,-0.6592481065479642,0.0159740832126029
475,-0.8415306429791748,-0.17362111361120064,-0.6826902830327677,0.0418004008910061
476,-0.8415306429791748,-0.6720817301078739,-0.5679733268186082,0.0045338836207625
477,-0.8415306429791748,-0.6720817301078739,-0.707633138810977,0.0022995087920853
478,0.43874674548486914,1.3217607358788181,-0.5636684350858411,0.0417176748775871
479,0.43874674548486914,0.8233001193821454,-0.21547875211908632,0.0105762502071994
480,1.0788854397168912,0.32483950288547214,1.6213019942101448,0.0217712880280862
481,-0.20139194874715283,-0.17362111361120064,-0.40528029571718316,0.0163652591414826
482,0.43874674548486914,0.32483950288547214,0.0386116044049012,0.0188335081486159
483,-0.8415306429791748,-0.17362111361120064,-0.6840692615298541,0.002371878044242
484,-0.20139194874715283,-1.1705423466045468,-0.5375047683607099,0.0315714749332829
485,-0.8415306429791748,-1.66900296310122,-0.29540588194159995,0.0049656809968407
486,1.0788854397168912,-0.17362111361120064,1.7059877188004744,0.0065749947681324
487,1.7190241339489134,0.8233001193821454,1.0128561546659156,0.0501178070055213
488,0.43874674548486914,0.32483950288547214,0.08371747499137394,0.0054074926019875
489,-0.20139194874715283,-0.17362111361120064,-0.7555125416653792,0.0358637365613027
490,1.7190241339489134,1.3217607358788181,1.1671073614574894,0.0899867554148065
491,-0.20139194874715283,0.32483950288547214,-0.6665228182976665,0.0132173421153188
492,-0.20139194874715283,0.32483950288547214,-0.42481263322040924,0.0196462587668977
493,2.359162828180935,0.8233001193821454,1.525962706328795,0.109915557351361
494,2.359162828180935,1.3217607358788181,3.79433758369928,0.0716566765458091
495,0.43874674548486914,0.32483950288547214,-0.2154787519446108,0.044234403335264
496,2.9993015224129573,1.3217607358788181,1.4188157269198793,0.0632354403810059
497,2.9993015224129573,1.8202213523754913,2.9536483521656454,0.0594727414227658
498,-0.20139194874715283,-0.6720817301078739,-0.589580280154679,0.0017229112868401
499,-0.8415306429791748,1.3217607358788181,0.3647817172844452,0.0003973328392673
500,-0.8415306429791748,-0.6720817301078739,-0.5987208313130841,0.0066798445647092
501,-0.8415306429791748,-0.17362111361120064,-0.5842285743423625,0.007090412250071
502,-0.8415306429791748,-0.17362111361120064,0.3291488524969229,0.0050764517570814
503,2.359162828180935,1.8202213523754913,0.081739083279426,0.0424179168163583
504,1.0788854397168912,1.3217607358788181,0.5298930604116184,0.0832290326085622
505,-0.8415306429791748,-0.17362111361120064,-0.29540588189179395,0.0344214655758371
506,1.0788854397168912,0.8233001193821454,-0.49244711476892894,0.0590943240468324
507,-0.20139194874715283,-0.17362111361120064,-0.1719666132440951,0.0160384253342637
508,-0.8415306429791748,-0.17362111361120064,-0.42744340169709844,0.0077649831529436
509,0.43874674548486914,0.8233001193821454,2.095841721600867,0.0432605320492174
510,0.43874674548486914,0.32483950288547214,2.782176547373341,0.0381501857827123
511,-0.8415306429791748,0.32483950288547214,-0.8713712021463469,0.0519523253281257
512,-0.8415306429791748,-0.17362111361120064,-0.4384110168819291,0.0066270996076584
513,0.43874674548486914,0.32483950288547214,2.892834067381832,0.0131216714171183
514,0.43874674548486914,-1.1705423466045468,-0.6583788192355652,0.0023826375821531
515,-0.8415306429791748,-0.6720817301078739,-0.4213648525897723,0.0196046837800131
516,-0.20139194874715283,-0.6720817301078739,-0.3023987953358771,0.0279046581974369
517,-1.4816693372111969,-0.17362111361120064,-0.7748583536101974,0.0003573394352782
518,-0.20139194874715283,0.8233001193821454,-0.18271685068144175,0.0246492209781576
519,-0.8415306429791748,1.3217607358788181,-0.4102972576055058,0.026508733090903
520,-0.20139194874715283,0.32483950288547214,-0.8002552223281676,0.0086626909685707
521,-0.8415306429791748,-0.17362111361120064,-0.2800079069999794,0.019699324218812
522,-0.20139194874715283,-0.6720817301078739,-0.513230032048325,0.0048682335766653
523,0.43874674548486914,-0.6720817301078739,0.5258683377212525,0.0025348937737282
524,-0.20139194874715283,0.32483950288547214,0.17661952397959618,0.018594576502877
525,1.0788854397168912,0.8233001193821454,-0.35880734584439244,0.0324233811554851
526,-0.20139194874715283,1.3217607358788181,-0.49949039848313814,0.0171131465690634
527,-1.4816693372111969,-1.1705423466045468,-0.8374955330580018,0.0169538901407317
528,-1.4816693372111969,-0.17362111361120064,-0.8002552223736761,0.0079955800522651
529,0.43874674548486914,2.3186819688721645,-0.11114613685206816,0.0575610470543575
530,1.0788854397168912,2.817142585368837,-0.395128590480393,0.0099113794936285
531,-0.20139194874715283,1.3217607358788181,1.5446530963712817,0.0295323897291123
532,1.0788854397168912,0.8233001193821454,-0.6926051139979521,0.028567064320642
533,0.43874674548486914,1.3217607358788181,1.6851569154298864,0.0235713276138052
534,0.43874674548486914,1.3217607358788181,0.008196631691323609,0.0068126032396786
535,-0.20139194874715283,-0.17362111361120064,-0.6071051253365033,0.0387255163127997
536,-1.4816693372111969,-1.1705423466045468,-0.9555934807502783,0.008483293407337
537,-0.8415306429791748,-1.1705423466045468,-0.7454322333289425,0.0117711556447091
538,-0.8415306429791748,-1.1705423466045468,-0.6074086541214171,0.0027480900168558
539,0.43874674548486914,0.32483950288547214,-0.4757986584812406,0.0513274989250152
540,-0.8415306429791748,-1.66900296310122,-0.7524588351017919,0.0108797296157891
541,-0.8415306429791748,0.32483950288547214,-0.16979496680600806,0.0202468594805846
542,-0.20139194874715283,-0.17362111361120064,-0.2999923233440842,0.0034332980574288
543,0.43874674548486914,-0.17362111361120064,-0.37732075779188123,0.0054627241447324
544,-1.4816693372111969,-2.1674635795978925,-0.9555934807502783,0.0089680312074909
545,-1.4816693372111969,-1.66900296310122,-0.9555934807502783,0.0514544820816887
546,-0.8415306429791748,-1.66900296310122,-0.5548906097689242,0.0387271273700743
