design_x,design_y,grad200,density200,lap200,grad400,density400,lap400,grad600,density600,lap600,grad800,density800,lap800,dipole
600.0,2400.0,13.653155555555555,54.63951111111111,17.54088888888889,0.0,28.80048888888889,0.0,0.0533333333333333,23.59902222222222,1.7066666666666668,0.0720888888888888,21.33355555555556,2.321066666666667,2.545255732479083
600.0,3000.0,10.513022222222222,55.29733333333333,31.95235555555556,0.0,32.13333333333333,0.0,0.0,26.901066666666665,0.0,0.0,24.20671111111111,0.0,1.9290286117133797
600.0,3600.0,47.76893333333334,55.29733333333333,25.7608,0.0,32.48,0.0,0.0,27.473333333333333,0.0,0.0,25.35048888888889,0.0,3.1027324842053647
600.0,4200.0,38.95084444444444,55.29733333333333,23.369155555555555,0.0,32.48,0.0,0.0,27.473333333333333,0.0,0.0,25.35333333333333,0.0,2.438343749807776
600.0,4800.0,13.74008888888889,55.29733333333333,35.065777777777775,0.0533333333333333,32.48,1.7066666666666668,0.0,27.473333333333333,0.0,0.0,25.35333333333333,0.0,3.279811039837254
600.0,5400.0,15.174755555555556,55.29733333333333,14.5616,0.0,32.48,0.0,0.0,27.473333333333333,0.0,0.0,25.7,0.0,1.691378355309744
600.0,6000.0,64.83342222222223,55.29733333333333,35.065777777777775,3.36,32.48,1.7066666666666668,0.0,27.473333333333333,0.0,0.0,25.35333333333333,0.0,2.2467785840281804
600.0,6600.0,12.770577777777778,55.29733333333333,23.369155555555555,0.0,32.48,0.0,0.0,27.473333333333333,0.0,0.0,25.35333333333333,0.0,1.3424632747872949
600.0,7200.0,8.479333333333333,55.29733333333333,25.7608,0.0533333333333333,32.48,1.7066666666666668,0.0,27.473333333333333,0.0,0.0,25.35333333333333,0.0,1.74055502112579
600.0,7800.0,62.04955555555556,55.29733333333333,31.826933333333333,4.802133333333333,32.13333333333333,3.640888888888889,0.3192888888888889,26.9488,0.3185777777777778,3.543111111111111,24.2272,2.56,2.307204573348538
600.0,8400.0,23.36835555555556,54.96302222222222,17.54088888888889,3.36,29.366488888888888,1.7066666666666668,1.5610666666666666,23.82395555555556,2.594133333333333,0.0,21.38888888888889,0.0,2.0230451000021525
600.0,9000.0,12.448977777777776,36.42377777777778,35.63431111111111,0.0,17.952222222222222,0.0,4.758133333333333,16.679377777777777,2.5258666666666665,5.507688888888889,16.17342222222222,2.924088888888889,0.1087174819199392
1450.0,1200.0,4.566088888888889,54.32306666666667,34.55297777777778,0.4214666666666666,27.241866666666667,13.755422222222222,0.2710666666666667,23.105066666666666,8.829377777777777,0.2003555555555555,21.44622222222222,6.542222222222223,1.429408614306584
1450.0,1800.0,66.60008888888889,55.98444444444444,35.63431111111111,2.6936,36.93906666666667,3.5726222222222224,0.1125333333333333,32.37528888888889,3.663644444444445,0.1317777777777777,29.07168888888889,4.289422222222222,0.9507844831591216
1450.0,2400.0,13.653155555555555,56.01191111111111,17.54088888888889,0.0,39.31626666666666,0.0,0.0533333333333333,36.85866666666666,1.7066666666666668,0.0720888888888888,33.77706666666667,2.321066666666667,0.3669277062431613
1450.0,3000.0,10.513022222222222,56.01217777777778,31.95235555555556,0.0,39.75333333333333,0.0,0.0,38.46422222222222,0.0,0.0,35.8756,0.0,0.1146568924495323
1450.0,3600.0,47.76893333333334,56.01217777777778,25.7608,0.0,40.0,0.0,0.0,38.50666666666667,0.0,0.0,36.6,0.0,0.1774023861624575
1450.0,4200.0,38.95084444444444,56.01217777777778,23.369155555555555,0.0,40.0,0.0,0.0,38.50666666666667,0.0,0.0,36.6,0.0,0.0693756000327274
1450.0,4800.0,13.74008888888889,56.01217777777778,35.065777777777775,0.0533333333333333,40.0,1.7066666666666668,0.0,38.50666666666667,0.0,0.0,36.75968888888889,0.0,0.1924490246141448
1450.0,5400.0,15.174755555555556,56.01217777777778,14.5616,0.0,40.0,0.0,0.0,38.50666666666667,0.0,0.0,36.9,0.0,0.100211692568348
1450.0,6000.0,64.83342222222223,56.01217777777778,35.065777777777775,3.36,40.0,1.7066666666666668,0.0,38.50666666666667,0.0,0.0,36.620488888888886,0.0,0.2788879717771848
1450.0,6600.0,12.770577777777778,56.01217777777778,23.369155555555555,0.0,40.0,0.0,0.0,38.50666666666667,0.0,0.0,36.6,0.0,0.0728127224680244
1450.0,7200.0,8.479333333333333,56.01217777777778,25.7608,0.0533333333333333,40.0,1.7066666666666668,0.0,38.50666666666667,0.0,0.0,36.6,0.0,0.2442830591710638
1450.0,7800.0,62.04955555555556,56.01217777777778,31.826933333333333,4.802133333333333,39.75333333333333,3.640888888888889,0.3192888888888889,38.07213333333333,0.3185777777777778,3.543111111111111,35.70511111111111,2.56,0.0374088934279801
1450.0,8400.0,23.36835555555556,55.99924444444444,17.54088888888889,3.36,38.647644444444445,1.7066666666666668,1.5610666666666666,36.22911111111111,2.594133333333333,0.0,33.19555555555556,0.0,0.0409075478895692
1450.0,9000.0,12.448977777777776,55.32302222222222,35.63431111111111,0.0,34.73097777777778,0.0,4.758133333333333,30.94697777777778,2.5258666666666665,5.507688888888889,27.667822222222224,2.924088888888889,0.4773279748262254
1450.0,9600.0,33.2928,54.30711111111111,18.98768888888889,15.684222222222225,26.0184,8.386044444444444,13.175333333333333,20.83106666666667,7.179288888888889,10.700177777777778,18.907777777777778,5.949866666666667,1.2054698777979274
2300.0,600.0,0.0,54.31764444444445,0.0,0.0125777777777777,27.783555555555555,0.3982222222222222,0.084,22.520666666666667,2.7306666666666666,0.1054222222222222,20.58355555555556,3.2893777777777777,2.243401056335021
2300.0,1200.0,4.566088888888889,55.999155555555554,34.55297777777778,0.4214666666666666,38.6632,13.755422222222222,0.2710666666666667,33.84817777777778,8.829377777777777,0.2003555555555555,30.250622222222223,6.542222222222223,0.1265851326675142
2300.0,1800.0,66.60008888888889,56.01217777777778,35.63431111111111,2.6936,40.09333333333333,3.5726222222222224,0.1125333333333333,38.232,3.663644444444445,0.1317777777777777,35.992577777777775,4.289422222222222,0.0124447588740618
2300.0,2400.0,13.653155555555555,56.01217777777778,17.54088888888889,0.0,40.82,0.0,0.0533333333333333,39.0,1.7066666666666668,0.0720888888888888,38.2356,2.321066666666667,0.0233639064497006
2300.0,3000.0,10.513022222222222,56.01217777777778,31.95235555555556,0.0,40.82,0.0,0.0,39.0,0.0,0.0,39.0,0.0,0.1606923369536827
2300.0,3600.0,47.76893333333334,56.01217777777778,25.7608,0.0,40.82,0.0,0.0,39.0,0.0,0.0,39.0,0.0,0.1804396478174544
2300.0,4200.0,38.95084444444444,56.01217777777778,23.369155555555555,0.0,40.82,0.0,0.0,39.0,0.0,0.0,39.0,0.0,0.262372563779516
2300.0,4800.0,13.74008888888889,56.01217777777778,35.065777777777775,0.0533333333333333,40.82,1.7066666666666668,0.0,39.0,0.0,0.0,39.306666666666665,0.0,0.0119918070442182
2300.0,5400.0,15.174755555555556,56.01217777777778,14.5616,0.0,40.82,0.0,0.0,39.0,0.0,0.0,39.306666666666665,0.0,0.0601674040708008
2300.0,6000.0,64.83342222222223,56.01217777777778,35.065777777777775,3.36,40.82,1.7066666666666668,0.0,39.0,0.0,0.0,39.306666666666665,0.0,0.017078934869519
2300.0,6600.0,12.770577777777778,56.01217777777778,23.369155555555555,0.0,40.82,0.0,0.0,39.0,0.0,0.0,39.0,0.0,0.0537242358823728
2300.0,7200.0,8.479333333333333,56.01217777777778,25.7608,0.0533333333333333,40.82,1.7066666666666668,0.0,39.0,0.0,0.0,39.0,0.0,0.0307424118738259
2300.0,7800.0,62.04955555555556,56.01217777777778,31.826933333333333,4.802133333333333,40.82,3.640888888888889,0.3192888888888889,39.0,0.3185777777777778,3.543111111111111,39.0,2.56,0.0500136132191606
2300.0,8400.0,23.36835555555556,56.01217777777778,17.54088888888889,3.36,40.76,1.7066666666666668,1.5610666666666666,39.0,2.594133333333333,0.0,37.58995555555556,0.0,0.144637523184119
2300.0,9000.0,12.448977777777776,56.01217777777778,35.63431111111111,0.0,40.02613333333333,0.0,4.758133333333333,36.63306666666666,2.5258666666666665,5.507688888888889,33.25915555555556,2.924088888888889,0.2291484026977346
2300.0,9600.0,33.2928,54.99986666666667,18.98768888888889,15.684222222222225,32.21595555555555,8.386044444444444,13.175333333333333,26.93591111111111,7.179288888888889,10.700177777777778,24.18791111111111,5.949866666666667,2.622633492692909
3150.0,600.0,0.0,54.99986666666667,0.0,0.0125777777777777,32.16093333333333,0.3982222222222222,0.084,27.677511111111112,2.7306666666666666,0.1054222222222222,24.686444444444444,3.2893777777777777,1.249104759353422
3150.0,1200.0,4.566088888888889,56.01217777777778,34.55297777777778,0.4214666666666666,40.0504,13.755422222222222,0.2710666666666667,37.56373333333333,8.829377777777777,0.2003555555555555,33.86306666666667,6.542222222222223,0.4150961321776278
3150.0,1800.0,66.60008888888889,56.01217777777778,35.63431111111111,2.6936,40.82,3.5726222222222224,0.1125333333333333,40.0,3.663644444444445,0.1317777777777777,38.20631111111111,4.289422222222222,0.0303748402834491
3150.0,2400.0,13.653155555555555,56.01217777777778,17.54088888888889,0.0,40.82,0.0,0.0533333333333333,40.0,1.7066666666666668,0.0720888888888888,39.20666666666666,2.321066666666667,0.0047256064139838
3150.0,3000.0,10.513022222222222,56.01217777777778,31.95235555555556,0.0,40.82,0.0,0.0,40.0,0.0,0.0,39.20666666666666,0.0,0.0978055788426641
3150.0,3600.0,47.76893333333334,56.01217777777778,25.7608,0.0,40.82,0.0,0.0,40.0,0.0,0.0,39.33448888888889,0.0,0.0874135079716997
3150.0,4200.0,38.95084444444444,56.01217777777778,23.369155555555555,0.0,40.82,0.0,0.0,40.0,0.0,0.0,40.0,0.0,0.0876114644594453
3150.0,4800.0,13.74008888888889,56.01217777777778,35.065777777777775,0.0533333333333333,40.82,1.7066666666666668,0.0,40.0,0.0,0.0,40.0,0.0,0.0480325819637481
3150.0,5400.0,15.174755555555556,56.01217777777778,14.5616,0.0,40.82,0.0,0.0,40.0,0.0,0.0,40.0,0.0,0.0095417884518388
3150.0,6000.0,64.83342222222223,56.01217777777778,35.065777777777775,3.36,40.82,1.7066666666666668,0.0,40.0,0.0,0.0,40.0,0.0,0.0334118541363943
3150.0,6600.0,12.770577777777778,56.01217777777778,23.369155555555555,0.0,40.82,0.0,0.0,40.0,0.0,0.0,39.98786666666667,0.0,0.239777795081631
3150.0,7200.0,8.479333333333333,56.01217777777778,25.7608,0.0533333333333333,40.82,1.7066666666666668,0.0,40.0,0.0,0.0,39.20666666666666,0.0,0.0321290483534864
3150.0,7800.0,62.04955555555556,56.01217777777778,31.826933333333333,4.802133333333333,40.82,3.640888888888889,0.3192888888888889,40.0,0.3185777777777778,3.543111111111111,39.20666666666666,2.56,0.0447293920789113
3150.0,8400.0,23.36835555555556,56.01217777777778,17.54088888888889,3.36,40.82,1.7066666666666668,1.5610666666666666,40.0,2.594133333333333,0.0,38.358577777777775,0.0,0.0646996578723047
3150.0,9000.0,12.448977777777776,56.01217777777778,35.63431111111111,0.0,40.06097777777778,0.0,4.758133333333333,37.74,2.5258666666666665,5.507688888888889,34.60648888888889,2.924088888888889,0.0728526266020774
3150.0,9600.0,33.2928,54.99986666666667,18.98768888888889,15.684222222222225,32.245955555555554,8.386044444444444,13.175333333333333,28.19333333333333,7.179288888888889,10.700177777777778,25.526,5.949866666666667,0.8923618440567984
4000.0,600.0,0.0,54.99986666666667,0.0,0.0125777777777777,32.18262222222222,0.3982222222222222,0.084,27.886666666666667,2.7306666666666666,0.1054222222222222,25.54702222222222,3.2893777777777777,3.4079013551345376
4000.0,1200.0,4.566088888888889,56.01217777777778,34.55297777777778,0.4214666666666666,40.05911111111111,13.755422222222222,0.2710666666666667,37.66,8.829377777777777,0.2003555555555555,34.69448888888889,6.542222222222223,0.083388129589745
4000.0,1800.0,66.60008888888889,56.01217777777778,35.63431111111111,2.6936,40.82,3.5726222222222224,0.1125333333333333,40.0,3.663644444444445,0.1317777777777777,39.0,4.289422222222222,0.5652218140125439
4000.0,2400.0,13.653155555555555,56.01217777777778,17.54088888888889,0.0,40.82,0.0,0.0533333333333333,40.0,1.7066666666666668,0.0720888888888888,40.0,2.321066666666667,0.0060671476797136
4000.0,3000.0,10.513022222222222,56.01217777777778,31.95235555555556,0.0,40.82,0.0,0.0,40.0,0.0,0.0,40.0,0.0,0.2108922398756788
4000.0,3600.0,47.76893333333334,56.01217777777778,25.7608,0.0,40.82,0.0,0.0,40.0,0.0,0.0,40.0,0.0,0.0
4000.0,4200.0,38.95084444444444,56.01217777777778,23.369155555555555,0.0,40.82,0.0,0.0,40.0,0.0,0.0,40.0,0.0,0.0062257742057357
4000.0,4800.0,13.74008888888889,56.01217777777778,35.065777777777775,0.0533333333333333,40.82,1.7066666666666668,0.0,40.0,0.0,0.0,40.0,0.0,0.0692075853284875
4000.0,5400.0,15.174755555555556,56.01217777777778,14.5616,0.0,40.82,0.0,0.0,40.0,0.0,0.0,40.0,0.0,0.0630251494411394
4000.0,6000.0,64.83342222222223,56.01217777777778,35.065777777777775,3.36,40.82,1.7066666666666668,0.0,40.0,0.0,0.0,40.0,0.0,0.1398926129129599
4000.0,6600.0,12.770577777777778,56.01217777777778,23.369155555555555,0.0,40.82,0.0,0.0,40.0,0.0,0.0,40.0,0.0,0.0179748732616914
4000.0,7200.0,8.479333333333333,56.01217777777778,25.7608,0.0533333333333333,40.82,1.7066666666666668,0.0,40.0,0.0,0.0,40.0,0.0,0.0
4000.0,7800.0,62.04955555555556,56.01217777777778,31.826933333333333,4.802133333333333,40.82,3.640888888888889,0.3192888888888889,40.0,0.3185777777777778,3.543111111111111,40.0,2.56,0.0579949908938867
4000.0,8400.0,23.36835555555556,56.01217777777778,17.54088888888889,3.36,40.82,1.7066666666666668,1.5610666666666666,40.0,2.594133333333333,0.0,39.0,0.0,0.1674596416143732
4000.0,9000.0,12.448977777777776,56.01217777777778,35.63431111111111,0.0,40.06097777777778,0.0,4.758133333333333,37.74,2.5258666666666665,5.507688888888889,35.22666666666667,2.924088888888889,0.2580367159064651
4000.0,9600.0,33.2928,54.99986666666667,18.98768888888889,15.684222222222225,32.245955555555554,8.386044444444444,13.175333333333333,28.19333333333333,7.179288888888889,10.700177777777778,26.186666666666667,5.949866666666667,1.385365125761615
4850.0,600.0,0.0,54.99155555555556,0.0,0.0125777777777777,30.86457777777778,0.3982222222222222,0.084,25.41951111111111,2.7306666666666666,0.1054222222222222,23.08808888888889,3.2893777777777777,1.2883801602109417
4850.0,1200.0,4.566088888888889,56.01191111111111,34.55297777777778,0.4214666666666666,39.86924444444445,13.755422222222222,0.2710666666666667,36.11906666666667,8.829377777777777,0.2003555555555555,32.68577777777778,6.542222222222223,0.0546393010778034
4850.0,1800.0,66.60008888888889,56.01217777777778,35.63431111111111,2.6936,40.09333333333333,3.5726222222222224,0.1125333333333333,39.206,3.663644444444445,0.1317777777777777,37.55964444444445,4.289422222222222,0.082915411096322
4850.0,2400.0,13.653155555555555,56.01217777777778,17.54088888888889,0.0,40.09333333333333,0.0,0.0533333333333333,39.65782222222222,1.7066666666666668,0.0720888888888888,39.0,2.321066666666667,0.0052096997291275
4850.0,3000.0,10.513022222222222,56.01217777777778,31.95235555555556,0.0,40.0,0.0,0.0,39.2,0.0,0.0,39.0,0.0,0.0903079216245145
4850.0,3600.0,47.76893333333334,56.01217777777778,25.7608,0.0,40.09333333333333,0.0,0.0,39.9536,0.0,0.0,39.08444444444444,0.0,0.0662500019398101
4850.0,4200.0,38.95084444444444,56.01217777777778,23.369155555555555,0.0,40.82,0.0,0.0,40.0,0.0,0.0,40.0,0.0,0.0340970072368677
4850.0,4800.0,13.74008888888889,56.01217777777778,35.065777777777775,0.0533333333333333,40.82,1.7066666666666668,0.0,40.0,0.0,0.0,40.0,0.0,0.0094378330209753
4850.0,5400.0,15.174755555555556,56.01217777777778,14.5616,0.0,40.82,0.0,0.0,40.0,0.0,0.0,40.0,0.0,0.0102900413989448
4850.0,6000.0,64.83342222222223,56.01217777777778,35.065777777777775,3.36,40.82,1.7066666666666668,0.0,40.0,0.0,0.0,40.0,0.0,0.0016285446302434
4850.0,6600.0,12.770577777777778,56.01217777777778,23.369155555555555,0.0,40.82,0.0,0.0,40.0,0.0,0.0,40.0,0.0,0.0521008530403277
4850.0,7200.0,8.479333333333333,56.01217777777778,25.7608,0.0533333333333333,40.82,1.7066666666666668,0.0,40.0,0.0,0.0,40.0,0.0,0.1459646006995829
4850.0,7800.0,62.04955555555556,56.01217777777778,31.826933333333333,4.802133333333333,40.82,3.640888888888889,0.3192888888888889,40.0,0.3185777777777778,3.543111111111111,40.0,2.56,0.2056714794650718
4850.0,8400.0,23.36835555555556,56.01217777777778,17.54088888888889,3.36,40.82,1.7066666666666668,1.5610666666666666,40.0,2.594133333333333,0.0,39.0,0.0,0.000636556944497
4850.0,9000.0,12.448977777777776,56.01217777777778,35.63431111111111,0.0,40.06097777777778,0.0,4.758133333333333,37.74,2.5258666666666665,5.507688888888889,35.22666666666667,2.924088888888889,0.1123615510964011
4850.0,9600.0,33.2928,54.99986666666667,18.98768888888889,15.684222222222225,32.245955555555554,8.386044444444444,13.175333333333333,28.19333333333333,7.179288888888889,10.700177777777778,26.186666666666667,5.949866666666667,2.0177446135409243
5700.0,1200.0,4.566088888888889,55.01444444444444,34.55297777777778,0.4214666666666666,33.346444444444444,13.755422222222222,0.2710666666666667,29.782444444444444,8.829377777777777,0.2003555555555555,27.47848888888889,6.542222222222223,0.0664688821787145
5700.0,1800.0,66.60008888888889,56.00391111111111,35.63431111111111,2.6936,39.0,3.5726222222222224,0.1125333333333333,36.09368888888889,3.663644444444445,0.1317777777777777,33.846444444444444,4.289422222222222,0.1764787386676697
5700.0,2400.0,13.653155555555555,55.67244444444445,17.54088888888889,0.0,37.42622222222222,0.0,0.0533333333333333,36.529022222222224,1.7066666666666668,0.0720888888888888,36.08822222222222,2.321066666666667,0.1410507445222308
5700.0,3000.0,10.513022222222222,38.06737777777778,31.95235555555556,0.0,32.41093333333333,0.0,0.0,36.0,0.0,0.0,37.0,0.0,0.0056205638611055
5700.0,3600.0,47.76893333333334,55.67262222222222,25.7608,0.0,37.702133333333336,0.0,0.0,37.76462222222222,0.0,0.0,38.0,0.0,0.0015304326730453
5700.0,4200.0,38.95084444444444,56.01217777777778,23.369155555555555,0.0,40.09333333333333,0.0,0.0,39.85057777777778,0.0,0.0,39.00675555555556,0.0,0.1249726207278933
5700.0,4800.0,13.74008888888889,56.01217777777778,35.065777777777775,0.0533333333333333,40.82,1.7066666666666668,0.0,40.0,0.0,0.0,40.0,0.0,0.0899510573916669
5700.0,5400.0,15.174755555555556,56.01217777777778,14.5616,0.0,40.82,0.0,0.0,40.0,0.0,0.0,40.0,0.0,0.0902936071520379
5700.0,6000.0,64.83342222222223,56.01217777777778,35.065777777777775,3.36,40.82,1.7066666666666668,0.0,40.0,0.0,0.0,40.0,0.0,0.0931925142582499
5700.0,6600.0,12.770577777777778,56.01217777777778,23.369155555555555,0.0,40.82,0.0,0.0,40.0,0.0,0.0,40.0,0.0,0.1140106969706079
5700.0,7200.0,8.479333333333333,56.01217777777778,25.7608,0.0533333333333333,40.82,1.7066666666666668,0.0,40.0,0.0,0.0,40.0,0.0,0.0635426973170016
5700.0,7800.0,62.04955555555556,56.01217777777778,31.826933333333333,4.802133333333333,40.82,3.640888888888889,0.3192888888888889,40.0,0.3185777777777778,3.543111111111111,40.0,2.56,0.1707439736039109
5700.0,8400.0,23.36835555555556,56.01217777777778,17.54088888888889,3.36,40.82,1.7066666666666668,1.5610666666666666,40.0,2.594133333333333,0.0,39.0,0.0,0.0008240387298723
5700.0,9000.0,12.448977777777776,56.01217777777778,35.63431111111111,0.0,40.06097777777778,0.0,4.758133333333333,37.742755555555554,2.5258666666666665,5.507688888888889,35.375733333333336,2.924088888888889,0.1271064111236486
5700.0,9600.0,33.2928,54.99986666666667,18.98768888888889,15.684222222222225,32.245955555555554,8.386044444444444,13.175333333333333,28.212622222222222,7.179288888888889,10.700177777777778,26.4832,5.949866666666667,1.4233535804335755
6550.0,1200.0,4.566088888888889,54.32648888888889,34.55297777777778,0.4214666666666666,27.559066666666663,13.755422222222222,0.2710666666666667,22.47373333333333,8.829377777777777,0.2003555555555555,21.038666666666668,6.542222222222223,0.090741292172865
6550.0,2400.0,13.653155555555555,55.33351111111112,17.54088888888889,0.0,36.001377777777776,0.0,0.0533333333333333,34.828,1.7066666666666668,0.0720888888888888,34.001866666666665,2.321066666666667,0.074186797182618
6550.0,3000.0,10.513022222222222,55.336533333333335,31.95235555555556,0.0,37.0752,0.0,0.0,36.794044444444445,0.0,0.0,36.925466666666665,0.0,0.0626917852866056
6550.0,3600.0,47.76893333333334,55.99924444444444,25.7608,0.0,39.39,0.0,0.0,38.412533333333336,0.0,0.0,38.211822222222224,0.0,0.0206455095625975
6550.0,4200.0,38.95084444444444,56.01217777777778,23.369155555555555,0.0,40.09333333333333,0.0,0.0,40.0,0.0,0.0,39.52773333333333,0.0,0.0135581561670148
6550.0,4800.0,13.74008888888889,56.01217777777778,35.065777777777775,0.0533333333333333,40.82,1.7066666666666668,0.0,40.0,0.0,0.0,40.0,0.0,0.0056659290641658
6550.0,5400.0,15.174755555555556,56.01217777777778,14.5616,0.0,40.82,0.0,0.0,40.0,0.0,0.0,40.0,0.0,0.1805852780385436
6550.0,6000.0,64.83342222222223,56.01217777777778,35.065777777777775,3.36,40.82,1.7066666666666668,0.0,40.0,0.0,0.0,40.0,0.0,0.1287107525290498
6550.0,6600.0,12.770577777777778,56.01217777777778,23.369155555555555,0.0,40.82,0.0,0.0,40.0,0.0,0.0,40.0,0.0,0.0298855822599875
6550.0,7200.0,8.479333333333333,56.01217777777778,25.7608,0.0533333333333333,40.82,1.7066666666666668,0.0,40.0,0.0,0.0,40.0,0.0,0.320982162623491
6550.0,7800.0,62.04955555555556,56.01217777777778,31.826933333333333,4.802133333333333,40.82,3.640888888888889,0.3192888888888889,40.0,0.3185777777777778,3.543111111111111,40.0,2.56,0.0095087091942526
6550.0,8400.0,23.36835555555556,56.01217777777778,17.54088888888889,3.36,40.82,1.7066666666666668,1.5610666666666666,40.0,2.594133333333333,0.0,39.0,0.0,0.0939525109721614
6550.0,9000.0,12.448977777777776,56.01217777777778,35.63431111111111,0.0,40.0672,0.0,4.758133333333333,38.1472,2.5258666666666665,5.507688888888889,36.09426666666667,2.924088888888889,0.2948831531097429
6550.0,9600.0,33.2928,55.00346666666667,18.98768888888889,15.684222222222225,32.687688888888886,8.386044444444444,13.175333333333333,29.7212,7.179288888888889,10.700177777777778,28.2808,5.949866666666667,1.1098086296850471
7400.0,1800.0,66.60008888888889,37.02146666666667,35.63431111111111,2.6936,24.27111111111111,3.5726222222222224,0.1125333333333333,24.4356,3.663644444444445,0.1317777777777777,24.35351111111111,4.289422222222222,0.1400759228393361
7400.0,2400.0,13.653155555555555,55.6724,17.54088888888889,0.0,37.059377777777776,0.0,0.0533333333333333,34.3084,1.7066666666666668,0.0720888888888888,32.49733333333333,2.321066666666667,0.0536265115475097
7400.0,3000.0,10.513022222222222,56.01217777777778,31.95235555555556,0.0,40.07511111111111,0.0,0.0,39.0,0.0,0.0,37.1652,0.0,0.0801608123238146
7400.0,3600.0,47.76893333333334,56.01217777777778,25.7608,0.0,40.76,0.0,0.0,40.0,0.0,0.0,39.0,0.0,0.1661059922812061
7400.0,4200.0,38.95084444444444,56.01217777777778,23.369155555555555,0.0,40.82,0.0,0.0,40.0,0.0,0.0,40.0,0.0,0.1499573588400227
7400.0,4800.0,13.74008888888889,56.01217777777778,35.065777777777775,0.0533333333333333,40.82,1.7066666666666668,0.0,40.0,0.0,0.0,40.0,0.0,0.3057792075280892
7400.0,5400.0,15.174755555555556,56.01217777777778,14.5616,0.0,40.82,0.0,0.0,40.0,0.0,0.0,40.0,0.0,0.0369559665303297
7400.0,6000.0,64.83342222222223,56.01217777777778,35.065777777777775,3.36,40.18666666666667,1.7066666666666668,0.0,40.0,0.0,0.0,40.0,0.0,0.0609288187424586
7400.0,6600.0,12.770577777777778,56.01191111111111,23.369155555555555,0.0,40.0,0.0,0.0,39.0,0.0,0.0,39.0,0.0,0.0057155633465554
7400.0,7200.0,8.479333333333333,56.00391111111111,25.7608,0.0533333333333333,39.35333333333333,1.7066666666666668,0.0,38.52,0.0,0.0,39.0,0.0,0.1052132322669999
7400.0,7800.0,62.04955555555556,56.01191111111111,31.826933333333333,4.802133333333333,40.0,3.640888888888889,0.3192888888888889,39.0,0.3185777777777778,3.543111111111111,39.0,2.56,0.1652424375466163
7400.0,8400.0,23.36835555555556,56.01217777777778,17.54088888888889,3.36,40.18222222222222,1.7066666666666668,1.5610666666666666,40.0,2.594133333333333,0.0,39.0,0.0,0.0835170806257041
7400.0,9000.0,12.448977777777776,56.01217777777778,35.63431111111111,0.0,40.09333333333333,0.0,4.758133333333333,39.0668,2.5258666666666665,5.507688888888889,37.553688888888885,2.924088888888889,0.0044213358550059
7400.0,9600.0,33.2928,55.999155555555554,18.98768888888889,15.684222222222225,38.68728888888889,8.386044444444444,13.175333333333333,34.90266666666667,7.179288888888889,10.700177777777778,31.89031111111111,5.949866666666667,0.2469893189099738
7400.0,10200.0,17.6352,54.31773333333334,14.187644444444445,8.646,27.839022222222223,5.016044444444445,8.720044444444444,23.383466666666667,4.7672888888888885,7.467866666666667,21.79702222222222,4.1296,0.7564984741283034
8250.0,1800.0,66.60008888888889,36.43395555555556,35.63431111111111,2.6936,20.878266666666665,3.5726222222222224,0.1125333333333333,21.48937777777778,3.663644444444445,0.1317777777777777,21.44173333333333,4.289422222222222,0.0223831555583147
8250.0,2400.0,13.653155555555555,55.66275555555556,17.54088888888889,0.0,36.30524444444445,0.0,0.0533333333333333,33.49795555555556,1.7066666666666668,0.0720888888888888,30.898222222222223,2.321066666666667,1.2166212939571874
8250.0,3000.0,10.513022222222222,56.01217777777778,31.95235555555556,0.0,40.09333333333333,0.0,0.0,38.52435555555556,0.0,0.0,36.019333333333336,0.0,0.2276011714181872
8250.0,3600.0,47.76893333333334,56.01217777777778,25.7608,0.0,40.0,0.0,0.0,39.0,0.0,0.0,38.0,0.0,0.0524540755908964
8250.0,4200.0,38.95084444444444,56.01217777777778,23.369155555555555,0.0,40.09333333333333,0.0,0.0,39.76826666666667,0.0,0.0,38.23195555555556,0.0,0.055945909663335
8250.0,4800.0,13.74008888888889,56.01217777777778,35.065777777777775,0.0533333333333333,40.82,1.7066666666666668,0.0,40.0,0.0,0.0,39.0,0.0,0.0341431990882757
8250.0,5400.0,15.174755555555556,56.01217777777778,14.5616,0.0,40.82,0.0,0.0,40.0,0.0,0.0,39.0,0.0,0.0167980006300476
8250.0,6000.0,64.83342222222223,56.01217777777778,35.065777777777775,3.36,40.09111111111111,1.7066666666666668,0.0,39.275733333333335,0.0,0.0,38.012,0.0,0.0630412951841203
8250.0,6600.0,12.770577777777778,55.346577777777775,23.369155555555555,0.0,37.21155555555556,0.0,0.0,37.33875555555556,0.0,0.0,37.054,0.0,0.0430785924802841
8250.0,7800.0,62.04955555555556,55.346577777777775,31.826933333333333,4.802133333333333,37.211777777777776,3.640888888888889,0.3192888888888889,37.43333333333333,0.3185777777777778,3.543111111111111,37.511066666666665,2.56,0.0471383943470987
8250.0,8400.0,23.36835555555556,56.01217777777778,17.54088888888889,3.36,40.09333333333333,1.7066666666666668,1.5610666666666666,39.61515555555555,2.594133333333333,0.0,38.0,0.0,0.1362073590385731
8250.0,9000.0,12.448977777777776,56.01217777777778,35.63431111111111,0.0,40.81902222222222,0.0,4.758133333333333,40.0,2.5258666666666665,5.507688888888889,37.105244444444445,2.924088888888889,0.1098608674615382
8250.0,9600.0,33.2928,56.01217777777778,18.98768888888889,15.684222222222225,40.02613333333333,8.386044444444444,13.175333333333333,36.99688888888889,7.179288888888889,10.700177777777778,32.58577777777778,5.949866666666667,0.2371659962376602
8250.0,10200.0,17.6352,54.99986666666667,14.187644444444445,8.646,32.03368888888889,5.016044444444445,8.720044444444444,26.82013333333333,4.7672888888888885,7.467866666666667,23.189155555555555,4.1296,2.1675206082643865
9100.0,1800.0,66.60008888888889,54.32528888888889,35.63431111111111,2.6936,28.759422222222224,3.5726222222222224,0.1125333333333333,23.936222222222224,3.663644444444445,0.1317777777777777,21.92808888888889,4.289422222222222,0.0644072776483252
9100.0,2400.0,13.653155555555555,55.99924444444444,17.54088888888889,0.0,38.87711111111111,0.0,0.0533333333333333,34.16084444444444,1.7066666666666668,0.0720888888888888,30.48631111111111,2.321066666666667,0.1118037005295348
9100.0,3000.0,10.513022222222222,55.67262222222222,31.95235555555556,0.0,37.66222222222222,0.0,0.0,36.0,0.0,0.0,34.26768888888889,0.0,0.7912765392068297
9100.0,3600.0,47.76893333333334,38.06737777777778,25.7608,0.0,32.41093333333333,0.0,0.0,35.0,0.0,0.0,35.0,0.0,0.5020244273279423
9100.0,4200.0,38.95084444444444,55.67244444444445,23.369155555555555,0.0,37.42488888888889,0.0,0.0,35.7888,0.0,0.0,35.086666666666666,0.0,0.1850142889649973
9100.0,4800.0,13.74008888888889,56.00391111111111,35.065777777777775,0.0533333333333333,39.007866666666665,1.7066666666666668,0.0,36.81555555555556,0.0,0.0,35.47955555555556,0.0,0.2501154164505639
9100.0,5400.0,15.174755555555556,56.01182222222222,14.5616,0.0,40.0,0.0,0.0,37.0,0.0,0.0,35.666666666666664,0.0,0.4948246914850344
9100.0,6000.0,64.83342222222223,56.00391111111111,35.065777777777775,3.36,39.132,1.7066666666666668,0.0,37.0,0.0,0.0,35.693333333333335,0.0,0.0615398594230614
9100.0,6600.0,12.770577777777778,56.01173333333333,23.369155555555555,0.0,39.8244,0.0,0.0,37.0,0.0,0.0,35.96017777777778,0.0,0.0565996977579518
9100.0,7200.0,8.479333333333333,55.99751111111111,25.7608,0.0533333333333333,39.50666666666667,1.7066666666666668,0.0,37.02408888888889,0.0,0.0,36.0,0.0,0.0401044965902261
9100.0,7800.0,62.04955555555556,56.01191111111111,31.826933333333333,4.802133333333333,40.08471111111111,3.640888888888889,0.3192888888888889,38.0,0.3185777777777778,3.543111111111111,36.30515555555556,2.56,0.089211073892723
9100.0,8400.0,23.36835555555556,56.01217777777778,17.54088888888889,3.36,40.086666666666666,1.7066666666666668,1.5610666666666666,38.0,2.594133333333333,0.0,36.06133333333333,0.0,0.0101030661171164
9100.0,9000.0,12.448977777777776,56.01217777777778,35.63431111111111,0.0,40.0,0.0,4.758133333333333,36.8396,2.5258666666666665,5.507688888888889,33.903777777777776,2.924088888888889,0.3179987879845958
9100.0,9600.0,33.2928,55.672488888888886,18.98768888888889,15.684222222222225,36.833466666666666,8.386044444444444,13.175333333333333,31.98884444444445,7.179288888888889,10.700177777777778,28.576044444444445,5.949866666666667,1.7221075145101898
9100.0,10200.0,17.6352,37.00391111111111,14.187644444444445,8.646,22.98293333333333,5.016044444444445,8.720044444444444,20.888844444444445,4.7672888888888885,7.467866666666667,19.60328888888889,4.1296,0.1183347370026879
9950.0,1800.0,66.60008888888889,37.37533333333333,35.63431111111111,2.6936,24.37155555555556,3.5726222222222224,0.1125333333333333,21.24253333333333,3.663644444444445,0.1317777777777777,18.510177777777777,4.289422222222222,0.8989972346326157
9950.0,2400.0,13.653155555555555,55.66582222222223,17.54088888888889,0.0,34.973644444444446,0.0,0.0533333333333333,29.49577777777778,1.7066666666666668,0.0720888888888888,25.16191111111111,2.321066666666667,0.2131908349263177
9950.0,3000.0,10.513022222222222,55.99902222222222,31.95235555555556,0.0,37.495777777777775,0.0,0.0,32.15,0.0,0.0,28.172444444444444,0.0,0.0746277989410221
9950.0,3600.0,47.76893333333334,55.327822222222224,25.7608,0.0,34.58791111111111,0.0,0.0,30.546488888888888,0.0,0.0,27.98284444444445,0.0,0.8354039253184653
9950.0,4200.0,38.95084444444444,55.32551111111111,23.369155555555555,0.0,33.166533333333334,0.0,0.0,28.771466666666665,0.0,0.0,26.878888888888888,0.0,0.5238545109173459
9950.0,5400.0,15.174755555555556,54.68115555555556,14.5616,0.0,30.955466666666663,0.0,0.0,27.42,0.0,0.0,26.046666666666667,0.0,0.3846337852366939
9950.0,6600.0,12.770577777777778,55.33875555555556,23.369155555555555,0.0,34.24186666666667,0.0,0.0,30.11577777777778,0.0,0.0,27.66253333333333,0.0,0.6089939410351172
9950.0,7200.0,8.479333333333333,56.00364444444445,25.7608,0.0533333333333333,37.446666666666665,1.7066666666666668,0.0,32.1424,0.0,0.0,28.65204444444445,0.0,0.2013624430139245
9950.0,7800.0,62.04955555555556,56.00364444444445,31.826933333333333,4.802133333333333,37.446666666666665,3.640888888888889,0.3192888888888889,32.18031111111111,0.3185777777777778,3.543111111111111,28.48791111111111,2.56,0.2775911940329411
9950.0,8400.0,23.36835555555556,55.66568888888889,17.54088888888889,3.36,34.71088888888889,1.7066666666666668,1.5610666666666666,29.784,2.594133333333333,0.0,26.81093333333333,0.0,0.4906597376171743
9950.0,9000.0,12.448977777777776,37.7356,35.63431111111111,0.0,26.54577777777778,0.0,4.758133333333333,25.223466666666667,2.5258666666666665,5.507688888888889,23.457244444444445,2.924088888888889,1.56677440580881
9950.0,9600.0,33.2928,37.02044444444444,18.98768888888889,15.684222222222225,22.02751111111111,8.386044444444444,13.175333333333333,20.012977777777778,7.179288888888889,10.700177777777778,18.61373333333333,5.949866666666667,1.264003312927525
10800.0,3000.0,10.513022222222222,35.96995555555556,31.95235555555556,0.0,16.8416,0.0,0.0,15.261466666666667,0.0,0.0,14.609022222222222,0.0,0.0076357847012823
850.0,1800.0,66.60008888888889,37.02248888888889,35.63431111111111,2.6936,23.129022222222225,3.5726222222222224,0.1125333333333333,21.71337777777778,3.663644444444445,0.1317777777777777,20.324,4.289422222222222,1.5105529835954394
850.0,2400.0,13.653155555555555,55.66568888888889,17.54088888888889,0.0,34.58915555555556,0.0,0.0533333333333333,29.09733333333333,1.7066666666666668,0.0720888888888888,25.75733333333333,2.321066666666667,1.2094624473643494
850.0,3000.0,10.513022222222222,56.00364444444445,31.95235555555556,0.0,37.446666666666665,0.0,0.0,32.24,0.0,0.0,28.676044444444443,0.0,0.0594799587480253
850.0,3600.0,47.76893333333334,56.00364444444445,25.7608,0.0,37.67333333333333,0.0,0.0,32.78,0.0,0.0,29.82,0.0,0.0117071547586125
850.0,4200.0,38.95084444444444,56.00364444444445,23.369155555555555,0.0,37.67333333333333,0.0,0.0,32.78,0.0,0.0,29.82,0.0,0.0398637160542447
850.0,4800.0,13.74008888888889,56.00364444444445,35.065777777777775,0.0533333333333333,37.67333333333333,1.7066666666666668,0.0,32.78,0.0,0.0,29.82,0.0,0.1887251449654074
850.0,5400.0,15.174755555555556,56.00364444444445,14.5616,0.0,37.67333333333333,0.0,0.0,32.78,0.0,0.0,30.106666666666666,0.0,0.0217834924966899
850.0,6000.0,64.83342222222223,56.00364444444445,35.065777777777775,3.36,37.67333333333333,1.7066666666666668,0.0,32.78,0.0,0.0,29.82,0.0,0.2757954529055311
850.0,6600.0,12.770577777777778,56.00364444444445,23.369155555555555,0.0,37.67333333333333,0.0,0.0,32.78,0.0,0.0,29.82,0.0,0.1566135082558667
850.0,7200.0,8.479333333333333,56.00364444444445,25.7608,0.0533333333333333,37.67333333333333,1.7066666666666668,0.0,32.78,0.0,0.0,29.816977777777776,0.0,0.2586046085684918
850.0,7800.0,62.04955555555556,56.00364444444445,31.826933333333333,4.802133333333333,37.446666666666665,3.640888888888889,0.3192888888888889,32.19315555555556,0.3185777777777778,3.543111111111111,28.63573333333333,2.56,1.3909579222602029
850.0,8400.0,23.36835555555556,55.33875555555556,17.54088888888889,3.36,34.019244444444446,1.7066666666666668,1.5610666666666666,28.860222222222223,2.594133333333333,0.0,25.606844444444445,0.0,1.1669403997858394
1700.0,1200.0,4.566088888888889,55.00635555555556,34.55297777777778,0.4214666666666666,32.306177777777776,13.755422222222222,0.2710666666666667,27.125822222222222,8.829377777777777,0.2003555555555555,24.56297777777778,6.542222222222223,1.6277867944944986
1700.0,1800.0,66.60008888888889,56.01191111111111,35.63431111111111,2.6936,39.70528888888889,3.5726222222222224,0.1125333333333333,35.11933333333333,3.663644444444445,0.1317777777777777,31.826622222222223,4.289422222222222,0.1828813046062944
1700.0,2400.0,13.653155555555555,56.01217777777778,17.54088888888889,0.0,40.086666666666666,0.0,0.0533333333333333,38.00631111111111,1.7066666666666668,0.0720888888888888,35.828177777777775,2.321066666666667,0.0453946703522
1700.0,3000.0,10.513022222222222,56.01217777777778,31.95235555555556,0.0,40.82,0.0,0.0,39.0,0.0,0.0,37.55862222222222,0.0,0.0434537535266065
1700.0,3600.0,47.76893333333334,56.01217777777778,25.7608,0.0,40.82,0.0,0.0,39.0,0.0,0.0,38.0,0.0,0.0306156320479212
1700.0,4200.0,38.95084444444444,56.01217777777778,23.369155555555555,0.0,40.82,0.0,0.0,39.0,0.0,0.0,38.0,0.0,0.0622996917113932
1700.0,4800.0,13.74008888888889,56.01217777777778,35.065777777777775,0.0533333333333333,40.82,1.7066666666666668,0.0,39.0,0.0,0.0,38.086666666666666,0.0,0.0128484208327222
1700.0,5400.0,15.174755555555556,56.01217777777778,14.5616,0.0,40.82,0.0,0.0,39.0,0.0,0.0,38.086666666666666,0.0,0.0481320406858201
1700.0,6000.0,64.83342222222223,56.01217777777778,35.065777777777775,3.36,40.82,1.7066666666666668,0.0,39.0,0.0,0.0,38.062044444444446,0.0,0.0209160717186702
1700.0,6600.0,12.770577777777778,56.01217777777778,23.369155555555555,0.0,40.82,0.0,0.0,39.0,0.0,0.0,38.0,0.0,0.1025135023073263
1700.0,7200.0,8.479333333333333,56.01217777777778,25.7608,0.0533333333333333,40.82,1.7066666666666668,0.0,39.0,0.0,0.0,38.0,0.0,0.004717021030787
1700.0,7800.0,62.04955555555556,56.01217777777778,31.826933333333333,4.802133333333333,40.18,3.640888888888889,0.3192888888888889,39.0,0.3185777777777778,3.543111111111111,37.138133333333336,2.56,0.3031446326774101
1700.0,8400.0,23.36835555555556,56.01191111111111,17.54088888888889,3.36,40.0,1.7066666666666668,1.5610666666666666,37.736133333333335,2.594133333333333,0.0,35.12764444444444,0.0,0.0747103131718608
1700.0,9000.0,12.448977777777776,56.00373333333334,35.63431111111111,0.0,38.709155555555554,0.0,4.758133333333333,33.66804444444445,2.5258666666666665,5.507688888888889,29.990088888888888,2.924088888888889,0.0548847030261319
1700.0,9600.0,33.2928,54.99142222222222,18.98768888888889,15.684222222222225,30.559866666666668,8.386044444444444,13.175333333333333,23.74231111111111,7.179288888888889,10.700177777777778,21.04737777777778,5.949866666666667,1.251949586944004
2550.0,600.0,0.0,54.99155555555556,0.0,0.0125777777777777,30.86404444444445,0.3982222222222222,0.084,25.35217777777778,2.7306666666666666,0.1054222222222222,22.262533333333334,3.2893777777777777,2.3533196316566056
2550.0,1200.0,4.566088888888889,56.01191111111111,34.55297777777778,0.4214666666666666,39.86813333333333,13.755422222222222,0.2710666666666667,36.05555555555556,8.829377777777777,0.2003555555555555,31.80173333333333,6.542222222222223,0.2269954217873609
2550.0,1800.0,66.60008888888889,56.01217777777778,35.63431111111111,2.6936,40.09333333333333,3.5726222222222224,0.1125333333333333,39.61302222222222,3.663644444444445,0.1317777777777777,36.96897777777778,4.289422222222222,0.1571144500453234
2550.0,2400.0,13.653155555555555,56.01217777777778,17.54088888888889,0.0,40.82,0.0,0.0533333333333333,40.0,1.7066666666666668,0.0720888888888888,39.0,2.321066666666667,0.0243156359298772
2550.0,3000.0,10.513022222222222,56.01217777777778,31.95235555555556,0.0,40.82,0.0,0.0,40.0,0.0,0.0,39.0,0.0,0.0427445915390247
2550.0,3600.0,47.76893333333334,56.01217777777778,25.7608,0.0,40.82,0.0,0.0,40.0,0.0,0.0,39.0,0.0,0.1308957562289923
2550.0,4200.0,38.95084444444444,56.01217777777778,23.369155555555555,0.0,40.82,0.0,0.0,40.0,0.0,0.0,39.25866666666667,0.0,0.0544163360557943
2550.0,4800.0,13.74008888888889,56.01217777777778,35.065777777777775,0.0533333333333333,40.82,1.7066666666666668,0.0,40.0,0.0,0.0,40.0,0.0,0.0083493590611741
2550.0,5400.0,15.174755555555556,56.01217777777778,14.5616,0.0,40.82,0.0,0.0,40.0,0.0,0.0,40.0,0.0,0.0143811763669834
2550.0,6000.0,64.83342222222223,56.01217777777778,35.065777777777775,3.36,40.82,1.7066666666666668,0.0,40.0,0.0,0.0,40.0,0.0,0.1845386983361438
2550.0,6600.0,12.770577777777778,56.01217777777778,23.369155555555555,0.0,40.82,0.0,0.0,40.0,0.0,0.0,39.0,0.0,0.1509466002373883
2550.0,7200.0,8.479333333333333,56.01217777777778,25.7608,0.0533333333333333,40.82,1.7066666666666668,0.0,40.0,0.0,0.0,39.0,0.0,0.0397940998368925
2550.0,7800.0,62.04955555555556,56.01217777777778,31.826933333333333,4.802133333333333,40.82,3.640888888888889,0.3192888888888889,40.0,0.3185777777777778,3.543111111111111,39.0,2.56,0.3398414267541783
2550.0,8400.0,23.36835555555556,56.01217777777778,17.54088888888889,3.36,40.82,1.7066666666666668,1.5610666666666666,40.0,2.594133333333333,0.0,38.0,0.0,0.0394847989000253
2550.0,9000.0,12.448977777777776,56.01217777777778,35.63431111111111,0.0,40.056622222222224,0.0,4.758133333333333,37.59866666666667,2.5258666666666665,5.507688888888889,33.85146666666667,2.924088888888889,0.3907782749674199
2550.0,9600.0,33.2928,54.99986666666667,18.98768888888889,15.684222222222225,32.24404444444444,8.386044444444444,13.175333333333333,27.983644444444444,7.179288888888889,10.700177777777778,24.844755555555555,5.949866666666667,2.1936868310899813
3400.0,600.0,0.0,54.99986666666667,0.0,0.0125777777777777,32.18262222222222,0.3982222222222222,0.084,27.886666666666667,2.7306666666666666,0.1054222222222222,25.551288888888887,3.2893777777777777,1.1687544675973331
3400.0,1200.0,4.566088888888889,56.01217777777778,34.55297777777778,0.4214666666666666,40.05911111111111,13.755422222222222,0.2710666666666667,37.66,8.829377777777777,0.2003555555555555,34.70506666666667,6.542222222222223,0.0215591254409627
3400.0,1800.0,66.60008888888889,56.01217777777778,35.63431111111111,2.6936,40.82,3.5726222222222224,0.1125333333333333,40.0,3.663644444444445,0.1317777777777777,39.0,4.289422222222222,0.0299472504995547
3400.0,2400.0,13.653155555555555,56.01217777777778,17.54088888888889,0.0,40.82,0.0,0.0533333333333333,40.0,1.7066666666666668,0.0720888888888888,40.0,2.321066666666667,0.0300965982840635
3400.0,3000.0,10.513022222222222,56.01217777777778,31.95235555555556,0.0,40.82,0.0,0.0,40.0,0.0,0.0,40.0,0.0,0.062571090379447
3400.0,3600.0,47.76893333333334,56.01217777777778,25.7608,0.0,40.82,0.0,0.0,40.0,0.0,0.0,40.0,0.0,0.2287531803555488
3400.0,4200.0,38.95084444444444,56.01217777777778,23.369155555555555,0.0,40.82,0.0,0.0,40.0,0.0,0.0,40.0,0.0,0.0438432137353869
3400.0,4800.0,13.74008888888889,56.01217777777778,35.065777777777775,0.0533333333333333,40.82,1.7066666666666668,0.0,40.0,0.0,0.0,40.0,0.0,0.159597036224949
3400.0,5400.0,15.174755555555556,56.01217777777778,14.5616,0.0,40.82,0.0,0.0,40.0,0.0,0.0,40.0,0.0,0.1975069601673851
3400.0,6000.0,64.83342222222223,56.01217777777778,35.065777777777775,3.36,40.82,1.7066666666666668,0.0,40.0,0.0,0.0,40.0,0.0,0.0391538857315369
3400.0,6600.0,12.770577777777778,56.01217777777778,23.369155555555555,0.0,40.82,0.0,0.0,40.0,0.0,0.0,40.0,0.0,0.0978143043509391
3400.0,7200.0,8.479333333333333,56.01217777777778,25.7608,0.0533333333333333,40.82,1.7066666666666668,0.0,40.0,0.0,0.0,40.0,0.0,0.0944224102401965
3400.0,7800.0,62.04955555555556,56.01217777777778,31.826933333333333,4.802133333333333,40.82,3.640888888888889,0.3192888888888889,40.0,0.3185777777777778,3.543111111111111,40.0,2.56,0.0175776680819545
3400.0,8400.0,23.36835555555556,56.01217777777778,17.54088888888889,3.36,40.82,1.7066666666666668,1.5610666666666666,40.0,2.594133333333333,0.0,39.0,0.0,0.2421118201016674
3400.0,9000.0,12.448977777777776,56.01217777777778,35.63431111111111,0.0,40.06097777777778,0.0,4.758133333333333,37.74,2.5258666666666665,5.507688888888889,35.22666666666667,2.924088888888889,0.3047663194208239
3400.0,9600.0,33.2928,54.99986666666667,18.98768888888889,15.684222222222225,32.245955555555554,8.386044444444444,13.175333333333333,28.19333333333333,7.179288888888889,10.700177777777778,26.186666666666667,5.949866666666667,2.1289747806213857
4250.0,600.0,0.0,54.99986666666667,0.0,0.0125777777777777,32.16093333333333,0.3982222222222222,0.084,27.677511111111112,2.7306666666666666,0.1054222222222222,25.165066666666668,3.2893777777777777,1.5590094086654602
4250.0,1200.0,4.566088888888889,56.01217777777778,34.55297777777778,0.4214666666666666,40.0504,13.755422222222222,0.2710666666666667,37.56373333333333,8.829377777777777,0.2003555555555555,34.482933333333335,6.542222222222223,0.0861004007502193
4250.0,1800.0,66.60008888888889,56.01217777777778,35.63431111111111,2.6936,40.82,3.5726222222222224,0.1125333333333333,40.0,3.663644444444445,0.1317777777777777,38.8344,4.289422222222222,0.012615035824753
4250.0,2400.0,13.653155555555555,56.01217777777778,17.54088888888889,0.0,40.82,0.0,0.0533333333333333,40.0,1.7066666666666668,0.0720888888888888,40.0,2.321066666666667,0.0138532424430219
4250.0,3000.0,10.513022222222222,56.01217777777778,31.95235555555556,0.0,40.82,0.0,0.0,40.0,0.0,0.0,40.0,0.0,0.1319637399391466
4250.0,3600.0,47.76893333333334,56.01217777777778,25.7608,0.0,40.82,0.0,0.0,40.0,0.0,0.0,40.0,0.0,0.219119939124257
4250.0,4200.0,38.95084444444444,56.01217777777778,23.369155555555555,0.0,40.82,0.0,0.0,40.0,0.0,0.0,40.0,0.0,0.0359707444326168
4250.0,4800.0,13.74008888888889,56.01217777777778,35.065777777777775,0.0533333333333333,40.82,1.7066666666666668,0.0,40.0,0.0,0.0,40.0,0.0,0.0479912677627835
4250.0,5400.0,15.174755555555556,56.01217777777778,14.5616,0.0,40.82,0.0,0.0,40.0,0.0,0.0,40.0,0.0,0.0515530792971179
4250.0,6000.0,64.83342222222223,56.01217777777778,35.065777777777775,3.36,40.82,1.7066666666666668,0.0,40.0,0.0,0.0,40.0,0.0,0.042195923631936
4250.0,6600.0,12.770577777777778,56.01217777777778,23.369155555555555,0.0,40.82,0.0,0.0,40.0,0.0,0.0,40.0,0.0,0.0623424932549384
4250.0,7200.0,8.479333333333333,56.01217777777778,25.7608,0.0533333333333333,40.82,1.7066666666666668,0.0,40.0,0.0,0.0,40.0,0.0,0.0076010902238781
4250.0,7800.0,62.04955555555556,56.01217777777778,31.826933333333333,4.802133333333333,40.82,3.640888888888889,0.3192888888888889,40.0,0.3185777777777778,3.543111111111111,40.0,2.56,0.0098096894705294
4250.0,8400.0,23.36835555555556,56.01217777777778,17.54088888888889,3.36,40.82,1.7066666666666668,1.5610666666666666,40.0,2.594133333333333,0.0,39.0,0.0,0.202118693602938
4250.0,9000.0,12.448977777777776,56.01217777777778,35.63431111111111,0.0,40.06097777777778,0.0,4.758133333333333,37.74,2.5258666666666665,5.507688888888889,35.22666666666667,2.924088888888889,0.0091486933076421
4250.0,9600.0,33.2928,54.99986666666667,18.98768888888889,15.684222222222225,32.245955555555554,8.386044444444444,13.175333333333333,28.19333333333333,7.179288888888889,10.700177777777778,26.186666666666667,5.949866666666667,2.1710741230567483
5100.0,600.0,0.0,54.31764444444445,0.0,0.0125777777777777,27.79071111111111,0.3982222222222222,0.084,23.3064,2.7306666666666666,0.1054222222222222,21.63897777777778,3.2893777777777777,0.1027765112821507
5100.0,1200.0,4.566088888888889,55.999155555555554,34.55297777777778,0.4214666666666666,38.67884444444445,13.755422222222222,0.2710666666666667,34.73266666666667,8.829377777777777,0.2003555555555555,31.42031111111111,6.542222222222223,0.4237603472162773
5100.0,1800.0,66.60008888888889,56.01217777777778,35.63431111111111,2.6936,40.09333333333333,3.5726222222222224,0.1125333333333333,38.99688888888889,3.663644444444445,0.1317777777777777,36.70351111111111,4.289422222222222,0.2084484234312481
5100.0,2400.0,13.653155555555555,56.01191111111111,17.54088888888889,0.0,40.07333333333333,0.0,0.0533333333333333,39.0,1.7066666666666668,0.0720888888888888,38.0,2.321066666666667,0.125895144192297
5100.0,3000.0,10.513022222222222,55.99751111111111,31.95235555555556,0.0,39.50666666666667,0.0,0.0,38.52,0.0,0.0,38.54,0.0,0.2076700969036967
5100.0,3600.0,47.76893333333334,56.01191111111111,25.7608,0.0,40.092533333333336,0.0,0.0,39.0,0.0,0.0,39.0,0.0,0.0031561263846231
5100.0,4200.0,38.95084444444444,56.01217777777778,23.369155555555555,0.0,40.272533333333335,0.0,0.0,40.0,0.0,0.0,40.0,0.0,0.0403266424219511
5100.0,4800.0,13.74008888888889,56.01217777777778,35.065777777777775,0.0533333333333333,40.82,1.7066666666666668,0.0,40.0,0.0,0.0,40.0,0.0,0.00737778469459
5100.0,5400.0,15.174755555555556,56.01217777777778,14.5616,0.0,40.82,0.0,0.0,40.0,0.0,0.0,40.0,0.0,0.0359231827323102
5100.0,6000.0,64.83342222222223,56.01217777777778,35.065777777777775,3.36,40.82,1.7066666666666668,0.0,40.0,0.0,0.0,40.0,0.0,0.0512944725840324
5100.0,6600.0,12.770577777777778,56.01217777777778,23.369155555555555,0.0,40.82,0.0,0.0,40.0,0.0,0.0,40.0,0.0,0.0355029679499078
5100.0,7200.0,8.479333333333333,56.01217777777778,25.7608,0.0533333333333333,40.82,1.7066666666666668,0.0,40.0,0.0,0.0,40.0,0.0,0.0870435969730108
5100.0,7800.0,62.04955555555556,56.01217777777778,31.826933333333333,4.802133333333333,40.82,3.640888888888889,0.3192888888888889,40.0,0.3185777777777778,3.543111111111111,40.0,2.56,0.0309091265101106
5100.0,8400.0,23.36835555555556,56.01217777777778,17.54088888888889,3.36,40.82,1.7066666666666668,1.5610666666666666,40.0,2.594133333333333,0.0,39.0,0.0,0.2904973231089717
5100.0,9000.0,12.448977777777776,56.01217777777778,35.63431111111111,0.0,40.06097777777778,0.0,4.758133333333333,37.74,2.5258666666666665,5.507688888888889,35.22666666666667,2.924088888888889,0.0127011002809133
5100.0,9600.0,33.2928,54.99986666666667,18.98768888888889,15.684222222222225,32.245955555555554,8.386044444444444,13.175333333333333,28.19333333333333,7.179288888888889,10.700177777777778,26.186666666666667,5.949866666666667,2.555528564911743
5950.0,1200.0,4.566088888888889,54.99102222222222,34.55297777777778,0.4214666666666666,31.54911111111111,13.755422222222222,0.2710666666666667,27.624311111111112,8.829377777777777,0.2003555555555555,25.620933333333333,6.542222222222223,0.2462070920998745
5950.0,1800.0,66.60008888888889,55.336533333333335,35.63431111111111,2.6936,36.824577777777776,3.5726222222222224,0.1125333333333333,34.541866666666664,3.663644444444445,0.1317777777777777,32.48733333333333,4.289422222222222,0.4143255618077992
5950.0,2400.0,13.653155555555555,55.33351111111112,17.54088888888889,0.0,36.104,0.0,0.0533333333333333,35.52448888888889,1.7066666666666668,0.0720888888888888,35.50382222222222,2.321066666666667,0.3842555844494236
5950.0,3600.0,47.76893333333334,55.346577777777775,25.7608,0.0,37.211777777777776,0.0,0.0,37.38933333333333,0.0,0.0,38.0,0.0,0.0102008300692797
5950.0,4200.0,38.95084444444444,56.01217777777778,23.369155555555555,0.0,40.09333333333333,0.0,0.0,39.664,0.0,0.0,39.0,0.0,0.0011701695720015
5950.0,4800.0,13.74008888888889,56.01217777777778,35.065777777777775,0.0533333333333333,40.82,1.7066666666666668,0.0,40.0,0.0,0.0,40.0,0.0,0.2263515657692685
5950.0,5400.0,15.174755555555556,56.01217777777778,14.5616,0.0,40.82,0.0,0.0,40.0,0.0,0.0,40.0,0.0,0.0117186953745181
5950.0,6000.0,64.83342222222223,56.01217777777778,35.065777777777775,3.36,40.82,1.7066666666666668,0.0,40.0,0.0,0.0,40.0,0.0,0.0807256333695898
5950.0,6600.0,12.770577777777778,56.01217777777778,23.369155555555555,0.0,40.82,0.0,0.0,40.0,0.0,0.0,40.0,0.0,0.0761597994385439
5950.0,7200.0,8.479333333333333,56.01217777777778,25.7608,0.0533333333333333,40.82,1.7066666666666668,0.0,40.0,0.0,0.0,40.0,0.0,0.3516238743242378
5950.0,7800.0,62.04955555555556,56.01217777777778,31.826933333333333,4.802133333333333,40.82,3.640888888888889,0.3192888888888889,40.0,0.3185777777777778,3.543111111111111,40.0,2.56,0.1249492051721622
5950.0,8400.0,23.36835555555556,56.01217777777778,17.54088888888889,3.36,40.82,1.7066666666666668,1.5610666666666666,40.0,2.594133333333333,0.0,39.0,0.0,0.0117674060645636
5950.0,9000.0,12.448977777777776,56.01217777777778,35.63431111111111,0.0,40.06097777777778,0.0,4.758133333333333,37.773377777777775,2.5258666666666665,5.507688888888889,35.464533333333335,2.924088888888889,0.0421770577398169
5950.0,9600.0,33.2928,54.99986666666667,18.98768888888889,15.684222222222225,32.245955555555554,8.386044444444444,13.175333333333333,28.375422222222223,7.179288888888889,10.700177777777778,26.80591111111111,5.949866666666667,1.7327731845005032
6800.0,1200.0,4.566088888888889,53.98177777777778,34.55297777777778,0.4214666666666666,24.772266666666667,13.755422222222222,0.2710666666666667,19.94328888888889,8.829377777777777,0.2003555555555555,19.113822222222225,6.542222222222223,0.842454889627434
6800.0,1800.0,66.60008888888889,38.04502222222222,35.63431111111111,2.6936,29.4876,3.5726222222222224,0.1125333333333333,28.9168,3.663644444444445,0.1317777777777777,27.60311111111111,4.289422222222222,0.916763329509638
6800.0,2400.0,13.653155555555555,55.672222222222224,17.54088888888889,0.0,36.94195555555556,0.0,0.0533333333333333,34.76173333333333,1.7066666666666668,0.0720888888888888,33.56293333333333,2.321066666666667,0.2122941940277335
6800.0,3000.0,10.513022222222222,56.00391111111111,31.95235555555556,0.0,39.00626666666667,0.0,0.0,37.766666666666666,0.0,0.0,37.0,0.0,0.3614116880771796
6800.0,3600.0,47.76893333333334,56.01191111111111,25.7608,0.0,40.0,0.0,0.0,39.0,0.0,0.0,38.96368888888889,0.0,0.0143647849729658
6800.0,4200.0,38.95084444444444,56.01217777777778,23.369155555555555,0.0,40.18222222222222,0.0,0.0,40.0,0.0,0.0,40.0,0.0,0.275075915467336
6800.0,4800.0,13.74008888888889,56.01217777777778,35.065777777777775,0.0533333333333333,40.82,1.7066666666666668,0.0,40.0,0.0,0.0,40.0,0.0,0.0355228395076451
6800.0,5400.0,15.174755555555556,56.01217777777778,14.5616,0.0,40.82,0.0,0.0,40.0,0.0,0.0,40.0,0.0,0.0214498227763005
6800.0,6000.0,64.83342222222223,56.01217777777778,35.065777777777775,3.36,40.82,1.7066666666666668,0.0,40.0,0.0,0.0,40.0,0.0,0.4817316758740818
6800.0,6600.0,12.770577777777778,56.01217777777778,23.369155555555555,0.0,40.76,0.0,0.0,40.0,0.0,0.0,40.0,0.0,0.015958154185115
6800.0,7200.0,8.479333333333333,56.01217777777778,25.7608,0.0533333333333333,40.76,1.7066666666666668,0.0,40.0,0.0,0.0,40.0,0.0,0.0575704573645151
6800.0,7800.0,62.04955555555556,56.01217777777778,31.826933333333333,4.802133333333333,40.76,3.640888888888889,0.3192888888888889,40.0,0.3185777777777778,3.543111111111111,40.0,2.56,0.0019998244221812
6800.0,8400.0,23.36835555555556,56.01217777777778,17.54088888888889,3.36,40.82,1.7066666666666668,1.5610666666666666,40.0,2.594133333333333,0.0,39.0,0.0,0.0150041453284224
6800.0,9000.0,12.448977777777776,56.01217777777778,35.63431111111111,0.0,40.07297777777778,0.0,4.758133333333333,38.43662222222222,2.5258666666666665,5.507688888888889,36.49133333333333,2.924088888888889,0.0375886025695775
6800.0,9600.0,33.2928,55.01444444444444,18.98768888888889,15.684222222222225,33.70013333333333,8.386044444444444,13.175333333333333,30.99848888888889,7.179288888888889,10.700177777777778,29.265866666666668,5.949866666666667,1.9860711151028048
7650.0,2400.0,13.653155555555555,55.34644444444445,17.54088888888889,0.0,36.434577777777776,0.0,0.0533333333333333,33.84724444444444,1.7066666666666668,0.0720888888888888,32.08284444444445,2.321066666666667,0.5249049068471029
7650.0,3000.0,10.513022222222222,56.01217777777778,31.95235555555556,0.0,40.09048888888889,0.0,0.0,39.0,0.0,0.0,37.12835555555556,0.0,0.049934133567728
7650.0,3600.0,47.76893333333334,56.01217777777778,25.7608,0.0,40.82,0.0,0.0,40.0,0.0,0.0,39.0,0.0,0.2970001295365287
7650.0,4200.0,38.95084444444444,56.01217777777778,23.369155555555555,0.0,40.82,0.0,0.0,40.0,0.0,0.0,40.0,0.0,0.2775310520581373
7650.0,4800.0,13.74008888888889,56.01217777777778,35.065777777777775,0.0533333333333333,40.82,1.7066666666666668,0.0,40.0,0.0,0.0,40.0,0.0,0.0289584927025933
7650.0,5400.0,15.174755555555556,56.01217777777778,14.5616,0.0,40.82,0.0,0.0,40.0,0.0,0.0,40.0,0.0,0.0
7650.0,6000.0,64.83342222222223,56.01217777777778,35.065777777777775,3.36,40.09333333333333,1.7066666666666668,0.0,40.0,0.0,0.0,39.71271111111111,0.0,0.0064239608776057
7650.0,6600.0,12.770577777777778,55.99924444444444,23.369155555555555,0.0,39.39,0.0,0.0,38.550577777777775,0.0,0.0,38.99253333333333,0.0,0.0327132368733838
7650.0,7200.0,8.479333333333333,55.336533333333335,25.7608,0.0533333333333333,37.21333333333333,1.7066666666666668,0.0,37.50666666666667,0.0,0.0,38.0,0.0,0.2411066699067257
7650.0,7800.0,62.04955555555556,55.99924444444444,31.826933333333333,4.802133333333333,39.39,3.640888888888889,0.3192888888888889,38.54791111111111,0.3185777777777778,3.543111111111111,39.0,2.56,0.0146880180828622
7650.0,8400.0,23.36835555555556,56.01217777777778,17.54088888888889,3.36,40.09333333333333,1.7066666666666668,1.5610666666666666,40.0,2.594133333333333,0.0,39.0,0.0,0.3051055839459168
7650.0,9000.0,12.448977777777776,56.01217777777778,35.63431111111111,0.0,40.09333333333333,0.0,4.758133333333333,39.7396,2.5258666666666665,5.507688888888889,37.96746666666667,2.924088888888889,0.2932200814282716
7650.0,9600.0,33.2928,56.01191111111111,18.98768888888889,15.684222222222225,39.87231111111111,8.386044444444444,13.175333333333333,36.160222222222224,7.179288888888889,10.700177777777778,32.738844444444446,5.949866666666667,0.4292345133021094
7650.0,10200.0,17.6352,54.99155555555556,14.187644444444445,8.646,30.90351111111111,5.016044444444445,8.720044444444444,25.41128888888889,4.7672888888888885,7.467866666666667,22.944977777777776,4.1296,1.1923724885023892
8500.0,2400.0,13.653155555555555,55.34653333333333,17.54088888888889,0.0,36.4896,0.0,0.0533333333333333,33.80591111111111,1.7066666666666668,0.0720888888888888,30.814711111111112,2.321066666666667,0.975768776958048
8500.0,3000.0,10.513022222222222,56.01191111111111,31.95235555555556,0.0,39.985866666666666,0.0,0.0,38.0,0.0,0.0,35.85351111111111,0.0,0.8545768317696922
8500.0,3600.0,47.76893333333334,55.99751111111111,25.7608,0.0,39.50666666666667,0.0,0.0,38.28,0.0,0.0,37.06697777777778,0.0,0.0215394216624256
8500.0,4200.0,38.95084444444444,56.01191111111111,23.369155555555555,0.0,40.07333333333333,0.0,0.0,39.0,0.0,0.0,37.973333333333336,0.0,0.0062292680374324
8500.0,4800.0,13.74008888888889,56.01217777777778,35.065777777777775,0.0533333333333333,40.272533333333335,1.7066666666666668,0.0,40.0,0.0,0.0,38.0,0.0,0.0151721353623628
8500.0,5400.0,15.174755555555556,56.01217777777778,14.5616,0.0,40.76,0.0,0.0,40.0,0.0,0.0,38.0,0.0,0.0258439912597037
8500.0,6000.0,64.83342222222223,56.01217777777778,35.065777777777775,3.36,40.07995555555556,1.7066666666666668,0.0,39.0384,0.0,0.0,38.0,0.0,0.0746601809774981
8500.0,6600.0,12.770577777777778,55.67262222222222,23.369155555555555,0.0,37.690444444444445,0.0,0.0,37.55804444444444,0.0,0.0,37.0,0.0,0.0361148115390718
8500.0,7200.0,8.479333333333333,38.06737777777778,25.7608,0.0533333333333333,32.418933333333335,1.7066666666666668,0.0,36.0,0.0,0.0,37.0,0.0,0.3076548602615571
8500.0,7800.0,62.04955555555556,55.67262222222222,31.826933333333333,4.802133333333333,37.702133333333336,3.640888888888889,0.3192888888888889,37.77173333333333,0.3185777777777778,3.543111111111111,37.04582222222222,2.56,0.2058861160626401
8500.0,8400.0,23.36835555555556,56.01217777777778,17.54088888888889,3.36,40.09333333333333,1.7066666666666668,1.5610666666666666,39.48111111111111,2.594133333333333,0.0,38.0,0.0,0.3176624437487911
8500.0,9000.0,12.448977777777776,56.01217777777778,35.63431111111111,0.0,40.26506666666667,0.0,4.758133333333333,39.39675555555556,2.5258666666666665,5.507688888888889,36.84213333333334,2.924088888888889,0.1170625611644924
8500.0,9600.0,33.2928,56.01191111111111,18.98768888888889,15.684222222222225,39.8616,8.386044444444444,13.175333333333333,36.412844444444445,7.179288888888889,10.700177777777778,32.031955555555555,5.949866666666667,0.4165987031391057
8500.0,10200.0,17.6352,54.98768888888889,14.187644444444445,8.646,31.126844444444444,5.016044444444445,8.720044444444444,26.0148,4.7672888888888885,7.467866666666667,22.70848888888889,4.1296,1.4419809608257332
9350.0,1800.0,66.60008888888889,54.98404444444444,35.63431111111111,2.6936,30.252488888888887,3.5726222222222224,0.1125333333333333,24.479066666666668,3.663644444444445,0.1317777777777777,21.662844444444445,4.289422222222222,0.3115440205798443
9350.0,2400.0,13.653155555555555,56.01164444444444,17.54088888888889,0.0,39.117466666666665,0.0,0.0533333333333333,33.98097777777778,1.7066666666666668,0.0720888888888888,29.695733333333333,2.321066666666667,0.1606207820523081
9350.0,3000.0,10.513022222222222,55.346577777777775,31.95235555555556,0.0,37.07431111111111,0.0,0.0,35.49702222222222,0.0,0.0,33.178444444444445,0.0,1.634477600058028
9350.0,4200.0,38.95084444444444,55.33351111111112,23.369155555555555,0.0,35.958533333333335,0.0,0.0,34.293644444444446,0.0,0.0,33.37493333333333,0.0,0.0412246134838565
9350.0,4800.0,13.74008888888889,55.336533333333335,35.065777777777775,0.0533333333333333,36.86666666666667,1.7066666666666668,0.0,34.952533333333335,0.0,0.0,33.532,0.0,0.1571315320061326
9350.0,5400.0,15.174755555555556,55.9864,14.5616,0.0,38.21866666666666,0.0,0.0,35.42666666666667,0.0,0.0,33.6,0.0,0.0184002685680083
9350.0,6000.0,64.83342222222223,55.336533333333335,35.065777777777775,3.36,37.053333333333335,1.7066666666666668,0.0,35.4944,0.0,0.0,33.85724444444445,0.0,0.0588223654204177
9350.0,6600.0,12.770577777777778,55.99924444444444,23.369155555555555,0.0,39.12991111111111,0.0,0.0,36.472,0.0,0.0,34.42711111111111,0.0,0.3132008440585487
9350.0,7200.0,8.479333333333333,56.01217777777778,25.7608,0.0533333333333333,39.833333333333336,1.7066666666666668,0.0,37.27195555555556,0.0,0.0,34.99155555555556,0.0,0.1524641025770904
9350.0,7800.0,62.04955555555556,56.01217777777778,31.826933333333333,4.802133333333333,39.873333333333335,3.640888888888889,0.3192888888888889,38.0,0.3185777777777778,3.543111111111111,35.266666666666666,2.56,0.1401734413348099
9350.0,8400.0,23.36835555555556,56.01191111111111,17.54088888888889,3.36,39.86933333333333,1.7066666666666668,1.5610666666666666,37.22182222222222,2.594133333333333,0.0,34.40195555555555,0.0,0.2177846884433553
9350.0,9000.0,12.448977777777776,55.9972,35.63431111111111,0.0,38.68257777777778,0.0,4.758133333333333,34.8016,2.5258666666666665,5.507688888888889,31.67595555555556,2.924088888888889,0.304359189529329
9350.0,9600.0,33.2928,55.32222222222222,18.98768888888889,15.684222222222225,34.19235555555556,8.386044444444444,13.175333333333333,29.300933333333333,7.179288888888889,10.700177777777778,26.206977777777777,5.949866666666667,2.307446888494848
10200.0,1200.0,4.566088888888889,35.7256,34.55297777777778,0.4214666666666666,12.851955555555556,13.755422222222222,0.2710666666666667,9.7608,8.829377777777777,0.2003555555555555,9.252933333333331,6.542222222222223,0.0
10200.0,2400.0,13.653155555555555,54.65582222222222,17.54088888888889,0.0,30.01568888888889,0.0,0.0533333333333333,25.24484444444445,1.7066666666666668,0.0720888888888888,21.9424,2.321066666666667,0.0135548338498041
10200.0,3000.0,10.513022222222222,55.9716,31.95235555555556,0.0,35.10262222222222,0.0,0.0,28.58755555555556,0.0,0.0,24.752488888888887,0.0,1.2876444371879896
10200.0,3600.0,47.76893333333334,55.30635555555556,25.7608,0.0,32.242666666666665,0.0,0.0,27.025288888888888,0.0,0.0,24.43013333333333,0.0,2.321573860718832
10200.0,4200.0,38.95084444444444,54.96897777777778,23.369155555555555,0.0,29.2824,0.0,0.0,24.483422222222224,0.0,0.0,23.04431111111111,0.0,1.3924727148007143
10200.0,4800.0,13.74008888888889,37.39048888888889,35.065777777777775,0.0533333333333333,24.116044444444444,1.7066666666666668,0.0,22.80213333333333,0.0,0.0,22.043377777777778,0.0,1.946641939762793
10200.0,5400.0,15.174755555555556,54.63511111111111,14.5616,0.0,26.906222222222222,0.0,0.0,22.593333333333334,0.0,0.0,21.80666666666667,0.0,2.707582858950132
10200.0,6000.0,64.83342222222223,37.39048888888889,35.065777777777775,3.36,24.146755555555558,1.7066666666666668,0.0,23.002222222222223,0.0,0.0,22.309955555555558,0.0,1.8744748331464889
10200.0,6600.0,12.770577777777778,54.96906666666667,23.369155555555555,0.0,29.61311111111111,0.0,0.0,25.102222222222224,0.0,0.0,23.403288888888888,0.0,2.4492172164772046
10200.0,7200.0,8.479333333333333,55.30222222222222,25.7608,0.0533333333333333,32.153333333333336,1.7066666666666668,0.0,27.00946666666667,0.0,0.0,24.3632,0.0,2.755385556955576
10200.0,7800.0,62.04955555555556,55.30222222222222,31.826933333333333,4.802133333333333,32.153333333333336,3.640888888888889,0.3192888888888889,26.895155555555554,0.3185777777777778,3.543111111111111,24.148355555555558,2.56,3.068888501028517
10200.0,8400.0,23.36835555555556,54.644577777777776,17.54088888888889,3.36,28.92093333333333,1.7066666666666668,1.5610666666666666,24.24795555555556,2.594133333333333,0.0,22.346577777777775,0.0,2.3385940138000283
10200.0,10200.0,17.6352,35.72551111111111,14.187644444444445,8.646,12.980977777777778,5.016044444444445,8.720044444444444,10.108666666666666,4.7672888888888885,7.467866666666667,9.879822222222222,4.1296,0.5281020405370614
